applicant_id,credit_score,annual_income,debt_to_income,employment_length_years,age,num_open_accounts,delinquencies_2yr,loan_amount_requested,zip_tier,protected_group,gender,loan_approved
APP100000,667,69100.0,0.377,3.2,61,7,2,28600.0,2,Group B,Male,1
APP100001,693,49000.0,0.407,0.2,43,10,1,21100.0,2,Group A,Male,1
APP100002,633,93600.0,0.339,5.1,21,4,0,9700.0,5,Group B,Female,0
APP100003,706,47500.0,0.317,3.7,32,3,0,39600.0,3,Group B,Male,0
APP100004,720,25500.0,0.113,1.3,31,3,0,10500.0,1,Group A,Male,1
APP100005,715,41100.0,0.349,7.1,34,5,1,25600.0,5,Group B,Male,0
APP100006,670,102700.0,0.406,12.4,30,7,1,22500.0,5,Group B,Female,0
APP100007,751,98000.0,0.334,3.1,47,5,0,27600.0,3,Group B,Female,0
APP100008,663,19800.0,0.254,1.1,44,2,0,17200.0,3,Group A,Female,1
APP100009,657,87500.0,0.155,5.0,60,4,0,21000.0,2,Group A,Female,1
APP100010,774,20400.0,0.39,5.7,36,4,1,12400.0,5,Group A,Female,1
APP100011,608,67300.0,0.344,2.0,43,11,0,23200.0,5,Group B,Female,0
APP100012,569,39000.0,0.493,2.3,50,4,1,6400.0,4,Group A,Male,0
APP100013,624,89400.0,0.181,10.4,53,3,0,29400.0,1,Group B,Female,0
APP100014,705,81300.0,0.288,8.6,26,8,1,39200.0,2,Group A,Male,0
APP100015,763,91500.0,0.195,4.3,46,9,2,27900.0,1,Group A,Male,1
APP100016,637,60900.0,0.453,2.8,43,5,0,1000.0,5,Group A,Male,0
APP100017,798,63400.0,0.476,5.1,45,5,0,13200.0,5,Group A,Female,1
APP100018,682,32000.0,0.551,1.8,42,5,0,26800.0,4,Group B,Female,0
APP100019,672,43300.0,0.397,11.1,62,10,0,7900.0,1,Group A,Female,1
APP100020,625,90800.0,0.427,2.7,30,6,0,5900.0,5,Group B,Female,0
APP100021,807,76800.0,0.388,2.3,30,4,0,19200.0,2,Group A,Female,1
APP100022,670,70500.0,0.403,7.8,31,2,1,13700.0,2,Group B,Male,1
APP100023,593,98300.0,0.345,1.2,38,5,0,13200.0,4,Group B,Female,0
APP100024,840,36800.0,0.408,1.8,45,7,0,5400.0,5,Group B,Female,0
APP100025,706,85300.0,0.575,0.4,36,5,0,33300.0,3,Group A,Female,1
APP100026,732,39700.0,0.364,1.9,53,5,0,9200.0,4,Group A,Male,1
APP100027,789,103500.0,0.343,1.1,41,6,0,14100.0,2,Group A,Male,1
APP100028,720,81100.0,0.362,0.4,40,7,1,21800.0,2,Group A,Female,0
APP100029,743,91100.0,0.324,1.1,25,4,1,15900.0,4,Group B,Male,0
APP100030,684,51200.0,0.367,1.4,63,5,2,13700.0,3,Group B,Male,1
APP100031,728,120400.0,0.32,0.6,40,5,2,26400.0,5,Group B,Male,1
APP100032,678,116000.0,0.466,0.1,61,9,0,21300.0,4,Group A,Male,0
APP100033,679,78300.0,0.455,2.1,34,6,0,20900.0,1,Group A,Male,1
APP100034,688,96200.0,0.578,15.2,51,1,0,14200.0,2,Group A,Female,1
APP100035,654,60800.0,0.337,1.8,34,10,1,6200.0,4,Group A,Female,1
APP100036,713,37600.0,0.372,4.5,63,5,0,28300.0,2,Group A,Female,1
APP100037,713,87100.0,0.367,0.1,54,4,1,11500.0,2,Group A,Male,0
APP100038,733,45900.0,0.362,0.2,51,10,1,5700.0,3,Group A,Male,0
APP100039,722,99400.0,0.464,1.8,32,8,0,14700.0,3,Group A,Male,1
APP100040,810,93100.0,0.161,8.2,64,4,0,17300.0,1,Group A,Male,1
APP100041,748,73600.0,0.391,1.8,65,4,0,5300.0,5,Group B,Male,1
APP100042,667,72300.0,0.56,2.2,36,5,0,13900.0,4,Group B,Female,0
APP100043,709,91700.0,0.49,18.4,43,6,0,17800.0,1,Group A,Female,1
APP100044,772,74600.0,0.477,3.2,52,8,1,6300.0,5,Group B,Female,1
APP100045,618,58300.0,0.433,14.7,21,3,0,28000.0,2,Group B,Male,0
APP100046,811,31700.0,0.274,2.8,55,3,0,6300.0,3,Group A,Male,1
APP100047,630,91000.0,0.258,12.0,53,4,0,23800.0,2,Group A,Male,0
APP100048,739,76800.0,0.258,2.6,34,7,0,19300.0,4,Group B,Male,1
APP100049,680,134100.0,0.215,1.0,21,6,1,40800.0,3,Group A,Male,0
APP100050,677,65700.0,0.444,4.4,45,6,1,18500.0,2,Group A,Male,0
APP100051,595,75200.0,0.502,13.8,27,6,0,5400.0,1,Group A,Female,1
APP100052,739,75800.0,0.388,6.5,22,7,0,6600.0,5,Group B,Female,0
APP100053,596,83600.0,0.429,4.2,45,2,1,15100.0,2,Group A,Male,0
APP100054,586,44800.0,0.372,2.2,57,9,1,1000.0,2,Group B,Male,0
APP100055,755,66100.0,0.403,1.0,38,4,0,5800.0,2,Group B,Male,0
APP100056,796,87900.0,0.107,13.7,55,5,0,23600.0,2,Group A,Male,1
APP100057,637,60000.0,0.375,12.2,49,3,0,37500.0,4,Group A,Female,1
APP100058,745,87000.0,0.293,4.7,25,7,0,17100.0,2,Group A,Female,1
APP100059,732,70300.0,0.336,4.1,34,7,0,8500.0,2,Group A,Female,1
APP100060,674,77600.0,0.365,3.4,54,4,0,27300.0,1,Group A,Female,1
APP100061,767,95600.0,0.261,18.7,34,4,0,29700.0,3,Group A,Male,1
APP100062,669,62500.0,0.222,7.6,51,9,0,13900.0,3,Group A,Male,1
APP100063,714,33200.0,0.258,9.2,36,2,0,23600.0,3,Group B,Male,1
APP100064,599,61600.0,0.181,18.7,50,7,0,29800.0,2,Group A,Male,0
APP100065,601,48200.0,0.213,0.2,46,1,0,21000.0,2,Group A,Female,0
APP100066,756,18000.0,0.228,14.1,38,6,1,11800.0,1,Group A,Male,0
APP100067,716,65400.0,0.182,10.7,49,6,2,13300.0,5,Group A,Male,1
APP100068,671,72800.0,0.398,1.8,21,6,0,6900.0,1,Group A,Male,0
APP100069,804,92500.0,0.241,0.4,28,5,0,10900.0,3,Group A,Male,1
APP100070,803,40700.0,0.135,15.2,35,3,0,23600.0,3,Group A,Female,1
APP100071,709,70100.0,0.296,3.1,55,7,2,16000.0,1,Group A,Male,0
APP100072,585,95100.0,0.218,0.8,24,8,0,4300.0,3,Group B,Male,0
APP100073,673,54200.0,0.5,0.8,41,3,1,21100.0,1,Group A,Male,0
APP100074,626,80900.0,0.355,2.3,45,5,0,27900.0,3,Group A,Female,0
APP100075,686,106300.0,0.178,12.1,44,2,0,16400.0,5,Group A,Female,1
APP100076,619,23300.0,0.403,0.1,40,8,0,17300.0,2,Group A,Female,0
APP100077,602,74500.0,0.349,15.0,34,6,0,31200.0,5,Group A,Male,0
APP100078,533,95900.0,0.314,1.7,38,8,0,28600.0,1,Group A,Male,0
APP100079,691,59600.0,0.513,5.5,53,3,0,22900.0,5,Group B,Female,0
APP100080,531,101300.0,0.233,2.8,33,2,0,30800.0,4,Group A,Male,1
APP100081,659,83200.0,0.454,3.4,21,5,0,28600.0,4,Group A,Male,0
APP100082,725,110500.0,0.295,4.8,47,3,1,16900.0,5,Group B,Female,1
APP100083,633,82000.0,0.338,9.5,59,5,0,21500.0,3,Group A,Male,0
APP100084,609,112500.0,0.258,3.2,28,9,0,19100.0,4,Group A,Male,1
APP100085,676,75200.0,0.265,2.3,57,11,0,35800.0,3,Group A,Female,1
APP100086,626,35200.0,0.292,11.2,47,6,2,21900.0,2,Group B,Male,0
APP100087,692,52900.0,0.131,16.6,27,7,0,21200.0,1,Group A,Male,1
APP100088,613,92400.0,0.378,6.9,33,5,0,34800.0,1,Group A,Male,0
APP100089,673,92000.0,0.353,8.1,32,5,0,19600.0,3,Group A,Female,1
APP100090,657,60500.0,0.175,3.0,43,6,0,15000.0,2,Group A,Male,0
APP100091,679,111300.0,0.413,0.4,39,8,0,1000.0,4,Group B,Male,0
APP100092,786,59500.0,0.5,0.1,54,8,0,14100.0,2,Group A,Female,0
APP100093,693,79100.0,0.267,9.6,51,9,0,19700.0,2,Group A,Female,0
APP100094,713,78400.0,0.254,0.8,22,6,0,26900.0,2,Group A,Female,0
APP100095,639,36100.0,0.462,5.7,24,5,0,17900.0,2,Group A,Male,1
APP100096,695,65300.0,0.384,0.0,48,6,0,10200.0,2,Group A,Male,0
APP100097,662,125100.0,0.325,0.4,35,4,0,21600.0,1,Group A,Female,1
APP100098,682,45900.0,0.43,2.9,39,8,0,2100.0,4,Group A,Female,1
APP100099,722,83000.0,0.37,10.9,48,4,0,29700.0,3,Group B,Male,0
APP100100,647,40300.0,0.497,4.1,51,6,0,30900.0,3,Group B,Female,0
APP100101,654,45600.0,0.338,12.0,26,8,0,2200.0,4,Group B,Male,1
APP100102,648,34100.0,0.387,5.7,21,7,1,10400.0,2,Group A,Female,0
APP100103,647,90600.0,0.461,0.0,40,2,1,21200.0,3,Group B,Female,1
APP100104,691,47100.0,0.071,7.3,31,10,0,33900.0,2,Group B,Male,0
APP100105,656,98400.0,0.465,0.3,42,3,0,17500.0,4,Group B,Female,0
APP100106,777,55200.0,0.284,17.6,40,11,0,21500.0,3,Group A,Female,1
APP100107,850,71100.0,0.395,8.1,29,5,0,20300.0,1,Group A,Male,1
APP100108,643,77900.0,0.523,7.6,66,6,0,4000.0,2,Group A,Male,0
APP100109,699,29200.0,0.306,3.2,41,5,0,14900.0,5,Group B,Female,1
APP100110,747,72900.0,0.29,8.8,34,8,2,11200.0,2,Group A,Male,1
APP100111,663,76400.0,0.334,1.7,42,6,1,20100.0,2,Group A,Male,0
APP100112,615,95400.0,0.18,11.7,47,7,0,11900.0,3,Group A,Male,1
APP100113,793,45000.0,0.582,0.1,33,7,0,18300.0,1,Group A,Female,1
APP100114,725,48400.0,0.335,7.1,69,8,1,17500.0,3,Group A,Male,0
APP100115,701,83800.0,0.521,6.5,23,4,0,18300.0,1,Group B,Female,1
APP100116,774,101900.0,0.303,24.5,24,3,1,27600.0,3,Group B,Male,1
APP100117,730,53800.0,0.344,4.5,22,10,0,21500.0,2,Group B,Male,1
APP100118,677,38400.0,0.444,1.0,41,5,0,15800.0,1,Group A,Female,1
APP100119,617,60400.0,0.219,0.5,47,6,0,22500.0,2,Group A,Male,0
APP100120,648,43700.0,0.329,3.0,37,8,0,13100.0,2,Group A,Male,1
APP100121,758,77500.0,0.44,9.3,47,7,1,8300.0,3,Group A,Male,1
APP100122,724,42100.0,0.317,0.9,46,6,0,27700.0,1,Group A,Female,1
APP100123,668,91300.0,0.287,4.7,37,7,0,12100.0,5,Group A,Male,0
APP100124,795,73100.0,0.463,8.7,46,9,1,8900.0,5,Group A,Male,1
APP100125,670,92100.0,0.494,0.9,39,11,0,31700.0,4,Group A,Male,0
APP100126,744,18000.0,0.512,0.1,36,7,0,25900.0,2,Group A,Male,0
APP100127,694,25800.0,0.266,8.2,35,9,0,16300.0,3,Group A,Male,0
APP100128,806,99000.0,0.276,1.2,44,7,0,26000.0,1,Group A,Female,0
APP100129,729,50700.0,0.288,9.3,56,4,0,13800.0,4,Group A,Male,1
APP100130,683,32800.0,0.419,3.9,27,13,0,22300.0,2,Group A,Male,1
APP100131,668,63100.0,0.208,4.1,35,6,1,18500.0,1,Group B,Female,0
APP100132,679,73800.0,0.215,2.6,43,1,1,14700.0,2,Group A,Female,1
APP100133,633,64200.0,0.261,3.3,62,7,0,20300.0,4,Group A,Male,1
APP100134,591,79200.0,0.237,0.8,46,7,3,7900.0,4,Group A,Male,0
APP100135,700,76000.0,0.437,2.4,31,3,0,12900.0,2,Group A,Male,1
APP100136,645,74700.0,0.43,2.3,30,8,1,1000.0,3,Group B,Female,0
APP100137,645,100400.0,0.287,16.6,53,7,1,15100.0,3,Group A,Male,1
APP100138,674,67700.0,0.319,4.2,37,6,0,20300.0,4,Group B,Male,0
APP100139,683,67000.0,0.061,0.7,26,3,0,5000.0,3,Group A,Male,1
APP100140,680,87300.0,0.29,0.6,53,9,1,21400.0,2,Group A,Male,0
APP100141,793,81300.0,0.477,3.1,45,9,0,1000.0,3,Group A,Male,1
APP100142,723,46300.0,0.284,0.2,27,9,0,12700.0,5,Group B,Male,0
APP100143,817,65800.0,0.22,2.1,25,4,1,17100.0,1,Group A,Female,1
APP100144,651,78500.0,0.491,0.8,21,4,1,17800.0,2,Group A,Female,0
APP100145,731,53900.0,0.217,5.1,34,8,2,20100.0,1,Group A,Female,1
APP100146,655,55100.0,0.51,1.4,45,7,0,3100.0,2,Group A,Female,0
APP100147,644,34600.0,0.658,16.0,53,7,0,19500.0,4,Group A,Male,0
APP100148,819,18000.0,0.328,11.4,46,8,0,24100.0,1,Group A,Female,0
APP100149,630,59000.0,0.477,13.5,25,1,0,14000.0,2,Group A,Female,1
APP100150,535,71100.0,0.156,7.6,38,5,0,15800.0,4,Group B,Female,1
APP100151,634,41700.0,0.152,0.1,58,8,0,5000.0,2,Group B,Female,0
APP100152,549,101100.0,0.252,6.2,35,7,0,25800.0,4,Group A,Male,1
APP100153,618,42900.0,0.43,3.2,50,3,0,6600.0,2,Group A,Male,0
APP100154,624,89900.0,0.34,15.1,49,7,2,27700.0,3,Group A,Male,1
APP100155,682,78000.0,0.319,15.5,50,4,1,37800.0,1,Group A,Male,1
APP100156,547,120200.0,0.198,2.5,46,3,0,13500.0,4,Group A,Male,0
APP100157,758,81000.0,0.326,6.9,50,5,2,11000.0,3,Group A,Male,0
APP100158,558,33300.0,0.269,1.8,23,2,0,16300.0,5,Group B,Male,0
APP100159,672,93300.0,0.239,2.7,59,3,1,26900.0,3,Group B,Female,0
APP100160,659,108700.0,0.229,1.2,21,6,1,9800.0,1,Group A,Female,1
APP100161,734,25500.0,0.361,2.7,45,7,2,1000.0,4,Group B,Female,0
APP100162,703,83300.0,0.261,0.2,40,10,0,28100.0,1,Group A,Male,1
APP100163,757,88600.0,0.339,10.9,33,3,0,18200.0,3,Group A,Female,1
APP100164,657,62900.0,0.145,0.3,29,5,0,15900.0,1,Group A,Female,0
APP100165,650,18000.0,0.395,6.4,48,6,0,18500.0,1,Group A,Female,0
APP100166,707,60900.0,0.366,6.7,51,3,0,10600.0,5,Group B,Female,1
APP100167,747,54100.0,0.315,5.4,40,8,0,16200.0,4,Group B,Male,0
APP100168,734,104700.0,0.358,18.7,38,10,0,20300.0,1,Group A,Male,1
APP100169,701,65900.0,0.443,0.3,56,3,1,22300.0,5,Group B,Female,0
APP100170,695,58100.0,0.181,18.0,36,8,0,18200.0,2,Group A,Female,1
APP100171,678,53900.0,0.347,2.8,40,6,1,1000.0,4,Group A,Male,0
APP100172,707,75800.0,0.196,8.5,39,9,0,15000.0,2,Group A,Male,1
APP100173,812,69400.0,0.35,5.5,71,6,1,18400.0,5,Group B,Male,1
APP100174,664,49000.0,0.312,4.7,31,7,1,19100.0,5,Group A,Male,0
APP100175,656,74300.0,0.337,2.9,51,6,0,14000.0,2,Group A,Female,0
APP100176,651,54600.0,0.433,3.9,21,4,1,35500.0,2,Group A,Female,0
APP100177,705,18000.0,0.43,0.7,30,3,0,13900.0,3,Group B,Male,0
APP100178,542,84000.0,0.46,6.5,37,8,0,21900.0,5,Group B,Male,0
APP100179,671,81800.0,0.296,13.2,39,7,1,13700.0,5,Group B,Male,0
APP100180,737,72800.0,0.417,0.5,38,8,0,22100.0,3,Group B,Male,0
APP100181,646,57400.0,0.396,3.6,40,4,1,4600.0,3,Group B,Female,0
APP100182,692,66300.0,0.299,1.8,33,7,0,31500.0,5,Group A,Female,1
APP100183,817,87700.0,0.353,6.6,56,2,1,20900.0,3,Group A,Female,1
APP100184,702,52800.0,0.325,3.8,29,6,0,13100.0,4,Group B,Male,0
APP100185,534,88600.0,0.493,9.6,50,5,0,14300.0,2,Group A,Female,0
APP100186,588,32600.0,0.429,2.9,49,5,1,11200.0,1,Group A,Female,1
APP100187,664,72000.0,0.303,6.6,30,7,0,14700.0,1,Group A,Male,1
APP100188,628,68600.0,0.295,0.7,37,5,0,17700.0,4,Group B,Female,1
APP100189,687,92100.0,0.445,3.1,41,6,2,12800.0,1,Group A,Female,0
APP100190,661,45900.0,0.487,11.5,61,3,0,24500.0,5,Group B,Female,1
APP100191,756,48600.0,0.375,3.8,37,4,0,37900.0,1,Group A,Male,1
APP100192,609,34500.0,0.412,3.2,75,4,0,15900.0,1,Group A,Male,0
APP100193,667,54400.0,0.483,4.2,50,6,2,1000.0,3,Group B,Male,0
APP100194,694,74100.0,0.321,1.8,45,7,0,14800.0,1,Group A,Male,1
APP100195,702,24900.0,0.349,6.3,52,8,0,16900.0,1,Group A,Male,0
APP100196,690,57400.0,0.394,4.8,21,7,1,24700.0,1,Group A,Female,0
APP100197,523,82700.0,0.293,3.5,55,2,0,11500.0,1,Group B,Male,0
APP100198,685,65500.0,0.527,2.2,25,7,0,11700.0,2,Group A,Male,0
APP100199,670,69800.0,0.292,0.7,51,3,1,11400.0,3,Group A,Female,0
APP100200,736,31900.0,0.347,3.2,34,8,0,6300.0,5,Group B,Male,0
APP100201,727,65600.0,0.551,3.3,31,3,0,1800.0,3,Group B,Male,1
APP100202,696,68700.0,0.135,2.5,62,9,1,18600.0,3,Group A,Female,1
APP100203,700,64100.0,0.364,3.8,40,4,1,4800.0,4,Group A,Male,1
APP100204,768,71700.0,0.267,1.6,23,3,2,15100.0,2,Group A,Male,1
APP100205,755,60600.0,0.34,11.6,53,6,1,23700.0,3,Group A,Female,1
APP100206,698,57100.0,0.207,17.6,26,12,0,9600.0,2,Group A,Male,1
APP100207,819,43000.0,0.299,5.0,57,4,0,28200.0,2,Group A,Male,0
APP100208,639,91400.0,0.343,1.0,41,6,0,11300.0,2,Group A,Male,1
APP100209,603,38600.0,0.366,4.2,26,2,0,4200.0,1,Group A,Female,1
APP100210,679,71800.0,0.439,3.3,51,4,0,14100.0,2,Group B,Male,0
APP100211,656,111500.0,0.084,2.6,47,3,2,21000.0,1,Group A,Female,1
APP100212,520,94400.0,0.326,2.2,21,8,1,25100.0,3,Group A,Male,0
APP100213,638,80200.0,0.321,3.5,40,2,1,21300.0,2,Group B,Female,0
APP100214,702,74000.0,0.333,6.0,45,5,0,33800.0,5,Group B,Male,1
APP100215,676,64900.0,0.344,7.1,44,7,0,19600.0,5,Group B,Male,0
APP100216,630,46400.0,0.249,7.6,39,6,0,13100.0,2,Group A,Female,0
APP100217,683,61900.0,0.17,15.7,50,6,0,17400.0,2,Group A,Female,0
APP100218,688,81800.0,0.364,4.4,48,5,1,6200.0,3,Group B,Male,1
APP100219,726,77400.0,0.231,16.8,41,5,0,25400.0,3,Group A,Male,1
APP100220,638,86900.0,0.384,3.0,38,8,0,5500.0,3,Group A,Male,1
APP100221,737,97300.0,0.237,9.7,43,6,1,8600.0,2,Group A,Male,1
APP100222,609,64200.0,0.416,2.9,34,10,0,16700.0,3,Group A,Female,0
APP100223,647,72600.0,0.334,0.7,29,8,0,9400.0,5,Group B,Male,0
APP100224,790,22400.0,0.342,5.8,28,7,0,21300.0,1,Group A,Male,1
APP100225,613,122100.0,0.313,0.2,40,4,0,20500.0,5,Group B,Male,1
APP100226,637,58100.0,0.295,1.6,31,5,0,24500.0,1,Group A,Male,0
APP100227,599,83600.0,0.314,2.6,39,9,0,23100.0,2,Group A,Male,0
APP100228,626,58100.0,0.47,11.1,57,6,0,20000.0,4,Group A,Male,0
APP100229,689,57500.0,0.171,4.5,39,5,0,17200.0,3,Group A,Male,1
APP100230,726,62300.0,0.269,18.1,43,6,0,24300.0,2,Group A,Female,1
APP100231,679,38100.0,0.456,9.9,38,9,1,18000.0,5,Group A,Male,0
APP100232,659,18000.0,0.43,2.5,57,3,1,30600.0,5,Group B,Female,0
APP100233,599,95800.0,0.488,0.4,61,4,1,26000.0,1,Group A,Male,0
APP100234,633,81100.0,0.333,0.4,35,9,0,15500.0,4,Group B,Male,1
APP100235,580,46000.0,0.195,8.0,50,4,1,28700.0,4,Group B,Male,1
APP100236,728,78800.0,0.218,2.5,66,5,0,31500.0,3,Group A,Male,1
APP100237,732,87800.0,0.307,0.9,27,7,0,37100.0,4,Group B,Female,0
APP100238,677,51400.0,0.424,0.5,53,3,1,28200.0,5,Group A,Female,0
APP100239,709,77900.0,0.312,1.5,21,4,0,8400.0,3,Group A,Female,0
APP100240,737,92200.0,0.304,0.1,41,6,0,9400.0,3,Group B,Female,1
APP100241,687,33500.0,0.384,7.1,39,9,1,8500.0,1,Group B,Male,1
APP100242,771,80800.0,0.343,,21,8,0,27000.0,2,Group A,Male,1
APP100243,613,76700.0,0.292,7.6,54,11,0,40900.0,4,Group A,Female,0
APP100244,657,113100.0,0.23,2.9,43,4,0,21300.0,4,Group A,Male,0
APP100245,650,81400.0,0.444,3.3,30,7,0,18400.0,5,Group B,Male,1
APP100246,722,58100.0,0.455,1.5,45,1,0,22500.0,2,Group A,Female,0
APP100247,587,60900.0,0.224,2.1,52,4,1,23100.0,3,Group A,Female,0
APP100248,774,116600.0,0.296,9.2,21,5,0,29400.0,2,Group A,Female,1
APP100249,717,59500.0,0.413,9.6,21,5,0,12700.0,2,Group A,Male,1
APP100250,794,82100.0,0.215,5.9,40,6,2,22100.0,1,Group A,Female,1
APP100251,677,62300.0,0.38,11.6,32,7,0,25400.0,2,Group B,Male,0
APP100252,644,94000.0,0.304,3.3,57,3,0,20300.0,3,Group A,Male,1
APP100253,723,95100.0,0.206,3.1,37,6,0,3900.0,1,Group A,Male,1
APP100254,747,67500.0,0.536,5.6,45,5,0,1100.0,1,Group A,Female,1
APP100255,634,58200.0,0.302,0.2,39,3,1,5600.0,3,Group B,Female,0
APP100256,550,57700.0,0.398,4.1,22,12,0,28000.0,4,Group B,Female,0
APP100257,561,26500.0,0.217,0.7,41,4,0,32200.0,1,Group A,Male,0
APP100258,697,70400.0,0.511,16.8,25,6,1,8100.0,2,Group A,Male,0
APP100259,780,69900.0,0.554,5.4,24,8,0,25300.0,3,Group A,Male,1
APP100260,595,48400.0,0.175,3.2,28,5,0,1000.0,2,Group A,Female,0
APP100261,662,24000.0,0.322,2.0,27,4,0,12400.0,5,Group B,Male,1
APP100262,657,73000.0,0.486,1.4,38,4,1,21300.0,2,Group A,Male,0
APP100263,805,76000.0,0.288,0.1,36,6,0,25600.0,1,Group A,Female,1
APP100264,827,77500.0,0.385,10.0,44,6,1,11900.0,3,Group B,Male,1
APP100265,708,44200.0,0.155,4.0,22,5,1,17100.0,1,Group A,Female,1
APP100266,738,77500.0,0.253,2.0,38,5,0,17400.0,2,Group A,Male,1
APP100267,737,63700.0,0.374,1.5,35,2,0,6000.0,1,Group A,Female,1
APP100268,597,88700.0,0.275,0.4,43,7,0,27500.0,1,Group A,Male,0
APP100269,725,44600.0,0.3,3.8,44,5,0,19700.0,1,Group A,Male,1
APP100270,614,95600.0,0.173,4.4,43,6,0,10800.0,4,Group A,Male,1
APP100271,669,104200.0,0.412,0.8,29,4,0,17400.0,1,Group A,Male,1
APP100272,754,70800.0,0.193,0.6,41,4,0,27900.0,1,Group A,Female,1
APP100273,685,77700.0,0.509,2.7,35,4,1,10800.0,1,Group A,Male,1
APP100274,752,86800.0,0.265,6.9,57,2,0,7700.0,2,Group B,Male,1
APP100275,764,43400.0,0.428,1.4,42,9,1,8000.0,2,Group A,Female,1
APP100276,566,56300.0,0.417,1.3,42,5,1,39600.0,5,Group A,Male,0
APP100277,538,72400.0,0.232,7.0,26,12,0,26000.0,3,Group A,Female,0
APP100278,756,116600.0,0.277,6.9,34,8,0,9200.0,2,Group B,Female,1
APP100279,758,39300.0,0.29,21.4,44,5,0,19000.0,3,Group B,Male,0
APP100280,697,107300.0,0.297,10.8,40,7,0,20300.0,1,Group A,Female,1
APP100281,705,63400.0,0.197,3.2,40,4,0,18500.0,5,Group A,Male,1
APP100282,738,67200.0,0.399,1.3,21,4,0,12900.0,5,Group A,Male,0
APP100283,737,97200.0,0.264,1.2,31,9,1,5400.0,1,Group A,Male,1
APP100284,660,116500.0,0.327,1.1,38,6,0,11500.0,3,Group A,Female,0
APP100285,742,78100.0,0.451,15.1,55,6,1,13400.0,1,Group A,Female,0
APP100286,657,96000.0,0.403,0.8,21,5,0,25400.0,2,Group A,Male,1
APP100287,696,45900.0,0.272,9.4,28,7,0,19500.0,4,Group A,Female,0
APP100288,693,55300.0,0.455,10.7,21,3,0,23000.0,5,Group A,Male,1
APP100289,624,35500.0,0.413,12.9,45,8,0,7900.0,2,Group A,Female,1
APP100290,632,55600.0,0.262,1.7,55,9,0,15700.0,4,Group B,Female,0
APP100291,825,81600.0,0.283,0.5,45,3,0,27500.0,3,Group A,Female,1
APP100292,622,73100.0,0.45,10.7,48,4,0,6500.0,5,Group B,Female,1
APP100293,704,109500.0,0.426,4.9,29,14,0,33200.0,3,Group A,Female,0
APP100294,718,117300.0,0.175,6.7,45,3,0,19000.0,5,Group B,Male,0
APP100295,676,64700.0,0.229,9.9,32,8,1,23800.0,5,Group B,Female,0
APP100296,724,51700.0,0.416,4.1,42,5,0,1000.0,3,Group B,Female,1
APP100297,701,95800.0,0.211,1.1,47,6,0,24500.0,3,Group B,Female,0
APP100298,623,98300.0,0.429,5.4,37,6,0,10200.0,5,Group B,Male,1
APP100299,715,78600.0,0.553,10.3,51,3,0,18700.0,1,Group A,Female,1
APP100300,645,84900.0,0.381,8.2,39,10,2,7200.0,4,Group B,Male,0
APP100301,793,81200.0,0.238,4.6,44,7,0,27000.0,2,Group A,Male,1
APP100302,708,44300.0,0.359,3.3,64,8,0,8500.0,4,Group A,Female,0
APP100303,634,38800.0,0.454,4.3,47,4,1,22300.0,2,Group A,Male,1
APP100304,702,66800.0,0.351,8.5,32,4,0,21300.0,4,Group B,Female,1
APP100305,620,63200.0,0.393,3.9,35,11,0,20500.0,2,Group A,Male,0
APP100306,697,74600.0,0.252,1.7,51,10,1,16400.0,2,Group A,Female,1
APP100307,665,64900.0,0.26,6.6,54,8,1,23000.0,4,Group A,Female,0
APP100308,626,27100.0,0.44,4.3,41,4,1,17500.0,3,Group A,Male,1
APP100309,625,18000.0,0.262,17.6,23,5,0,15600.0,2,Group A,Female,1
APP100310,838,85700.0,0.056,24.0,30,10,0,24700.0,5,Group A,Male,1
APP100311,686,52100.0,0.306,5.3,43,7,0,36500.0,2,Group A,Female,1
APP100312,652,62400.0,0.375,6.5,48,2,0,17800.0,1,Group A,Female,1
APP100313,641,54600.0,0.456,2.7,53,7,0,6000.0,2,Group A,Male,1
APP100314,711,46100.0,0.521,1.8,21,9,1,15500.0,3,Group A,Female,0
APP100315,638,45400.0,0.349,5.7,51,5,0,23700.0,2,Group A,Male,0
APP100316,609,92500.0,0.412,12.8,58,5,0,14800.0,4,Group A,Female,1
APP100317,678,62300.0,0.353,0.4,21,2,2,5100.0,5,Group B,Female,1
APP100318,677,83200.0,0.379,1.8,41,7,1,20300.0,2,Group A,Male,1
APP100319,653,86500.0,0.319,2.4,50,4,0,16200.0,1,Group B,Female,1
APP100320,622,75600.0,0.383,8.1,24,8,0,12400.0,5,Group B,Male,1
APP100321,655,87200.0,0.26,0.8,35,4,0,20500.0,2,Group A,Male,1
APP100322,649,68300.0,0.558,2.0,48,6,0,26100.0,1,Group A,Female,1
APP100323,640,100700.0,0.077,5.1,35,8,0,14300.0,2,Group A,Male,1
APP100324,698,87800.0,0.403,2.7,37,9,1,25300.0,3,Group B,Female,0
APP100325,825,91000.0,0.375,0.2,44,8,0,19000.0,1,Group A,Male,1
APP100326,767,45500.0,0.381,7.0,27,8,2,9000.0,3,Group B,Female,0
APP100327,806,74300.0,0.21,5.6,28,13,0,1000.0,1,Group A,Female,1
APP100328,643,24000.0,0.155,1.0,47,3,0,20100.0,1,Group A,Male,0
APP100329,789,101600.0,0.407,3.9,52,3,0,17500.0,3,Group A,Male,0
APP100330,695,53000.0,0.488,3.1,46,9,1,11600.0,1,Group B,Male,1
APP100331,744,56400.0,0.364,5.3,57,8,0,12700.0,3,Group A,Female,1
APP100332,710,35200.0,0.429,7.0,46,4,1,7500.0,3,Group B,Male,0
APP100333,658,67100.0,0.29,2.6,63,3,0,20400.0,5,Group B,Male,1
APP100334,727,61600.0,0.376,3.1,42,6,1,8500.0,1,Group A,Female,1
APP100335,712,111700.0,0.475,5.5,44,7,0,15500.0,2,Group A,Male,0
APP100336,565,88600.0,0.306,17.6,46,6,1,13700.0,1,Group A,Male,0
APP100337,672,55600.0,0.47,12.0,33,8,1,4500.0,4,Group B,Male,0
APP100338,737,28000.0,0.16,2.0,32,4,1,23500.0,3,Group A,Male,1
APP100339,698,18000.0,0.273,1.4,30,9,0,16500.0,4,Group B,Female,0
APP100340,711,43400.0,0.4,8.6,34,8,0,39500.0,2,Group A,Female,1
APP100341,631,36100.0,0.549,11.6,66,5,0,10200.0,4,Group B,Female,0
APP100342,697,76400.0,0.342,5.6,63,7,1,34100.0,2,Group B,Female,0
APP100343,674,64500.0,0.226,11.4,37,6,0,18500.0,4,Group A,Male,0
APP100344,667,68400.0,0.547,8.8,36,9,0,13700.0,4,Group B,Male,0
APP100345,636,45200.0,0.326,3.4,21,6,0,9100.0,3,Group B,Female,0
APP100346,739,71600.0,0.413,20.0,29,5,0,6000.0,4,Group B,Female,1
APP100347,702,33900.0,0.303,2.7,31,3,0,12200.0,1,Group A,Female,0
APP100348,696,65900.0,0.356,2.2,36,6,0,11300.0,5,Group A,Male,0
APP100349,813,87900.0,0.278,1.6,34,9,0,14200.0,1,Group A,Female,0
APP100350,711,59200.0,0.588,7.8,44,2,1,11400.0,4,Group A,Female,1
APP100351,758,78600.0,0.471,8.4,50,4,0,26000.0,2,Group A,Female,0
APP100352,698,20600.0,0.534,3.8,32,5,0,8200.0,2,Group A,Female,0
APP100353,657,18600.0,0.253,5.6,58,9,0,11300.0,3,Group A,Male,0
APP100354,611,75900.0,0.139,0.0,45,5,0,15700.0,1,Group A,Male,1
APP100355,696,93100.0,0.308,0.3,52,6,0,10500.0,2,Group A,Male,0
APP100356,507,62300.0,0.617,9.1,36,8,0,26400.0,1,Group B,Male,0
APP100357,698,119500.0,0.305,1.3,48,9,0,9600.0,2,Group B,Female,1
APP100358,701,33400.0,0.456,6.7,46,4,0,15000.0,5,Group A,Male,1
APP100359,666,51700.0,0.227,1.4,59,8,0,14400.0,5,Group A,Male,1
APP100360,674,71400.0,0.249,5.2,49,11,1,14400.0,4,Group B,Male,1
APP100361,599,79100.0,0.331,4.7,51,8,0,37100.0,2,Group A,Female,0
APP100362,770,54000.0,0.572,4.3,35,5,0,29100.0,1,Group A,Female,0
APP100363,658,42600.0,0.461,2.1,55,5,1,22300.0,3,Group A,Male,0
APP100364,617,82900.0,0.114,13.9,26,3,0,20300.0,5,Group A,Female,0
APP100365,715,71200.0,0.413,1.1,34,6,1,34300.0,4,Group A,Male,1
APP100366,687,59700.0,0.214,0.4,44,7,0,16100.0,5,Group B,Male,0
APP100367,657,80000.0,0.265,3.3,27,2,1,15000.0,1,Group A,Male,0
APP100368,650,64700.0,0.396,0.9,30,2,0,17000.0,2,Group A,Female,0
APP100369,680,64600.0,0.494,4.8,30,5,2,16500.0,3,Group B,Female,0
APP100370,767,63800.0,0.488,10.3,46,7,1,20400.0,4,Group B,Female,0
APP100371,711,48300.0,0.376,0.9,39,9,0,18300.0,1,Group A,Male,0
APP100372,678,45900.0,0.378,8.3,53,5,1,1000.0,1,Group A,Female,1
APP100373,735,55400.0,0.488,2.2,64,6,1,20000.0,1,Group A,Female,1
APP100374,682,68800.0,0.167,0.6,44,4,0,21900.0,1,Group A,Male,1
APP100375,706,23100.0,0.541,6.1,35,3,0,21800.0,1,Group A,Male,1
APP100376,690,90700.0,0.259,1.3,45,9,0,11700.0,4,Group B,Male,0
APP100377,718,68400.0,0.369,3.7,30,5,0,5100.0,4,Group A,Female,1
APP100378,651,42400.0,0.285,0.2,40,4,0,28000.0,4,Group A,Male,1
APP100379,606,106800.0,0.213,8.7,71,7,0,14600.0,5,Group B,Male,1
APP100380,739,69000.0,0.391,12.5,39,3,0,13600.0,4,Group A,Female,1
APP100381,778,36000.0,0.366,7.3,45,10,0,12300.0,1,Group B,Female,1
APP100382,609,105700.0,0.328,0.8,39,6,0,22300.0,3,Group B,Female,0
APP100383,692,100500.0,0.323,0.0,36,4,0,26000.0,2,Group A,Female,0
APP100384,651,46200.0,0.508,9.0,47,5,0,21400.0,3,Group A,Male,0
APP100385,737,60200.0,0.581,9.6,26,3,0,21100.0,3,Group B,Female,0
APP100386,696,57000.0,0.478,2.7,39,11,1,14500.0,5,Group B,Male,0
APP100387,850,22700.0,0.371,11.9,25,5,1,13800.0,3,Group B,Male,1
APP100388,660,75800.0,0.16,4.4,60,2,0,14300.0,3,Group A,Female,1
APP100389,780,88300.0,0.409,4.4,53,7,0,21300.0,5,Group B,Male,0
APP100390,786,83800.0,0.414,5.8,32,5,1,12800.0,2,Group A,Male,1
APP100391,715,68800.0,0.425,2.5,21,6,0,22800.0,2,Group A,Female,0
APP100392,682,90600.0,0.214,14.8,47,4,0,23400.0,3,Group A,Male,1
APP100393,686,40800.0,0.434,8.6,40,12,0,23800.0,5,Group B,Male,0
APP100394,681,111600.0,0.512,3.9,68,5,0,14100.0,1,Group A,Female,1
APP100395,754,49500.0,0.232,3.3,58,2,0,10100.0,2,Group A,Female,1
APP100396,623,52100.0,0.415,7.6,49,5,0,18000.0,3,Group B,Female,0
APP100397,670,54200.0,0.251,17.6,35,7,1,13600.0,2,Group A,Male,1
APP100398,662,52400.0,0.329,0.8,38,5,1,12300.0,1,Group A,Female,1
APP100399,568,63400.0,0.236,2.3,45,7,0,15500.0,3,Group A,Female,0
APP100400,736,62400.0,0.301,4.5,45,4,1,23300.0,3,Group A,Male,1
APP100401,749,71100.0,0.302,13.8,33,8,0,10300.0,3,Group B,Male,1
APP100402,639,48400.0,0.385,12.2,25,7,0,33000.0,2,Group B,Male,1
APP100403,747,72000.0,0.438,6.2,64,4,0,22600.0,2,Group A,Female,1
APP100404,577,41800.0,0.474,10.0,41,6,1,13800.0,2,Group B,Male,0
APP100405,682,85600.0,0.268,4.9,46,5,0,24400.0,4,Group B,Female,1
APP100406,672,85300.0,0.38,0.7,31,11,0,10000.0,2,Group A,Female,0
APP100407,686,67900.0,0.219,4.6,57,4,0,19400.0,3,Group B,Male,1
APP100408,685,52400.0,0.328,2.7,53,4,0,21900.0,3,Group A,Female,0
APP100409,675,75500.0,0.345,6.8,42,6,1,23800.0,4,Group B,Male,0
APP100410,655,46700.0,0.239,3.9,44,7,0,16700.0,3,Group A,Male,1
APP100411,673,68800.0,0.402,1.3,44,5,0,8300.0,4,Group A,Female,1
APP100412,769,64400.0,0.323,0.4,42,7,2,17900.0,5,Group A,Male,0
APP100413,642,131100.0,0.357,0.7,48,8,1,29000.0,1,Group B,Female,1
APP100414,827,38600.0,0.475,3.0,46,13,1,11900.0,3,Group A,Female,0
APP100415,639,18000.0,0.293,4.3,39,6,0,11600.0,5,Group A,Male,0
APP100416,696,52700.0,0.434,5.7,27,8,0,15800.0,5,Group A,Male,1
APP100417,717,26800.0,0.499,1.4,41,5,0,23100.0,4,Group B,Male,0
APP100418,661,50600.0,0.492,4.0,50,6,0,8100.0,3,Group A,Female,1
APP100419,770,36900.0,0.319,8.5,49,5,1,12400.0,2,Group B,Female,1
APP100420,715,46300.0,0.233,0.8,57,3,1,8800.0,2,Group A,Male,0
APP100421,667,42400.0,0.262,0.3,58,5,0,30300.0,2,Group A,Female,0
APP100422,769,91100.0,0.165,3.9,49,3,2,9600.0,2,Group A,Female,1
APP100423,614,66800.0,0.415,3.1,43,6,0,19000.0,1,Group A,Female,1
APP100424,643,93800.0,0.422,1.0,45,5,0,12000.0,1,Group A,Male,0
APP100425,717,69000.0,0.353,2.8,34,5,0,21400.0,1,Group B,Male,0
APP100426,732,90300.0,0.189,16.1,51,5,1,26500.0,3,Group A,Male,0
APP100427,701,60700.0,0.3,0.4,57,9,0,16400.0,5,Group B,Male,0
APP100428,672,106300.0,0.492,1.2,53,6,1,24800.0,5,Group A,Male,0
APP100429,664,79300.0,0.407,4.2,48,6,0,23100.0,4,Group B,Male,0
APP100430,754,49300.0,0.426,27.8,38,6,0,20100.0,4,Group B,Male,1
APP100431,696,82900.0,0.704,0.8,37,6,0,25800.0,4,Group B,Male,0
APP100432,623,68700.0,0.376,2.0,39,10,1,38200.0,4,Group B,Male,0
APP100433,620,63100.0,0.103,9.5,32,5,0,29100.0,4,Group B,Female,1
APP100434,778,70300.0,0.219,1.7,44,3,0,3700.0,3,Group A,Female,1
APP100435,633,86000.0,0.374,0.5,21,6,0,5600.0,2,Group A,Male,0
APP100436,698,18000.0,0.342,8.7,35,3,1,17100.0,1,Group A,Male,0
APP100437,768,59600.0,0.321,1.9,42,3,0,1000.0,1,Group A,Male,1
APP100438,715,84400.0,0.323,0.1,71,0,1,16600.0,2,Group B,Female,0
APP100439,631,74000.0,0.254,5.3,41,8,0,4300.0,2,Group A,Female,1
APP100440,614,41000.0,0.381,3.7,41,8,0,19400.0,5,Group B,Male,0
APP100441,802,18000.0,0.493,0.1,31,8,0,21400.0,3,Group A,Female,0
APP100442,612,108800.0,0.531,5.5,62,5,0,16600.0,2,Group B,Female,1
APP100443,644,63500.0,0.527,9.0,31,7,0,14800.0,1,Group A,Female,1
APP100444,704,104300.0,0.235,9.4,65,8,0,11600.0,2,Group A,Male,0
APP100445,666,87100.0,0.338,16.4,32,9,0,18800.0,1,Group B,Male,0
APP100446,717,49000.0,0.305,7.8,52,5,0,7000.0,4,Group B,Female,1
APP100447,585,18000.0,0.405,10.6,40,7,0,9800.0,3,Group A,Male,0
APP100448,666,56900.0,0.331,9.8,34,5,2,21700.0,4,Group A,Female,0
APP100449,724,67100.0,0.315,9.8,53,6,0,14800.0,2,Group A,Female,1
APP100450,724,78800.0,0.5,2.7,57,5,0,13700.0,1,Group A,Male,1
APP100451,643,41300.0,0.351,13.7,39,4,2,26500.0,5,Group B,Male,0
APP100452,614,72300.0,0.354,5.7,41,2,0,17500.0,4,Group B,Male,0
APP100453,694,72300.0,0.385,2.3,36,9,0,13600.0,3,Group A,Male,0
APP100454,595,91700.0,0.414,0.7,44,5,2,24000.0,2,Group A,Female,1
APP100455,763,60600.0,0.415,3.7,28,8,0,9800.0,4,Group A,Female,1
APP100456,690,78600.0,0.511,1.7,21,2,0,1000.0,4,Group B,Male,1
APP100457,635,74900.0,0.199,3.3,21,5,0,30200.0,2,Group A,Female,0
APP100458,611,89000.0,0.376,0.1,38,4,0,7300.0,5,Group B,Male,0
APP100459,639,48300.0,0.329,4.6,28,3,0,32900.0,1,Group A,Female,0
APP100460,578,18000.0,0.307,1.2,40,5,1,12900.0,4,Group A,Male,0
APP100461,712,62300.0,0.423,0.3,35,7,0,1000.0,2,Group A,Female,0
APP100462,628,62500.0,0.483,7.8,33,7,0,9500.0,3,Group B,Female,0
APP100463,706,40200.0,0.275,1.6,33,10,1,21300.0,1,Group A,Male,1
APP100464,715,31800.0,0.526,1.0,53,3,0,31900.0,4,Group A,Female,0
APP100465,743,54200.0,0.183,13.1,44,6,2,26000.0,4,Group B,Female,1
APP100466,696,65200.0,0.405,4.0,60,2,0,27100.0,2,Group A,Male,1
APP100467,753,70300.0,0.242,2.1,42,5,0,6600.0,1,Group B,Female,1
APP100468,770,18000.0,0.269,5.4,21,5,0,25300.0,1,Group A,Female,1
APP100469,697,25900.0,0.347,1.2,28,9,0,15800.0,1,Group A,Female,0
APP100470,701,95100.0,0.296,2.3,42,7,0,33700.0,3,Group A,Male,0
APP100471,644,63400.0,0.025,4.8,44,3,0,22100.0,1,Group A,Female,1
APP100472,616,67900.0,0.407,4.3,34,9,0,21500.0,1,Group A,Female,0
APP100473,763,36000.0,0.426,2.0,31,8,0,5500.0,1,Group A,Female,1
APP100474,719,67900.0,0.322,2.3,34,6,0,23700.0,3,Group A,Male,0
APP100475,725,59000.0,0.314,2.3,39,2,0,12500.0,3,Group A,Male,0
APP100476,642,53200.0,0.299,14.8,40,7,0,24100.0,3,Group A,Female,0
APP100477,786,32900.0,0.152,5.4,28,6,2,16300.0,3,Group A,Male,1
APP100478,665,47200.0,0.14,12.9,44,4,0,13500.0,5,Group A,Male,0
APP100479,628,115300.0,0.428,8.2,44,4,0,22600.0,2,Group A,Male,0
APP100480,643,59600.0,0.457,2.1,40,6,0,19400.0,4,Group A,Female,1
APP100481,782,87000.0,0.406,8.4,33,3,0,6700.0,3,Group A,Male,1
APP100482,608,63300.0,0.382,0.1,49,5,1,31600.0,1,Group A,Female,0
APP100483,631,60500.0,0.426,16.5,57,10,0,16100.0,4,Group A,Female,1
APP100484,850,52700.0,0.419,1.0,36,6,0,25700.0,3,Group A,Female,1
APP100485,741,100300.0,0.254,1.0,33,5,1,16900.0,3,Group A,Female,0
APP100486,632,77000.0,0.364,1.8,47,7,1,10100.0,1,Group A,Male,0
APP100487,610,49000.0,0.307,3.8,27,4,0,16200.0,2,Group A,Female,0
APP100488,571,58500.0,0.309,3.1,26,7,0,23000.0,4,Group A,Male,0
APP100489,686,93800.0,0.465,1.6,33,7,1,39700.0,1,Group A,Female,0
APP100490,727,18000.0,0.513,0.7,45,11,0,27100.0,3,Group B,Male,0
APP100491,779,75500.0,0.082,2.3,30,7,0,13100.0,1,Group A,Female,0
APP100492,557,80900.0,0.312,1.8,41,8,1,4300.0,2,Group A,Female,0
APP100493,594,50000.0,0.306,0.0,21,5,0,18300.0,4,Group A,Male,0
APP100494,672,71700.0,0.468,9.2,48,5,0,18500.0,3,Group B,Female,0
APP100495,850,80100.0,0.18,0.3,58,6,0,26900.0,5,Group A,Male,1
APP100496,738,38500.0,0.02,1.0,30,10,1,29900.0,2,Group A,Male,1
APP100497,704,88200.0,0.43,1.3,46,4,0,23700.0,2,Group A,Male,0
APP100498,600,75100.0,0.446,8.1,39,3,0,26500.0,1,Group A,Male,1
APP100499,542,64300.0,0.144,5.3,42,2,0,16200.0,1,Group A,Female,1
APP100500,683,70500.0,0.326,1.3,38,8,0,25800.0,3,Group B,Female,0
APP100501,674,85000.0,0.508,3.6,37,2,0,20900.0,5,Group B,Male,0
APP100502,663,123600.0,0.221,25.4,31,3,1,36000.0,4,Group B,Female,1
APP100503,655,82600.0,0.351,16.2,28,6,0,20100.0,4,Group A,Female,1
APP100504,631,87500.0,0.396,6.2,54,7,0,16300.0,3,Group A,Female,0
APP100505,616,72600.0,0.183,1.1,21,9,1,24900.0,4,Group B,Male,0
APP100506,770,113600.0,0.278,4.5,41,4,0,31700.0,3,Group A,Female,1
APP100507,622,32800.0,0.154,6.1,40,10,0,25300.0,3,Group B,Male,0
APP100508,662,26300.0,0.322,0.6,40,8,0,21900.0,4,Group A,Female,0
APP100509,677,71700.0,0.253,2.8,49,8,1,17600.0,3,Group A,Female,1
APP100510,726,83800.0,0.363,1.5,37,6,0,10100.0,1,Group A,Female,1
APP100511,625,18000.0,0.41,6.4,49,3,0,28700.0,4,Group B,Male,0
APP100512,744,67900.0,0.493,5.1,65,9,1,28700.0,1,Group A,Male,0
APP100513,642,63700.0,0.597,5.0,39,10,2,1000.0,3,Group A,Female,1
APP100514,669,85900.0,0.363,6.8,21,7,0,10400.0,2,Group A,Male,1
APP100515,787,78300.0,0.305,10.7,39,7,0,24500.0,3,Group A,Male,0
APP100516,617,24600.0,0.299,2.0,38,11,0,13500.0,2,Group A,Female,0
APP100517,727,42100.0,0.234,7.2,46,7,2,23000.0,5,Group B,Female,0
APP100518,745,48600.0,0.389,0.5,21,5,0,9100.0,1,Group A,Male,1
APP100519,700,85700.0,0.286,13.8,45,6,0,10500.0,3,Group B,Male,0
APP100520,672,77000.0,0.397,2.5,36,8,0,7700.0,3,Group B,Female,1
APP100521,818,53100.0,0.237,3.0,51,8,0,17000.0,3,Group A,Male,0
APP100522,679,71500.0,0.289,1.4,35,6,0,18000.0,5,Group A,Male,1
APP100523,693,42600.0,0.388,3.3,51,10,0,7100.0,1,Group A,Male,1
APP100524,658,117200.0,0.326,14.2,23,7,0,8700.0,3,Group A,Male,1
APP100525,690,81800.0,0.129,0.6,41,5,0,14100.0,1,Group A,Female,1
APP100526,743,86900.0,0.338,1.2,29,5,0,14900.0,2,Group B,Male,0
APP100527,662,101000.0,0.252,10.5,35,6,0,11000.0,3,Group B,Male,1
APP100528,543,92400.0,0.47,1.4,74,9,1,23400.0,4,Group B,Male,1
APP100529,713,68800.0,0.447,8.1,30,6,1,14200.0,1,Group A,Male,0
APP100530,610,63600.0,0.089,1.6,37,6,0,19400.0,5,Group B,Male,1
APP100531,728,98900.0,0.428,3.6,27,4,0,21700.0,5,Group B,Female,1
APP100532,680,68600.0,0.383,5.2,37,6,0,9900.0,2,Group A,Female,1
APP100533,741,50000.0,0.177,2.6,39,5,0,22700.0,2,Group A,Male,1
APP100534,618,115200.0,0.437,0.8,32,3,0,19400.0,2,Group A,Male,0
APP100535,645,45500.0,0.199,8.7,60,3,0,18700.0,5,Group A,Male,0
APP100536,658,26400.0,0.466,0.8,55,8,0,10400.0,2,Group A,Male,0
APP100537,584,91800.0,0.269,10.1,30,5,0,26100.0,2,Group A,Female,0
APP100538,752,50500.0,0.173,8.2,51,3,0,3200.0,4,Group A,Male,1
APP100539,574,78400.0,0.573,0.5,35,9,1,16700.0,2,Group B,Female,0
APP100540,751,111600.0,0.17,11.6,26,6,0,10300.0,4,Group B,Female,0
APP100541,708,35000.0,0.251,20.6,32,3,0,14100.0,3,Group A,Male,0
APP100542,667,67000.0,0.273,0.3,26,9,0,5200.0,4,Group B,Female,1
APP100543,702,103600.0,0.29,4.4,52,6,0,11500.0,4,Group B,Male,1
APP100544,701,84400.0,0.417,2.5,30,5,0,7900.0,2,Group A,Male,0
APP100545,654,63700.0,0.346,5.6,56,11,0,4400.0,3,Group A,Female,0
APP100546,699,125300.0,0.45,2.4,43,3,0,22600.0,4,Group A,Male,1
APP100547,728,65700.0,0.381,3.0,36,3,0,11400.0,1,Group A,Female,0
APP100548,619,77500.0,0.156,3.0,35,6,2,16000.0,3,Group B,Female,0
APP100549,703,107600.0,0.4,2.2,62,4,0,21100.0,2,Group A,Male,1
APP100550,509,91500.0,0.366,7.1,41,3,0,20400.0,2,Group A,Female,0
APP100551,555,99700.0,0.271,4.4,35,6,0,16500.0,2,Group A,Male,1
APP100552,717,46400.0,0.568,8.7,51,9,0,11700.0,3,Group A,Female,0
APP100553,653,97500.0,0.407,3.6,48,6,1,14300.0,4,Group B,Male,0
APP100554,625,72100.0,0.444,6.0,29,6,1,19500.0,5,Group A,Male,0
APP100555,677,50100.0,0.447,0.8,41,8,1,27300.0,2,Group A,Male,0
APP100556,654,73300.0,0.294,0.8,21,8,0,1000.0,1,Group A,Female,0
APP100557,616,72600.0,0.41,7.3,41,10,0,21400.0,2,Group A,Male,1
APP100558,573,112800.0,0.375,4.8,45,7,0,7100.0,3,Group A,Female,1
APP100559,552,77200.0,0.279,2.8,46,7,0,13200.0,1,Group A,Male,0
APP100560,728,49300.0,0.206,1.4,29,4,2,15900.0,1,Group A,Male,1
APP100561,653,43700.0,0.343,0.9,32,13,0,16800.0,2,Group A,Male,1
APP100562,743,66900.0,0.405,1.3,44,6,1,12200.0,3,Group B,Male,0
APP100563,652,35700.0,0.342,1.6,56,2,3,28200.0,5,Group A,Female,0
APP100564,703,50800.0,0.32,0.3,42,5,0,22900.0,2,Group A,Male,1
APP100565,672,62100.0,0.343,3.4,34,3,1,13700.0,1,Group A,Female,0
APP100566,683,57900.0,0.308,0.5,53,9,0,32000.0,4,Group B,Female,0
APP100567,686,85400.0,0.51,2.7,43,4,0,11400.0,2,Group A,Male,1
APP100568,651,50300.0,0.37,0.5,43,11,0,10800.0,5,Group A,Female,0
APP100569,600,18000.0,0.286,0.1,51,4,0,18700.0,2,Group A,Female,0
APP100570,730,27500.0,0.141,0.9,40,3,0,12600.0,3,Group A,Female,0
APP100571,784,67600.0,0.318,27.8,30,4,0,21400.0,4,Group B,Female,1
APP100572,788,53900.0,0.277,0.8,39,4,0,15100.0,3,Group A,Female,1
APP100573,644,38300.0,0.272,5.8,54,9,1,20800.0,4,Group B,Female,0
APP100574,632,115000.0,0.444,10.6,64,10,0,9700.0,4,Group B,Male,1
APP100575,644,87900.0,0.349,0.6,26,8,0,34000.0,2,Group A,Female,0
APP100576,669,66600.0,0.155,10.0,61,5,0,13300.0,4,Group B,Male,0
APP100577,677,73600.0,0.408,3.4,37,4,1,30700.0,5,Group A,Female,1
APP100578,615,61600.0,0.166,,41,8,0,5600.0,5,Group B,Female,0
APP100579,584,37900.0,0.416,5.9,61,6,1,33900.0,2,Group A,Female,0
APP100580,683,92700.0,0.288,9.7,36,7,1,16600.0,1,Group A,Female,1
APP100581,451,88400.0,0.35,0.3,38,6,0,15600.0,1,Group A,Female,0
APP100582,673,20500.0,0.337,3.6,33,9,0,1000.0,3,Group A,Female,0
APP100583,619,73400.0,0.324,0.2,41,6,0,5800.0,3,Group A,Male,0
APP100584,731,76100.0,0.363,4.4,45,7,1,9100.0,3,Group B,Male,0
APP100585,748,60300.0,0.349,1.3,33,8,2,7600.0,2,Group A,Male,0
APP100586,750,118300.0,0.546,16.4,58,2,0,23300.0,1,Group A,Male,1
APP100587,657,115700.0,0.365,2.3,32,6,0,13700.0,2,Group A,Female,0
APP100588,606,58900.0,0.367,6.2,47,3,0,17600.0,2,Group A,Female,0
APP100589,627,62700.0,0.262,1.9,41,4,1,19400.0,4,Group A,Male,0
APP100590,699,59800.0,0.382,9.8,56,4,1,1000.0,3,Group B,Male,1
APP100591,573,53300.0,0.227,3.7,31,11,0,14900.0,4,Group A,Female,0
APP100592,771,45900.0,0.467,0.3,48,7,0,36100.0,4,Group A,Male,0
APP100593,659,80200.0,0.177,4.3,70,6,0,27200.0,2,Group A,Female,1
APP100594,713,115100.0,0.247,2.6,24,9,0,21800.0,3,Group A,Female,0
APP100595,564,105200.0,0.161,5.4,30,7,3,18800.0,3,Group A,Male,0
APP100596,620,86900.0,0.386,1.3,66,2,0,30400.0,2,Group B,Male,1
APP100597,556,18000.0,0.293,0.9,39,10,0,22900.0,2,Group A,Male,0
APP100598,746,23300.0,0.415,8.6,42,6,0,16200.0,2,Group B,Male,1
APP100599,670,93500.0,0.233,5.5,37,11,0,20800.0,2,Group A,Male,1
APP100600,717,106900.0,0.398,3.1,61,10,0,24900.0,3,Group A,Male,1
APP100601,684,81300.0,0.404,7.5,22,5,0,28900.0,3,Group B,Male,1
APP100602,710,60700.0,0.363,5.9,56,6,1,5000.0,2,Group B,Male,0
APP100603,658,100500.0,0.343,0.2,23,4,1,18800.0,4,Group B,Male,0
APP100604,667,86100.0,0.355,1.7,22,3,0,26300.0,4,Group B,Female,1
APP100605,674,95300.0,0.24,1.2,28,5,0,12400.0,1,Group B,Male,1
APP100606,706,23400.0,0.222,5.2,39,11,0,15900.0,5,Group B,Female,0
APP100607,708,76200.0,0.4,11.4,32,7,0,32400.0,4,Group A,Male,0
APP100608,850,110600.0,0.299,8.9,32,4,0,19700.0,5,Group B,Male,1
APP100609,789,80700.0,0.39,2.4,30,4,0,10900.0,4,Group A,Male,1
APP100610,564,90800.0,0.511,1.2,30,13,0,4800.0,3,Group A,Female,0
APP100611,671,68900.0,0.29,2.2,30,4,0,16600.0,1,Group A,Male,0
APP100612,654,70500.0,0.274,4.5,44,6,1,12300.0,3,Group B,Male,0
APP100613,763,101700.0,0.304,7.4,33,6,0,29000.0,5,Group B,Male,0
APP100614,659,51900.0,0.344,8.0,21,5,0,11000.0,1,Group A,Female,1
APP100615,710,49600.0,0.408,2.2,41,4,0,25700.0,3,Group B,Male,0
APP100616,528,56500.0,0.337,3.8,50,6,0,17400.0,1,Group B,Male,0
APP100617,582,68600.0,0.569,0.8,38,3,0,13500.0,2,Group A,Female,0
APP100618,816,29400.0,0.386,6.3,26,5,1,15000.0,1,Group A,Male,1
APP100619,683,85500.0,0.426,4.8,50,10,1,28900.0,5,Group A,Male,0
APP100620,615,64100.0,0.336,3.0,25,8,0,24800.0,2,Group B,Female,1
APP100621,696,88500.0,0.451,6.9,37,4,1,19700.0,4,Group A,Male,0
APP100622,612,18000.0,0.317,6.9,41,9,0,12200.0,1,Group B,Male,0
APP100623,662,88600.0,0.269,5.5,54,7,0,24300.0,3,Group A,Male,1
APP100624,586,100100.0,0.44,1.1,48,5,0,18800.0,3,Group B,Male,1
APP100625,629,78500.0,0.334,5.9,44,11,1,13900.0,3,Group A,Female,0
APP100626,653,68700.0,0.367,4.1,52,6,0,9400.0,3,Group B,Female,1
APP100627,753,88800.0,0.448,0.0,27,6,1,12600.0,1,Group A,Female,1
APP100628,710,98500.0,0.355,6.3,60,6,0,8000.0,2,Group A,Male,1
APP100629,722,80600.0,0.324,2.2,21,10,1,10300.0,5,Group B,Female,1
APP100630,678,82300.0,0.281,0.9,58,10,0,42000.0,2,Group B,Female,1
APP100631,733,107800.0,0.457,0.1,31,8,0,1200.0,4,Group B,Male,1
APP100632,623,86300.0,0.302,24.7,46,11,0,25700.0,5,Group A,Female,0
APP100633,632,48800.0,0.334,2.3,58,9,1,22200.0,2,Group A,Female,0
APP100634,706,98400.0,0.372,9.0,48,6,0,3600.0,1,Group A,Female,1
APP100635,662,65000.0,0.371,7.0,45,7,0,25200.0,3,Group A,Male,0
APP100636,679,68800.0,0.452,21.3,51,5,0,36600.0,1,Group A,Male,1
APP100637,669,70600.0,0.332,12.7,23,9,0,17800.0,5,Group B,Female,0
APP100638,761,91300.0,0.491,3.4,25,7,0,26300.0,4,Group B,Female,1
APP100639,765,110000.0,0.313,7.4,44,11,0,16600.0,5,Group B,Male,1
APP100640,639,68600.0,0.381,2.1,39,9,0,21700.0,2,Group B,Male,0
APP100641,566,109600.0,0.32,1.5,37,7,1,1000.0,1,Group B,Female,0
APP100642,634,72000.0,0.57,18.2,56,5,0,18000.0,2,Group A,Male,0
APP100643,622,101700.0,0.301,5.7,55,4,0,18100.0,2,Group A,Male,0
APP100644,734,72800.0,0.311,6.3,30,8,0,14000.0,2,Group A,Female,0
APP100645,740,56200.0,0.353,2.7,46,9,0,31100.0,3,Group B,Male,1
APP100646,613,114100.0,0.311,5.6,22,4,1,17500.0,1,Group A,Male,1
APP100647,631,53900.0,0.375,8.3,22,5,0,16600.0,2,Group A,Male,1
APP100648,584,52300.0,0.475,12.6,30,3,0,14600.0,1,Group A,Female,0
APP100649,689,37900.0,0.356,0.1,40,6,0,14100.0,2,Group A,Male,1
APP100650,677,98400.0,0.36,7.3,33,6,2,16700.0,1,Group A,Female,1
APP100651,731,104100.0,0.315,0.9,46,8,1,15400.0,5,Group B,Female,1
APP100652,712,77000.0,0.284,0.1,41,3,0,21900.0,1,Group A,Female,1
APP100653,720,44400.0,0.351,0.6,54,6,0,23000.0,3,Group A,Female,0
APP100654,580,67800.0,0.341,4.7,48,8,0,31100.0,5,Group B,Female,0
APP100655,639,60700.0,0.469,8.3,29,9,1,14000.0,2,Group A,Male,0
APP100656,742,43300.0,0.235,2.3,52,7,0,9000.0,5,Group B,Female,1
APP100657,645,56300.0,0.5,0.7,31,1,1,19400.0,3,Group A,Female,1
APP100658,574,80100.0,0.324,19.0,46,5,0,19700.0,5,Group A,Female,0
APP100659,733,53500.0,0.356,3.6,35,4,0,26400.0,1,Group A,Male,0
APP100660,642,75000.0,0.223,1.2,57,2,0,5500.0,5,Group A,Male,0
APP100661,749,25400.0,0.402,3.5,50,7,0,17300.0,1,Group B,Female,0
APP100662,679,108300.0,0.234,3.8,33,7,0,28400.0,3,Group A,Male,1
APP100663,662,58600.0,0.381,8.5,36,6,1,26000.0,3,Group A,Female,1
APP100664,769,88900.0,0.37,0.6,75,6,0,28600.0,1,Group A,Male,1
APP100665,595,72500.0,0.304,2.1,26,5,0,14800.0,4,Group B,Female,1
APP100666,773,77700.0,0.113,1.2,32,7,0,1000.0,3,Group B,Female,1
APP100667,638,40800.0,0.578,5.0,33,5,0,20200.0,5,Group B,Male,0
APP100668,691,49700.0,0.224,2.1,27,5,0,22200.0,2,Group A,Male,0
APP100669,691,50300.0,0.37,3.6,28,5,0,12000.0,4,Group A,Female,1
APP100670,652,68600.0,0.26,2.4,40,6,0,21200.0,1,Group A,Male,1
APP100671,630,99800.0,0.455,1.9,47,3,0,19000.0,5,Group A,Male,1
APP100672,656,78400.0,0.298,5.0,22,4,0,4700.0,3,Group B,Male,1
APP100673,614,46400.0,0.257,1.0,35,11,1,27300.0,4,Group B,Male,1
APP100674,808,70100.0,0.405,2.1,31,7,0,4400.0,2,Group A,Female,0
APP100675,649,66100.0,0.2,2.9,27,8,0,24400.0,1,Group A,Male,1
APP100676,755,59600.0,0.295,3.5,53,10,1,9900.0,4,Group B,Male,0
APP100677,747,67600.0,0.416,2.1,32,5,2,19600.0,3,Group A,Female,0
APP100678,704,86300.0,0.506,5.1,25,4,1,18900.0,1,Group A,Male,1
APP100679,671,50700.0,0.234,5.8,52,11,0,18800.0,3,Group A,Male,1
APP100680,693,59700.0,0.273,15.8,56,4,0,27800.0,5,Group A,Female,0
APP100681,717,91600.0,0.379,1.1,44,5,1,25600.0,2,Group A,Female,0
APP100682,687,79300.0,0.12,17.5,30,16,0,11000.0,1,Group A,Female,1
APP100683,578,98700.0,0.489,1.9,38,4,0,18500.0,1,Group A,Female,0
APP100684,562,102500.0,0.23,1.9,33,5,0,23400.0,1,Group A,Male,0
APP100685,778,35300.0,0.292,0.1,40,7,1,22900.0,2,Group A,Male,1
APP100686,509,74900.0,0.369,3.2,50,7,0,22800.0,3,Group A,Female,0
APP100687,693,55800.0,0.346,0.9,41,4,0,18500.0,4,Group B,Female,1
APP100688,665,39200.0,0.234,5.8,41,3,0,25700.0,4,Group B,Female,0
APP100689,690,49100.0,0.529,0.3,35,4,2,25000.0,3,Group A,Male,0
APP100690,606,60800.0,0.057,10.8,49,6,0,21200.0,2,Group A,Male,0
APP100691,703,60900.0,0.217,3.4,45,5,0,16100.0,3,Group B,Male,1
APP100692,693,53400.0,0.27,,21,5,1,32900.0,5,Group A,Female,1
APP100693,850,67700.0,0.236,4.9,21,4,0,15200.0,2,Group A,Female,1
APP100694,688,126700.0,0.474,1.4,37,4,0,10000.0,4,Group B,Male,1
APP100695,768,26600.0,0.158,12.1,53,11,0,15300.0,4,Group A,Male,1
APP100696,583,95300.0,0.511,2.3,55,5,1,19500.0,3,Group B,Male,1
APP100697,746,67600.0,0.309,0.1,50,8,1,15200.0,3,Group A,Male,0
APP100698,695,57500.0,0.19,10.8,39,8,1,10500.0,4,Group A,Female,0
APP100699,698,19600.0,0.109,2.6,59,6,0,17000.0,2,Group A,Female,1
APP100700,698,86300.0,0.316,3.5,32,7,0,28100.0,2,Group A,Male,0
APP100701,791,33400.0,0.263,0.9,37,1,0,5800.0,3,Group A,Female,1
APP100702,697,87900.0,0.366,7.2,24,3,0,19300.0,3,Group A,Female,1
APP100703,629,109800.0,0.29,0.3,37,7,0,7900.0,3,Group B,Male,1
APP100704,640,37200.0,0.445,6.4,31,4,1,8100.0,2,Group A,Male,1
APP100705,733,96000.0,0.324,4.6,59,2,0,3000.0,4,Group A,Male,1
APP100706,709,68600.0,0.293,0.3,57,6,0,18000.0,4,Group B,Male,0
APP100707,581,18000.0,0.447,8.3,42,8,0,2200.0,2,Group B,Female,0
APP100708,713,39100.0,0.365,7.1,47,6,1,19200.0,2,Group A,Female,1
APP100709,610,72300.0,0.425,3.3,34,4,0,16700.0,1,Group A,Male,0
APP100710,708,77600.0,0.466,5.6,21,6,0,22000.0,4,Group B,Male,1
APP100711,628,30100.0,0.308,1.7,32,5,2,1000.0,1,Group A,Female,0
APP100712,662,68800.0,0.344,11.5,50,1,0,2700.0,1,Group B,Male,1
APP100713,645,87800.0,0.433,8.2,46,4,1,14300.0,4,Group B,Female,0
APP100714,779,92000.0,0.07,0.6,36,7,0,17800.0,4,Group B,Female,1
APP100715,706,58100.0,0.329,0.5,50,7,0,26800.0,1,Group A,Female,0
APP100716,762,78500.0,0.315,7.8,35,5,0,16400.0,2,Group A,Female,1
APP100717,850,93700.0,0.381,14.4,27,3,0,10500.0,3,Group A,Female,1
APP100718,683,88500.0,0.252,2.0,50,9,1,28200.0,2,Group A,Female,1
APP100719,778,89400.0,0.46,7.5,34,5,0,12300.0,2,Group B,Male,1
APP100720,635,70700.0,0.259,0.8,53,6,2,4500.0,2,Group A,Male,0
APP100721,762,65700.0,0.29,3.2,21,6,0,20900.0,1,Group A,Male,1
APP100722,628,74500.0,0.267,4.8,34,6,0,18100.0,1,Group A,Male,0
APP100723,679,49700.0,0.475,4.1,48,14,0,25600.0,5,Group B,Male,1
APP100724,715,94700.0,0.111,2.2,47,7,1,8500.0,1,Group A,Male,1
APP100725,725,31300.0,0.537,0.1,38,8,0,18400.0,1,Group A,Male,0
APP100726,597,55900.0,0.502,1.1,44,5,0,11900.0,4,Group A,Male,1
APP100727,624,67100.0,0.278,11.9,43,1,0,20200.0,3,Group A,Male,1
APP100728,720,79300.0,0.453,1.2,23,6,0,11600.0,2,Group A,Female,1
APP100729,656,83800.0,0.354,3.9,37,4,1,18100.0,3,Group A,Female,1
APP100730,589,103700.0,0.522,3.1,44,2,0,28400.0,5,Group A,Female,0
APP100731,675,69900.0,0.445,2.3,47,3,1,18600.0,1,Group A,Female,0
APP100732,672,50800.0,0.581,0.0,40,7,0,15000.0,1,Group A,Female,0
APP100733,691,64500.0,0.168,4.1,34,8,1,30700.0,4,Group A,Female,0
APP100734,714,60300.0,0.361,15.4,25,5,0,16800.0,4,Group A,Male,1
APP100735,710,80500.0,0.15,1.6,50,9,1,20100.0,1,Group B,Female,1
APP100736,630,42400.0,0.283,3.2,49,7,0,25600.0,2,Group A,Male,0
APP100737,653,63800.0,0.587,1.9,53,8,0,16400.0,5,Group A,Female,0
APP100738,740,106900.0,0.392,0.4,28,5,0,16900.0,2,Group A,Female,1
APP100739,645,72300.0,0.448,2.3,42,7,0,16800.0,3,Group A,Male,0
APP100740,654,42700.0,0.397,8.6,33,6,1,20800.0,4,Group A,Female,1
APP100741,582,59800.0,0.39,4.1,42,6,0,39700.0,1,Group A,Male,0
APP100742,678,18000.0,0.283,0.8,75,8,0,28500.0,3,Group B,Male,0
APP100743,702,66600.0,0.262,3.7,52,4,0,27100.0,3,Group A,Male,1
APP100744,552,107500.0,0.28,3.6,32,7,0,9900.0,4,Group A,Male,0
APP100745,610,39500.0,0.04,3.9,38,7,0,14200.0,1,Group A,Male,0
APP100746,588,33100.0,0.331,9.6,37,9,0,23200.0,4,Group A,Female,0
APP100747,731,52300.0,0.366,1.1,42,4,0,1200.0,2,Group A,Female,1
APP100748,556,90100.0,0.272,14.6,23,3,0,10800.0,2,Group B,Male,1
APP100749,675,108900.0,0.326,8.9,45,4,1,28800.0,3,Group B,Female,1
APP100750,727,78800.0,0.398,1.1,21,3,0,27500.0,5,Group A,Male,0
APP100751,692,37100.0,0.437,4.4,21,5,1,20500.0,1,Group A,Male,0
APP100752,651,67500.0,0.208,3.7,65,3,0,24400.0,3,Group A,Female,1
APP100753,703,110900.0,0.253,5.5,37,4,0,37800.0,1,Group A,Female,1
APP100754,747,60500.0,0.423,7.7,58,6,1,15700.0,1,Group B,Male,1
APP100755,673,71400.0,0.405,3.4,31,8,1,37300.0,4,Group A,Male,0
APP100756,534,73800.0,0.488,8.3,21,3,0,22300.0,1,Group A,Female,0
APP100757,755,30900.0,0.483,21.5,28,13,0,16300.0,3,Group B,Female,1
APP100758,706,92000.0,0.606,3.5,73,9,0,30900.0,2,Group A,Male,1
APP100759,678,88500.0,0.308,9.5,24,5,1,11000.0,2,Group A,Male,0
APP100760,551,20200.0,0.514,4.1,62,6,0,18500.0,4,Group B,Male,0
APP100761,661,36100.0,0.239,16.9,45,4,0,16000.0,3,Group A,Female,1
APP100762,623,44700.0,0.603,0.2,42,4,0,32300.0,2,Group A,Female,0
APP100763,601,86000.0,0.39,3.0,32,10,1,14600.0,3,Group A,Female,0
APP100764,671,50000.0,0.4,11.9,30,4,0,15800.0,3,Group B,Male,1
APP100765,645,77600.0,0.449,0.3,48,9,0,17400.0,1,Group A,Female,1
APP100766,649,63600.0,0.191,9.8,57,9,0,1100.0,1,Group A,Female,1
APP100767,728,69700.0,0.222,8.6,43,8,1,29300.0,2,Group A,Male,1
APP100768,697,79900.0,0.353,9.7,50,5,0,17700.0,3,Group A,Female,0
APP100769,648,74500.0,0.378,6.0,36,6,0,14300.0,1,Group A,Male,0
APP100770,640,67500.0,0.569,1.0,67,5,1,25400.0,3,Group A,Male,1
APP100771,650,75800.0,0.236,1.8,44,4,0,16000.0,1,Group A,Female,1
APP100772,664,73200.0,0.509,7.7,65,2,0,21200.0,3,Group A,Male,1
APP100773,718,63000.0,0.311,1.6,29,4,0,10000.0,4,Group B,Female,1
APP100774,612,57700.0,0.309,7.8,40,10,1,12100.0,2,Group A,Male,0
APP100775,775,113100.0,0.322,17.8,54,5,0,20400.0,3,Group B,Male,1
APP100776,718,57400.0,0.306,2.3,43,6,1,12700.0,2,Group A,Male,0
APP100777,502,100800.0,0.394,4.6,47,7,0,3700.0,1,Group A,Female,0
APP100778,686,51600.0,0.297,1.2,29,6,0,30900.0,1,Group B,Male,0
APP100779,748,87400.0,0.185,3.1,36,9,0,5200.0,3,Group B,Female,1
APP100780,705,110800.0,0.311,3.1,30,7,0,25700.0,1,Group A,Male,1
APP100781,653,59900.0,0.39,12.3,40,7,0,16300.0,5,Group B,Male,0
APP100782,676,52000.0,0.186,9.5,39,6,0,28000.0,3,Group A,Female,1
APP100783,692,57700.0,0.404,1.3,35,6,1,18400.0,2,Group A,Male,0
APP100784,730,67500.0,0.47,5.2,49,10,0,17000.0,3,Group B,Female,1
APP100785,588,75700.0,0.503,0.0,28,4,0,22300.0,2,Group A,Male,1
APP100786,641,67000.0,0.377,4.5,21,6,0,18400.0,4,Group B,Male,1
APP100787,787,57900.0,0.141,7.1,34,6,0,20000.0,4,Group A,Female,1
APP100788,682,114900.0,0.411,6.0,67,5,0,17200.0,5,Group B,Female,1
APP100789,779,63200.0,0.446,0.4,47,8,0,26000.0,1,Group A,Female,1
APP100790,850,53100.0,0.263,1.8,31,7,0,12100.0,3,Group A,Male,1
APP100791,648,87900.0,0.332,0.2,46,5,0,30700.0,1,Group A,Male,1
APP100792,602,88300.0,0.393,10.9,39,7,0,21400.0,2,Group A,Female,1
APP100793,663,101900.0,0.537,0.4,46,6,1,27900.0,1,Group A,Female,0
APP100794,751,114300.0,0.312,3.7,52,7,0,11900.0,1,Group A,Female,1
APP100795,761,76300.0,0.438,0.9,43,4,1,36000.0,3,Group A,Female,0
APP100796,828,61100.0,0.375,7.9,42,8,3,23600.0,4,Group A,Female,0
APP100797,678,22300.0,0.362,,59,3,1,35500.0,1,Group A,Male,0
APP100798,712,45500.0,0.486,1.7,47,6,1,15000.0,5,Group B,Female,0
APP100799,634,73000.0,0.249,0.9,43,8,0,8700.0,3,Group B,Male,0
APP100800,517,39700.0,0.365,5.3,42,5,0,16900.0,2,Group B,Male,0
APP100801,677,30000.0,0.343,3.6,34,3,0,25400.0,3,Group A,Female,0
APP100802,605,69600.0,0.174,2.4,26,9,0,29500.0,2,Group B,Male,1
APP100803,722,86600.0,0.476,2.5,49,9,2,13000.0,1,Group A,Male,1
APP100804,558,62100.0,0.431,1.2,56,7,0,28000.0,3,Group A,Female,0
APP100805,632,89500.0,0.344,21.3,46,8,0,21500.0,1,Group A,Female,1
APP100806,697,82800.0,0.311,2.2,48,8,0,26800.0,5,Group B,Female,0
APP100807,704,95600.0,0.34,2.6,30,4,0,8100.0,5,Group A,Female,1
APP100808,677,120200.0,0.418,3.9,34,2,0,11300.0,5,Group A,Male,0
APP100809,801,130700.0,0.346,7.2,26,9,0,6400.0,4,Group B,Female,1
APP100810,782,85600.0,0.267,11.5,38,6,0,17900.0,3,Group A,Male,1
APP100811,636,57000.0,0.283,4.8,53,5,0,27000.0,3,Group A,Male,0
APP100812,785,69500.0,0.339,6.2,33,7,2,29600.0,5,Group B,Male,0
APP100813,795,105800.0,0.237,6.5,40,7,0,12000.0,1,Group A,Male,1
APP100814,672,46600.0,0.377,8.8,49,9,1,22000.0,1,Group A,Male,1
APP100815,683,102700.0,0.253,4.9,55,8,0,21900.0,5,Group B,Male,0
APP100816,677,63900.0,0.235,3.3,21,6,0,2400.0,4,Group B,Female,0
APP100817,638,73500.0,0.691,10.3,35,8,1,20800.0,4,Group A,Male,0
APP100818,645,48600.0,0.553,6.3,32,6,0,1500.0,2,Group A,Male,0
APP100819,766,36200.0,0.356,1.0,30,4,0,17100.0,2,Group A,Female,1
APP100820,708,61300.0,0.434,1.0,36,2,2,12200.0,1,Group A,Female,0
APP100821,644,99300.0,0.452,3.1,21,8,0,23300.0,1,Group A,Female,1
APP100822,620,51200.0,0.332,4.0,37,7,0,24400.0,1,Group A,Male,0
APP100823,631,106700.0,0.371,6.9,41,3,0,30400.0,3,Group A,Male,1
APP100824,669,54300.0,0.311,7.7,28,6,0,18700.0,2,Group B,Female,0
APP100825,739,42400.0,0.478,1.0,35,6,0,21000.0,4,Group A,Female,0
APP100826,624,74100.0,0.48,0.9,41,7,0,10400.0,4,Group A,Male,0
APP100827,739,84300.0,0.512,7.7,42,8,0,12500.0,1,Group A,Female,0
APP100828,693,72500.0,0.369,3.1,21,8,0,13300.0,4,Group B,Female,0
APP100829,689,71600.0,0.578,5.1,49,6,0,16800.0,1,Group A,Female,0
APP100830,747,106500.0,0.332,11.6,50,3,1,36300.0,2,Group A,Male,1
APP100831,735,70300.0,0.565,2.5,32,8,1,19200.0,2,Group A,Female,0
APP100832,589,56700.0,0.289,11.4,61,9,0,30200.0,1,Group A,Male,0
APP100833,610,40800.0,0.197,10.6,46,2,0,23400.0,1,Group A,Female,1
APP100834,665,98600.0,0.563,0.5,45,6,0,25300.0,2,Group B,Male,1
APP100835,703,57800.0,0.413,3.1,49,5,0,19700.0,1,Group A,Male,0
APP100836,769,60100.0,0.397,2.6,29,8,2,17000.0,1,Group B,Male,0
APP100837,684,93200.0,0.3,20.7,37,9,0,19600.0,4,Group B,Female,1
APP100838,791,117300.0,0.247,1.8,48,5,0,10900.0,2,Group A,Female,1
APP100839,634,74000.0,0.257,8.5,31,12,1,12700.0,5,Group A,Female,1
APP100840,645,64700.0,0.355,16.5,37,0,2,17900.0,3,Group A,Female,0
APP100841,660,67900.0,0.323,6.6,48,8,0,19000.0,3,Group B,Female,1
APP100842,627,57100.0,0.127,3.4,45,12,0,1000.0,5,Group A,Female,0
APP100843,755,59500.0,0.526,3.1,41,7,0,8900.0,1,Group A,Male,1
APP100844,500,59600.0,0.294,1.3,42,7,1,23500.0,1,Group A,Female,0
APP100845,647,89900.0,0.476,2.2,39,5,0,24700.0,3,Group B,Male,0
APP100846,755,65900.0,0.262,0.0,51,3,0,3300.0,2,Group A,Male,0
APP100847,660,100600.0,0.357,3.7,66,9,1,19600.0,5,Group B,Male,0
APP100848,750,65200.0,0.447,1.3,45,4,0,48800.0,1,Group A,Male,1
APP100849,823,59200.0,0.432,3.9,56,6,1,28300.0,2,Group B,Female,1
APP100850,685,98700.0,0.311,7.6,36,7,0,7500.0,3,Group A,Female,1
APP100851,756,68500.0,0.396,1.9,33,8,2,19500.0,5,Group A,Male,0
APP100852,837,65000.0,0.414,2.7,32,10,0,19900.0,4,Group B,Female,1
APP100853,706,68800.0,0.324,7.3,30,4,1,16200.0,4,Group B,Male,0
APP100854,677,103200.0,0.217,11.1,37,4,0,27000.0,5,Group A,Male,0
APP100855,739,75300.0,0.271,15.0,52,4,0,28300.0,3,Group A,Male,1
APP100856,757,98000.0,0.298,0.9,53,4,1,13200.0,4,Group B,Male,0
APP100857,677,62400.0,0.343,5.6,35,4,0,23700.0,5,Group B,Male,0
APP100858,649,94100.0,0.515,5.8,37,6,0,11600.0,4,Group A,Male,1
APP100859,792,73700.0,0.44,1.2,41,9,0,17000.0,3,Group A,Male,1
APP100860,662,89200.0,0.25,3.8,44,8,0,32500.0,4,Group B,Male,1
APP100861,758,91200.0,0.542,3.0,48,8,0,9700.0,2,Group B,Female,0
APP100862,697,45400.0,0.331,0.5,36,8,0,25500.0,5,Group B,Male,1
APP100863,799,69700.0,0.414,2.3,39,3,0,6400.0,1,Group A,Male,1
APP100864,625,91000.0,0.237,0.0,57,9,1,12600.0,3,Group A,Female,0
APP100865,625,94800.0,0.29,1.3,38,6,0,12000.0,2,Group B,Male,0
APP100866,736,98100.0,0.454,12.6,34,5,1,10200.0,2,Group B,Male,1
APP100867,607,70500.0,0.243,1.0,40,7,0,5300.0,4,Group B,Male,0
APP100868,688,105000.0,0.346,6.9,42,5,0,6400.0,1,Group A,Female,1
APP100869,781,52200.0,0.392,7.2,23,4,0,1600.0,1,Group A,Female,1
APP100870,564,32100.0,0.227,28.8,36,4,0,10600.0,3,Group B,Female,0
APP100871,706,61300.0,0.144,3.9,46,7,0,9700.0,1,Group A,Female,1
APP100872,759,96700.0,0.44,3.1,65,8,0,17600.0,4,Group B,Male,1
APP100873,678,41900.0,0.655,16.7,35,6,0,30000.0,4,Group A,Male,0
APP100874,620,32700.0,0.39,6.5,50,7,0,22400.0,1,Group B,Male,0
APP100875,663,26700.0,0.412,2.7,43,2,1,20800.0,4,Group B,Male,0
APP100876,625,85700.0,0.243,2.0,55,4,0,11600.0,4,Group A,Male,1
APP100877,684,33300.0,0.502,13.5,34,4,1,22100.0,1,Group A,Male,0
APP100878,662,81200.0,0.299,17.0,54,7,0,23300.0,3,Group A,Female,1
APP100879,647,60100.0,0.468,4.7,58,5,0,12300.0,2,Group A,Male,0
APP100880,710,49500.0,0.407,0.4,58,2,0,27500.0,1,Group A,Male,0
APP100881,783,44000.0,0.409,9.1,58,10,1,14800.0,3,Group A,Female,1
APP100882,701,73000.0,0.405,5.4,43,6,0,15000.0,3,Group B,Male,0
APP100883,767,49900.0,0.402,11.1,48,6,1,21200.0,4,Group A,Female,0
APP100884,783,67900.0,0.371,0.9,36,4,0,6200.0,5,Group A,Female,1
APP100885,642,77600.0,0.447,10.1,21,6,0,13000.0,4,Group A,Female,0
APP100886,698,82700.0,0.26,0.6,44,7,0,16600.0,2,Group A,Male,1
APP100887,652,90400.0,0.314,1.2,39,6,0,12200.0,1,Group A,Male,0
APP100888,584,72000.0,0.501,3.3,53,6,0,22300.0,4,Group A,Female,0
APP100889,703,42800.0,0.359,3.8,51,6,0,10600.0,5,Group B,Female,0
APP100890,612,79200.0,0.304,10.6,28,2,0,12500.0,3,Group A,Female,1
APP100891,711,83700.0,0.454,0.6,69,8,1,26000.0,4,Group B,Male,1
APP100892,579,63600.0,0.432,3.3,46,4,0,17600.0,1,Group A,Male,0
APP100893,691,61100.0,0.197,1.5,26,8,0,24200.0,1,Group A,Male,0
APP100894,578,127400.0,0.42,2.8,27,4,0,22800.0,5,Group B,Male,0
APP100895,724,37000.0,0.355,7.7,21,7,0,33600.0,3,Group B,Male,0
APP100896,654,79800.0,0.418,5.0,50,7,0,13600.0,1,Group A,Female,1
APP100897,648,93100.0,0.341,14.7,35,6,0,6400.0,3,Group A,Male,0
APP100898,753,59800.0,0.391,3.6,31,7,1,3100.0,4,Group A,Female,1
APP100899,659,64000.0,0.139,8.3,33,6,0,12300.0,2,Group A,Female,1
APP100900,687,58400.0,0.242,7.4,37,8,0,27300.0,1,Group A,Male,1
APP100901,667,68000.0,0.421,5.1,48,6,0,23600.0,3,Group A,Female,1
APP100902,713,89600.0,0.628,2.2,21,5,0,16100.0,4,Group A,Female,0
APP100903,748,63200.0,0.38,8.1,28,11,0,37200.0,5,Group A,Male,1
APP100904,734,142700.0,0.264,0.5,47,6,2,6200.0,3,Group B,Male,0
APP100905,650,57100.0,0.355,0.9,34,8,0,26700.0,4,Group A,Female,0
APP100906,759,101100.0,0.242,4.4,48,5,0,12900.0,3,Group A,Female,1
APP100907,620,81100.0,0.477,8.5,35,5,2,33700.0,3,Group A,Female,0
APP100908,632,70600.0,0.345,,60,6,0,14300.0,2,Group A,Female,1
APP100909,672,103300.0,0.456,7.9,44,4,0,27600.0,1,Group A,Male,0
APP100910,748,29600.0,0.323,4.0,56,5,0,16100.0,1,Group B,Female,0
APP100911,604,78200.0,0.466,12.4,47,6,1,40700.0,3,Group B,Female,1
APP100912,738,50800.0,0.161,0.3,48,6,0,20000.0,5,Group B,Female,0
APP100913,676,57500.0,0.343,0.1,32,5,0,18000.0,5,Group B,Female,0
APP100914,652,56400.0,0.399,1.8,55,3,0,21000.0,5,Group B,Female,0
APP100915,751,44900.0,0.31,4.7,44,11,0,24200.0,2,Group B,Female,0
APP100916,628,28300.0,0.38,0.1,30,8,1,32400.0,2,Group A,Male,0
APP100917,829,77300.0,0.378,6.4,21,12,0,31200.0,4,Group A,Female,1
APP100918,669,66400.0,0.455,1.7,43,7,0,1000.0,2,Group A,Male,1
APP100919,690,60800.0,0.408,2.4,59,6,0,15600.0,3,Group A,Female,1
APP100920,780,86200.0,0.383,7.9,30,10,0,12300.0,3,Group A,Female,0
APP100921,691,78800.0,0.437,0.9,30,6,1,24800.0,1,Group B,Female,1
APP100922,757,61600.0,0.191,2.6,37,5,0,12800.0,1,Group A,Male,1
APP100923,553,141200.0,0.257,7.5,54,7,1,36000.0,1,Group A,Male,1
APP100924,651,92400.0,0.188,0.7,21,8,0,10400.0,5,Group A,Male,1
APP100925,706,126700.0,0.4,0.1,33,5,0,4700.0,1,Group A,Male,1
APP100926,750,58000.0,0.386,1.6,29,3,1,19600.0,3,Group A,Male,0
APP100927,730,74000.0,0.492,2.2,48,5,0,24800.0,4,Group B,Female,0
APP100928,724,38300.0,0.379,16.7,39,3,1,9100.0,1,Group A,Male,1
APP100929,749,60100.0,0.271,6.9,37,9,0,29400.0,3,Group B,Female,0
APP100930,711,54000.0,0.355,8.4,39,8,0,12300.0,3,Group A,Male,0
APP100931,541,139900.0,0.134,4.2,50,7,0,14800.0,3,Group A,Female,0
APP100932,774,51400.0,0.295,5.1,54,4,2,19000.0,2,Group A,Female,1
APP100933,626,62400.0,0.082,1.6,53,7,0,12800.0,5,Group B,Female,1
APP100934,700,33100.0,0.376,1.3,48,12,1,35600.0,5,Group B,Female,0
APP100935,692,80800.0,0.309,3.3,58,6,0,6300.0,1,Group A,Female,1
APP100936,683,46400.0,0.325,2.2,30,4,3,4600.0,2,Group B,Female,0
APP100937,608,90000.0,0.238,5.5,46,8,1,11400.0,2,Group A,Female,1
APP100938,554,25100.0,0.266,2.3,69,8,1,7600.0,3,Group B,Male,0
APP100939,615,65100.0,0.416,0.4,21,10,0,3600.0,2,Group A,Male,0
APP100940,734,23700.0,0.182,5.9,35,6,0,20300.0,3,Group A,Female,1
APP100941,586,56200.0,0.396,2.7,29,3,0,7400.0,2,Group B,Male,1
APP100942,623,61100.0,0.251,3.7,44,6,1,16700.0,3,Group A,Female,0
APP100943,707,53600.0,0.155,11.9,58,6,0,13500.0,4,Group A,Female,1
APP100944,613,56000.0,0.475,7.3,47,1,0,30300.0,2,Group A,Male,0
APP100945,645,91300.0,0.486,2.2,38,5,0,6600.0,2,Group A,Female,1
APP100946,685,120200.0,0.281,8.7,48,7,1,21900.0,4,Group B,Female,0
APP100947,698,76100.0,0.28,3.7,38,7,0,17400.0,2,Group B,Female,1
APP100948,612,47400.0,0.312,0.1,43,4,0,11800.0,4,Group B,Female,1
APP100949,689,69500.0,0.251,3.0,48,12,0,17100.0,4,Group A,Female,0
APP100950,706,59500.0,0.27,5.9,62,3,0,21600.0,2,Group A,Female,0
APP100951,597,89300.0,0.39,4.0,46,5,0,4300.0,1,Group A,Female,1
APP100952,694,74900.0,0.568,1.4,44,7,0,19500.0,1,Group A,Male,0
APP100953,633,30100.0,0.301,14.0,65,2,1,18200.0,2,Group A,Female,1
APP100954,688,94400.0,0.453,5.0,21,5,1,25300.0,4,Group B,Female,0
APP100955,727,91200.0,0.379,21.1,40,5,1,21900.0,5,Group B,Male,1
APP100956,669,103900.0,0.156,2.4,32,5,1,32800.0,3,Group B,Male,1
APP100957,739,55600.0,0.337,21.7,38,7,0,28000.0,2,Group A,Female,1
APP100958,731,75200.0,0.323,10.2,48,5,0,16000.0,5,Group A,Male,0
APP100959,739,39600.0,0.501,2.0,53,10,2,30600.0,4,Group A,Female,0
APP100960,706,66800.0,0.506,5.6,35,8,2,19800.0,1,Group A,Male,0
APP100961,752,77500.0,0.381,4.8,49,6,0,27600.0,3,Group A,Male,1
APP100962,705,52700.0,0.474,1.9,30,7,0,17400.0,4,Group A,Female,1
APP100963,572,76200.0,0.324,2.0,26,6,0,21400.0,3,Group A,Male,0
APP100964,629,72000.0,0.463,1.7,42,11,1,2100.0,4,Group B,Male,0
APP100965,666,57200.0,0.351,2.6,38,5,2,19900.0,3,Group A,Female,0
APP100966,674,101500.0,0.461,6.0,59,13,0,23400.0,5,Group B,Female,0
APP100967,703,62400.0,0.472,0.8,67,9,0,23400.0,1,Group A,Male,0
APP100968,628,71200.0,0.419,4.3,34,4,0,2600.0,1,Group A,Female,1
APP100969,811,32800.0,0.258,2.3,21,5,1,14600.0,2,Group A,Female,1
APP100970,673,80500.0,0.294,2.3,25,4,0,10800.0,1,Group A,Female,1
APP100971,680,56600.0,0.423,9.7,31,6,0,17600.0,2,Group A,Male,0
APP100972,636,91000.0,0.438,11.7,43,6,2,1000.0,4,Group A,Male,1
APP100973,615,36500.0,0.357,0.6,38,7,0,11400.0,2,Group B,Female,0
APP100974,672,78300.0,0.306,4.0,26,6,1,18700.0,1,Group A,Female,1
APP100975,682,18000.0,0.361,6.0,62,4,2,13800.0,1,Group A,Male,0
APP100976,674,82800.0,0.309,0.4,49,4,0,33200.0,3,Group A,Female,0
APP100977,788,63800.0,0.31,7.4,62,6,0,14700.0,2,Group A,Male,1
APP100978,672,77600.0,0.556,0.8,21,3,0,17300.0,1,Group A,Female,1
APP100979,674,53600.0,0.288,0.6,56,7,0,2600.0,4,Group A,Female,0
APP100980,733,45200.0,0.396,9.1,39,8,0,8900.0,3,Group B,Female,1
APP100981,669,57600.0,0.357,4.9,36,6,1,25500.0,4,Group B,Female,0
APP100982,715,72600.0,0.205,17.5,41,7,2,12600.0,1,Group B,Male,1
APP100983,597,81800.0,0.201,0.9,33,6,0,16900.0,3,Group A,Female,1
APP100984,597,75300.0,0.331,2.3,39,6,0,13100.0,2,Group A,Male,1
APP100985,688,45500.0,0.125,10.2,52,4,1,24100.0,3,Group B,Female,1
APP100986,665,112100.0,0.541,1.0,21,8,0,7200.0,5,Group A,Female,0
APP100987,627,76000.0,0.3,1.5,59,8,0,12600.0,1,Group A,Male,0
APP100988,688,53100.0,0.291,2.5,46,8,0,21800.0,3,Group A,Male,0
APP100989,694,78200.0,0.475,12.1,40,8,1,15000.0,2,Group B,Male,1
APP100990,634,74100.0,0.325,2.8,52,1,0,1000.0,2,Group A,Male,0
APP100991,646,63800.0,0.412,0.7,45,5,0,17200.0,4,Group B,Male,0
APP100992,694,61000.0,0.277,1.6,35,7,0,2700.0,4,Group B,Female,1
APP100993,614,91600.0,0.345,5.3,32,4,0,17400.0,1,Group A,Male,0
APP100994,641,109500.0,0.447,1.1,59,4,0,25500.0,3,Group B,Female,0
APP100995,715,19100.0,0.245,2.4,23,4,0,12400.0,2,Group A,Female,0
APP100996,678,97500.0,0.398,1.4,39,2,0,26900.0,4,Group A,Female,1
APP100997,649,68500.0,0.074,12.7,24,5,1,23800.0,2,Group A,Male,1
APP100998,621,73700.0,0.479,0.2,47,6,0,25300.0,4,Group B,Female,0
APP100999,614,100400.0,0.279,5.6,40,8,0,2600.0,2,Group A,Female,1
APP101000,671,18000.0,0.331,0.4,26,5,1,15300.0,2,Group A,Female,1
APP101001,812,87600.0,0.329,10.0,31,3,0,23500.0,3,Group A,Female,1
APP101002,717,98800.0,0.233,3.8,42,9,0,12800.0,4,Group A,Female,1
APP101003,593,51500.0,0.224,0.1,44,8,0,1700.0,2,Group A,Female,0
APP101004,726,34500.0,0.397,4.0,21,9,1,26700.0,2,Group A,Female,1
APP101005,631,107400.0,0.403,12.6,33,2,0,25900.0,3,Group A,Male,1
APP101006,680,25800.0,0.243,22.0,43,8,0,29800.0,5,Group B,Female,1
APP101007,642,78000.0,0.4,1.9,56,7,1,1000.0,2,Group A,Male,0
APP101008,811,92600.0,0.401,0.3,51,4,0,15800.0,1,Group B,Male,1
APP101009,606,77500.0,0.298,14.8,36,3,0,13700.0,2,Group A,Female,1
APP101010,700,81600.0,0.198,1.4,53,7,2,8600.0,2,Group A,Male,0
APP101011,635,61600.0,0.336,10.1,37,4,0,19100.0,3,Group A,Female,1
APP101012,728,79100.0,0.38,2.1,21,4,0,20400.0,5,Group A,Male,0
APP101013,699,51000.0,0.334,1.0,58,4,0,15100.0,4,Group B,Female,1
APP101014,762,54100.0,0.275,12.2,46,6,2,32400.0,1,Group A,Male,1
APP101015,727,68900.0,0.391,1.3,43,6,0,1000.0,1,Group A,Female,1
APP101016,635,31000.0,0.479,3.0,41,8,1,21500.0,3,Group A,Male,0
APP101017,850,81800.0,0.255,7.3,45,8,0,5800.0,3,Group B,Male,1
APP101018,716,18000.0,0.307,8.0,41,5,0,18600.0,2,Group A,Male,1
APP101019,644,76700.0,0.642,4.3,38,5,2,21600.0,1,Group A,Female,1
APP101020,693,79000.0,0.372,7.6,33,3,0,29600.0,5,Group B,Female,1
APP101021,721,48900.0,0.201,1.8,42,4,0,15100.0,3,Group B,Female,1
APP101022,719,38400.0,0.287,0.7,30,7,0,19100.0,4,Group B,Male,0
APP101023,712,58200.0,0.257,0.2,27,4,0,1000.0,1,Group A,Male,1
APP101024,743,83400.0,0.382,10.2,44,5,0,28000.0,1,Group A,Male,1
APP101025,736,76300.0,0.374,6.8,53,4,0,23000.0,1,Group A,Female,1
APP101026,625,41300.0,0.27,1.0,31,9,0,19200.0,1,Group B,Female,0
APP101027,817,70500.0,0.544,0.4,34,4,0,19200.0,2,Group A,Male,0
APP101028,808,74300.0,0.349,2.8,21,5,2,11800.0,1,Group B,Female,0
APP101029,732,73300.0,0.29,5.5,25,7,0,13600.0,2,Group A,Female,1
APP101030,683,44300.0,0.206,0.5,26,6,0,11200.0,1,Group A,Male,0
APP101031,684,71700.0,0.242,3.0,53,4,1,9800.0,5,Group B,Male,0
APP101032,659,90000.0,0.203,,21,5,0,19400.0,1,Group A,Male,1
APP101033,667,80900.0,0.319,5.1,47,5,1,30600.0,5,Group B,Male,0
APP101034,538,77900.0,0.243,1.2,38,5,1,13600.0,1,Group A,Male,0
APP101035,779,107400.0,0.426,1.1,48,6,0,19000.0,3,Group A,Female,1
APP101036,757,72000.0,0.276,2.0,55,9,0,16300.0,5,Group A,Male,1
APP101037,571,47800.0,0.432,1.6,41,6,0,16100.0,3,Group A,Female,0
APP101038,738,47900.0,0.394,2.9,55,2,0,15300.0,1,Group A,Female,0
APP101039,679,72200.0,0.411,5.8,60,10,0,32100.0,5,Group A,Female,0
APP101040,667,33500.0,0.439,1.9,57,9,1,17000.0,5,Group A,Female,1
APP101041,712,60500.0,0.559,1.3,33,10,0,26000.0,2,Group A,Male,0
APP101042,567,79100.0,0.247,1.4,21,6,0,17500.0,1,Group A,Male,0
APP101043,679,96100.0,0.433,6.3,40,12,0,33500.0,3,Group A,Male,0
APP101044,685,30900.0,0.384,3.9,43,6,1,29600.0,5,Group A,Female,0
APP101045,685,70400.0,0.457,1.1,21,9,0,25200.0,4,Group A,Female,0
APP101046,591,66400.0,0.352,4.8,42,3,0,24400.0,3,Group A,Male,0
APP101047,709,68900.0,0.469,0.6,21,13,1,23700.0,3,Group B,Male,0
APP101048,749,71400.0,0.198,7.4,60,5,0,13600.0,3,Group B,Male,1
APP101049,706,67200.0,0.23,2.6,47,7,0,20200.0,1,Group A,Male,1
APP101050,665,101400.0,0.277,2.1,31,11,0,39100.0,1,Group A,Female,0
APP101051,850,97900.0,0.332,0.6,43,8,0,21900.0,4,Group A,Male,1
APP101052,620,119400.0,0.345,10.0,44,3,0,12600.0,1,Group A,Male,1
APP101053,730,67700.0,0.259,0.4,47,5,0,4800.0,2,Group A,Male,1
APP101054,696,58100.0,0.231,5.0,42,2,0,13700.0,2,Group A,Male,0
APP101055,811,44800.0,0.268,1.3,52,4,0,7600.0,1,Group A,Male,0
APP101056,705,55500.0,0.152,5.5,26,1,1,21300.0,4,Group B,Female,1
APP101057,719,85100.0,0.308,1.5,39,4,0,5700.0,3,Group A,Male,1
APP101058,713,88800.0,0.334,8.3,62,8,0,4500.0,2,Group A,Female,1
APP101059,611,84200.0,0.389,1.3,37,8,0,19700.0,3,Group B,Male,1
APP101060,624,52100.0,0.358,0.6,44,5,0,4300.0,3,Group B,Male,0
APP101061,662,52200.0,0.537,0.8,29,1,0,19800.0,5,Group A,Male,1
APP101062,742,115000.0,0.429,,67,6,0,32300.0,3,Group A,Male,1
APP101063,695,48000.0,0.421,3.5,44,7,3,21600.0,5,Group A,Male,1
APP101064,667,102000.0,0.38,10.0,26,3,0,24300.0,2,Group A,Male,1
APP101065,769,77700.0,0.399,0.1,54,8,0,23300.0,4,Group B,Female,1
APP101066,551,50400.0,0.316,9.9,28,6,0,1000.0,4,Group A,Female,1
APP101067,596,39600.0,0.351,8.2,49,6,1,1000.0,5,Group B,Female,0
APP101068,518,51500.0,0.551,2.7,53,10,1,21900.0,1,Group A,Male,0
APP101069,759,78000.0,0.332,8.9,65,6,0,24100.0,3,Group A,Female,0
APP101070,674,46200.0,0.193,7.0,44,6,1,22200.0,4,Group B,Female,1
APP101071,743,105300.0,0.417,5.9,42,7,1,20700.0,1,Group A,Male,0
APP101072,673,63000.0,0.436,8.8,21,7,0,11800.0,3,Group A,Male,0
APP101073,747,84800.0,0.357,2.4,36,7,2,21500.0,5,Group B,Female,0
APP101074,672,82900.0,0.133,2.1,32,5,0,25900.0,2,Group B,Female,0
APP101075,707,106900.0,0.482,0.4,39,8,1,13600.0,4,Group A,Male,0
APP101076,697,57500.0,0.365,2.2,35,9,0,10700.0,2,Group A,Male,0
APP101077,702,70500.0,0.306,2.6,50,4,0,5700.0,4,Group A,Female,0
APP101078,790,34400.0,0.471,2.0,34,6,0,6100.0,3,Group A,Male,0
APP101079,574,70500.0,0.117,0.7,47,3,2,14100.0,5,Group A,Female,0
APP101080,676,95400.0,0.352,3.6,40,8,0,19600.0,2,Group A,Female,0
APP101081,693,73300.0,0.281,28.7,34,8,0,30600.0,2,Group B,Female,0
APP101082,683,123500.0,0.504,1.3,32,3,0,12600.0,4,Group B,Female,0
APP101083,654,80500.0,0.367,5.8,44,9,0,7100.0,2,Group B,Male,1
APP101084,645,55000.0,0.245,2.6,57,8,0,20300.0,5,Group B,Female,0
APP101085,779,78900.0,0.465,3.1,32,4,0,13100.0,3,Group B,Female,1
APP101086,675,32900.0,0.07,0.2,42,8,0,29100.0,4,Group B,Female,0
APP101087,838,48800.0,0.396,1.9,47,3,0,24500.0,4,Group B,Male,1
APP101088,714,38800.0,0.201,17.4,41,3,0,23100.0,4,Group A,Male,1
APP101089,661,68400.0,0.289,4.0,21,7,0,5400.0,4,Group A,Male,0
APP101090,716,66500.0,0.314,0.9,47,7,1,12500.0,2,Group A,Male,1
APP101091,687,96900.0,0.44,8.2,23,9,0,27100.0,3,Group A,Female,0
APP101092,767,65600.0,0.582,3.9,23,5,0,15900.0,2,Group A,Female,1
APP101093,604,43900.0,0.144,9.5,25,7,1,1000.0,3,Group A,Female,0
APP101094,563,105400.0,0.389,0.6,39,7,2,33000.0,2,Group A,Female,1
APP101095,703,18000.0,0.582,11.7,29,7,0,15200.0,2,Group A,Male,1
APP101096,734,68900.0,0.277,14.5,24,1,0,20800.0,1,Group A,Male,1
APP101097,699,73200.0,0.27,4.2,46,9,0,21700.0,4,Group B,Male,0
APP101098,724,67800.0,0.366,2.4,41,4,0,16800.0,1,Group B,Male,0
APP101099,714,80000.0,0.431,8.0,50,7,0,28700.0,2,Group A,Male,1
APP101100,584,70700.0,0.412,0.6,32,7,1,16500.0,1,Group A,Male,0
APP101101,698,80000.0,0.301,1.2,40,7,1,15100.0,1,Group A,Male,1
APP101102,766,53500.0,0.252,6.9,51,5,0,40100.0,4,Group B,Female,0
APP101103,691,33000.0,0.485,1.6,25,12,0,3300.0,4,Group B,Male,1
APP101104,595,66900.0,0.255,5.1,33,5,1,19400.0,2,Group A,Male,0
APP101105,658,43400.0,0.129,8.4,53,10,0,21400.0,2,Group B,Male,0
APP101106,716,50500.0,0.18,1.8,41,4,0,23500.0,4,Group A,Female,1
APP101107,797,95900.0,0.277,3.5,39,3,0,35600.0,2,Group A,Female,1
APP101108,553,105400.0,0.504,8.1,41,7,1,19200.0,5,Group B,Male,0
APP101109,703,95400.0,0.209,4.0,56,7,1,8100.0,1,Group A,Male,1
APP101110,619,91000.0,0.507,8.4,41,10,1,20200.0,2,Group A,Female,0
APP101111,713,69400.0,0.484,0.3,42,5,0,17500.0,1,Group A,Female,0
APP101112,718,92400.0,0.365,0.9,41,6,0,28600.0,1,Group A,Female,1
APP101113,665,76500.0,0.06,4.9,22,5,1,24300.0,4,Group B,Female,1
APP101114,721,114700.0,0.21,2.4,47,7,0,16200.0,1,Group B,Female,1
APP101115,754,46000.0,0.27,2.2,31,4,1,13800.0,4,Group A,Female,1
APP101116,669,84100.0,0.53,7.0,26,5,0,21600.0,2,Group A,Male,0
APP101117,593,37700.0,0.277,5.8,21,5,0,20500.0,3,Group B,Female,1
APP101118,773,84300.0,0.255,3.0,23,9,1,3700.0,2,Group A,Male,1
APP101119,734,26700.0,0.361,4.0,21,5,0,5300.0,3,Group B,Female,0
APP101120,717,38900.0,0.185,0.6,29,5,1,22200.0,1,Group A,Male,0
APP101121,635,37200.0,0.337,2.1,36,4,1,9200.0,2,Group A,Male,0
APP101122,744,74100.0,0.252,0.5,54,7,1,5500.0,5,Group B,Female,1
APP101123,813,76500.0,0.636,3.5,42,6,0,20900.0,5,Group A,Female,0
APP101124,672,126800.0,0.239,0.5,44,5,0,7100.0,5,Group A,Male,1
APP101125,686,65800.0,0.552,0.0,56,7,0,15500.0,1,Group A,Female,0
APP101126,611,86500.0,0.215,19.0,21,4,0,24700.0,3,Group A,Male,0
APP101127,633,71900.0,0.369,6.1,46,5,1,7500.0,3,Group B,Male,1
APP101128,610,84500.0,0.395,6.5,45,5,1,22700.0,3,Group A,Female,0
APP101129,689,71400.0,0.356,5.0,51,7,0,25200.0,4,Group B,Male,0
APP101130,658,94400.0,0.349,3.4,21,3,0,8800.0,3,Group B,Male,0
APP101131,704,42700.0,0.435,8.4,34,2,0,31500.0,4,Group A,Female,1
APP101132,622,18000.0,0.386,15.3,30,7,0,10900.0,2,Group A,Male,1
APP101133,669,78000.0,0.321,12.3,26,4,1,20700.0,4,Group B,Male,1
APP101134,618,24700.0,0.266,18.5,69,7,0,8400.0,2,Group B,Male,0
APP101135,692,99500.0,0.322,3.4,34,3,0,10600.0,5,Group A,Female,0
APP101136,574,54800.0,0.32,4.6,52,11,0,30900.0,1,Group A,Male,0
APP101137,690,43100.0,0.318,0.3,49,2,1,33300.0,1,Group A,Male,0
APP101138,662,132800.0,0.348,1.1,24,5,0,26400.0,2,Group A,Female,1
APP101139,692,67600.0,0.185,6.5,35,11,1,13500.0,4,Group A,Male,1
APP101140,573,63000.0,0.227,0.0,42,10,0,8500.0,3,Group A,Male,0
APP101141,723,86000.0,0.431,0.9,46,4,0,1500.0,5,Group B,Female,1
APP101142,661,87600.0,0.092,3.4,45,3,0,19600.0,3,Group B,Female,0
APP101143,694,95300.0,0.472,4.1,62,8,1,2000.0,5,Group B,Male,0
APP101144,558,36000.0,0.279,12.6,52,7,0,14600.0,2,Group A,Female,1
APP101145,599,80900.0,0.524,11.9,49,8,1,22300.0,1,Group A,Female,0
APP101146,655,61000.0,0.475,0.2,53,5,0,9300.0,4,Group B,Male,1
APP101147,769,45900.0,0.304,14.6,57,5,1,17000.0,5,Group B,Female,0
APP101148,714,69200.0,0.315,8.1,34,3,0,13500.0,2,Group A,Female,1
APP101149,688,24500.0,0.515,1.0,22,9,0,22100.0,2,Group B,Female,0
APP101150,620,90200.0,0.48,3.6,34,7,0,17700.0,3,Group A,Female,0
APP101151,608,61000.0,0.447,9.7,25,3,2,11600.0,5,Group B,Female,0
APP101152,698,56500.0,0.466,3.8,29,6,1,5400.0,2,Group A,Female,0
APP101153,726,64700.0,0.22,5.3,42,5,1,35300.0,3,Group A,Female,0
APP101154,694,64000.0,0.363,7.0,34,5,1,11900.0,4,Group A,Female,1
APP101155,791,95400.0,0.255,9.7,49,8,0,9700.0,4,Group A,Female,1
APP101156,636,41700.0,0.218,0.7,45,6,0,28500.0,2,Group A,Female,1
APP101157,692,58800.0,0.358,1.6,45,7,0,16500.0,2,Group A,Female,0
APP101158,570,62800.0,0.294,16.9,26,8,0,26400.0,4,Group A,Male,0
APP101159,694,42400.0,0.322,3.7,30,12,0,17800.0,4,Group B,Male,0
APP101160,776,71800.0,0.285,21.6,21,7,0,20100.0,1,Group A,Female,1
APP101161,612,50600.0,0.202,9.5,48,7,0,22200.0,1,Group A,Male,1
APP101162,735,34300.0,0.527,26.5,64,7,1,17400.0,3,Group B,Female,0
APP101163,774,80600.0,0.357,19.9,43,7,1,8800.0,1,Group A,Female,1
APP101164,635,105100.0,0.181,3.2,44,4,0,13800.0,2,Group A,Female,1
APP101165,710,69200.0,0.36,5.0,35,4,1,1000.0,4,Group B,Male,1
APP101166,783,65500.0,0.507,5.2,38,2,0,23800.0,5,Group B,Female,1
APP101167,695,65000.0,0.445,1.7,56,7,1,11100.0,2,Group A,Male,0
APP101168,731,55600.0,0.283,9.9,42,6,1,6700.0,5,Group B,Female,0
APP101169,565,96100.0,0.286,1.8,49,6,0,23600.0,1,Group A,Male,0
APP101170,719,70300.0,0.235,3.0,57,7,1,17700.0,5,Group A,Male,0
APP101171,714,18000.0,0.258,12.6,54,6,1,28100.0,4,Group B,Female,1
APP101172,594,96800.0,0.267,1.2,41,4,0,1000.0,4,Group A,Female,0
APP101173,617,90900.0,0.178,0.3,42,5,0,14700.0,3,Group B,Female,0
APP101174,719,82400.0,0.291,0.4,36,6,0,12500.0,1,Group A,Male,1
APP101175,660,18000.0,0.378,21.6,47,8,0,24900.0,2,Group B,Male,0
APP101176,752,67900.0,0.294,1.1,36,3,0,19600.0,2,Group A,Male,1
APP101177,700,89400.0,0.364,2.3,45,10,0,32500.0,2,Group A,Female,0
APP101178,684,77100.0,0.518,0.4,53,8,0,33300.0,1,Group A,Female,0
APP101179,669,72900.0,0.542,6.7,21,5,0,24200.0,5,Group A,Male,1
APP101180,699,89500.0,0.333,2.8,21,8,0,20500.0,4,Group B,Male,1
APP101181,732,71300.0,0.437,2.8,40,6,0,5400.0,5,Group A,Male,0
APP101182,715,96900.0,0.322,1.1,49,9,0,23200.0,1,Group A,Female,1
APP101183,653,71900.0,0.286,3.4,44,5,1,37100.0,1,Group A,Male,0
APP101184,761,70000.0,0.217,1.1,26,6,0,29700.0,3,Group A,Male,0
APP101185,723,89400.0,0.35,5.0,52,7,0,13000.0,4,Group B,Male,1
APP101186,705,58400.0,0.459,8.4,64,8,0,15400.0,1,Group A,Male,1
APP101187,686,41700.0,0.2,0.9,31,5,0,34100.0,5,Group B,Male,0
APP101188,713,68100.0,0.308,4.1,32,8,0,7800.0,1,Group A,Male,1
APP101189,561,82200.0,0.303,9.7,41,4,1,20400.0,3,Group A,Female,1
APP101190,696,90200.0,0.367,8.7,39,3,0,12000.0,2,Group A,Female,0
APP101191,787,90300.0,0.369,6.4,55,7,1,13800.0,5,Group A,Male,1
APP101192,694,66400.0,0.399,1.0,44,10,0,21600.0,3,Group B,Female,0
APP101193,685,63900.0,0.549,7.3,38,7,1,23300.0,5,Group B,Male,0
APP101194,641,53800.0,0.244,0.7,34,5,0,13700.0,5,Group B,Female,0
APP101195,712,74000.0,0.238,8.0,23,7,0,25800.0,2,Group A,Female,0
APP101196,667,28600.0,0.367,1.6,57,12,2,24600.0,4,Group A,Male,0
APP101197,765,68500.0,0.5,0.9,49,4,0,25000.0,4,Group A,Female,0
APP101198,624,136400.0,0.179,10.5,40,4,0,19900.0,1,Group A,Female,0
APP101199,651,31900.0,0.376,9.7,42,6,0,31500.0,3,Group B,Female,0
APP101200,641,71800.0,0.318,3.8,40,1,2,9000.0,4,Group A,Male,1
APP101201,799,77100.0,0.434,2.5,21,7,1,19600.0,1,Group A,Male,0
APP101202,668,80200.0,0.409,11.3,24,7,0,14800.0,3,Group B,Male,1
APP101203,644,44800.0,0.345,0.1,39,5,0,21200.0,4,Group B,Female,0
APP101204,544,80400.0,0.394,0.4,38,10,0,28000.0,2,Group A,Female,1
APP101205,621,55200.0,0.268,16.4,41,6,0,6300.0,2,Group A,Male,1
APP101206,714,33700.0,0.428,2.6,61,4,0,18100.0,2,Group A,Female,1
APP101207,714,90800.0,0.493,2.0,38,4,0,13100.0,4,Group A,Male,0
APP101208,638,84000.0,0.351,8.1,32,3,0,28800.0,2,Group A,Male,1
APP101209,641,44800.0,0.295,21.0,42,8,2,32200.0,4,Group A,Female,0
APP101210,801,54900.0,0.324,6.7,24,6,0,7700.0,5,Group B,Male,1
APP101211,850,54100.0,0.427,5.1,43,7,1,23400.0,2,Group B,Female,1
APP101212,755,28600.0,0.335,11.1,32,8,0,48000.0,2,Group A,Female,0
APP101213,781,86300.0,0.208,2.8,44,9,0,19900.0,2,Group A,Female,1
APP101214,795,87200.0,0.445,1.5,39,7,0,17800.0,4,Group A,Female,0
APP101215,824,60000.0,0.232,1.7,39,6,1,21800.0,1,Group A,Male,1
APP101216,660,67300.0,0.387,1.1,49,7,0,26300.0,5,Group A,Female,0
APP101217,623,70800.0,0.135,0.4,50,4,1,30600.0,3,Group A,Female,1
APP101218,799,73900.0,0.352,1.6,65,3,0,32100.0,3,Group A,Male,1
APP101219,617,35700.0,0.332,1.1,49,7,0,9100.0,2,Group A,Male,0
APP101220,613,79700.0,0.124,2.2,38,3,0,28700.0,3,Group A,Male,0
APP101221,615,39800.0,0.377,6.8,33,2,0,17500.0,3,Group A,Male,0
APP101222,671,84400.0,0.219,0.9,45,8,0,16400.0,3,Group B,Female,0
APP101223,551,42400.0,0.349,5.5,59,3,0,15700.0,1,Group A,Male,0
APP101224,587,36800.0,0.295,3.0,51,7,1,24700.0,3,Group A,Female,0
APP101225,640,67300.0,0.177,2.9,32,5,0,13400.0,4,Group B,Male,1
APP101226,602,66800.0,0.225,1.8,46,4,0,30300.0,3,Group A,Male,0
APP101227,749,70500.0,0.234,2.8,44,6,0,16700.0,2,Group A,Male,1
APP101228,680,46600.0,0.448,14.3,54,5,1,25300.0,4,Group B,Male,1
APP101229,718,72900.0,0.432,3.1,45,1,2,23100.0,3,Group A,Female,0
APP101230,710,75100.0,0.581,8.1,44,9,0,9000.0,2,Group A,Male,0
APP101231,667,96000.0,0.284,1.1,27,5,0,9900.0,3,Group A,Male,0
APP101232,744,72400.0,0.28,0.5,51,5,0,24000.0,3,Group A,Male,0
APP101233,709,53600.0,0.355,0.0,24,3,0,5700.0,3,Group A,Male,1
APP101234,659,35700.0,0.301,6.3,42,12,1,19300.0,3,Group A,Female,0
APP101235,571,31300.0,0.276,1.4,34,4,1,13800.0,1,Group A,Female,0
APP101236,714,75800.0,0.346,3.0,34,10,0,14300.0,1,Group A,Male,0
APP101237,598,87000.0,0.417,10.5,48,9,1,21400.0,3,Group A,Female,1
APP101238,705,46600.0,0.108,2.1,41,8,1,29900.0,1,Group A,Male,1
APP101239,685,74100.0,0.277,0.8,21,3,1,22900.0,1,Group A,Female,1
APP101240,592,63800.0,0.186,3.2,39,6,0,5700.0,4,Group B,Female,0
APP101241,697,85200.0,0.323,2.0,36,7,1,18400.0,2,Group A,Male,1
APP101242,692,88800.0,0.388,5.6,56,12,0,25600.0,5,Group A,Female,1
APP101243,693,18000.0,0.463,12.5,26,8,0,15100.0,1,Group A,Female,0
APP101244,690,92800.0,0.292,8.9,64,11,0,17100.0,2,Group A,Male,1
APP101245,638,74100.0,0.352,3.0,51,5,0,13100.0,5,Group A,Female,0
APP101246,718,55200.0,0.155,0.8,38,7,0,28000.0,5,Group A,Female,1
APP101247,635,55900.0,0.245,18.2,36,7,1,8900.0,1,Group A,Male,1
APP101248,610,68800.0,0.363,5.1,33,3,0,14300.0,4,Group B,Female,0
APP101249,724,55900.0,0.191,18.7,45,4,0,8500.0,2,Group B,Female,1
APP101250,741,45500.0,0.476,6.9,32,5,0,25100.0,3,Group A,Female,0
APP101251,719,51000.0,0.398,0.2,40,5,0,8700.0,1,Group A,Male,1
APP101252,667,43000.0,0.24,17.4,28,4,0,11300.0,2,Group A,Female,1
APP101253,554,100300.0,0.177,1.9,50,9,0,15100.0,1,Group A,Female,0
APP101254,776,69300.0,0.261,0.1,43,5,0,19100.0,3,Group A,Female,1
APP101255,553,122100.0,0.241,2.8,35,3,0,14500.0,1,Group B,Male,1
APP101256,718,76900.0,0.206,3.1,38,7,0,18000.0,3,Group B,Male,1
APP101257,817,82100.0,0.185,1.7,33,4,2,1000.0,4,Group B,Female,1
APP101258,690,42500.0,0.315,0.1,45,3,0,24100.0,1,Group A,Female,0
APP101259,699,62800.0,0.421,4.5,26,1,0,20900.0,2,Group B,Male,1
APP101260,705,69700.0,0.262,6.7,52,2,0,18600.0,2,Group A,Female,0
APP101261,693,52700.0,0.389,3.9,43,7,0,1000.0,1,Group A,Female,1
APP101262,833,56800.0,0.304,7.6,36,5,1,18300.0,1,Group A,Female,1
APP101263,625,78100.0,0.407,0.2,48,6,1,11800.0,3,Group B,Male,0
APP101264,617,78600.0,0.253,19.5,46,3,1,12200.0,1,Group A,Female,0
APP101265,659,35900.0,0.371,9.2,28,9,0,17800.0,5,Group B,Male,0
APP101266,793,74800.0,0.353,0.0,57,4,1,28800.0,3,Group A,Male,1
APP101267,643,81300.0,0.49,7.9,21,4,0,34600.0,3,Group B,Female,0
APP101268,708,53800.0,0.401,4.0,54,6,0,28800.0,2,Group A,Female,1
APP101269,750,51400.0,0.368,6.3,39,11,0,16800.0,4,Group A,Male,1
APP101270,731,78600.0,0.178,20.2,53,6,0,32600.0,1,Group B,Female,1
APP101271,746,18000.0,0.282,11.6,58,6,0,31300.0,3,Group A,Female,0
APP101272,772,68100.0,0.252,2.0,36,7,2,18700.0,4,Group A,Male,1
APP101273,700,107200.0,0.25,2.1,36,3,0,1300.0,1,Group A,Male,0
APP101274,650,18000.0,0.342,0.8,45,8,1,10300.0,3,Group A,Female,0
APP101275,690,87700.0,0.366,2.4,27,6,0,1000.0,5,Group A,Female,1
APP101276,658,81100.0,0.371,8.9,37,5,0,13800.0,2,Group A,Male,0
APP101277,844,33500.0,0.479,1.6,36,4,0,18700.0,5,Group A,Female,1
APP101278,645,80500.0,0.393,1.8,27,6,0,2600.0,4,Group B,Female,0
APP101279,711,92000.0,0.205,1.6,35,1,0,26000.0,3,Group A,Female,1
APP101280,582,39800.0,0.362,3.6,50,6,0,19700.0,2,Group A,Female,0
APP101281,689,51000.0,0.404,0.8,49,2,0,1500.0,1,Group A,Male,1
APP101282,661,68600.0,0.479,0.6,39,8,2,20000.0,5,Group A,Male,1
APP101283,724,91500.0,0.323,9.2,42,6,0,2000.0,1,Group A,Male,0
APP101284,726,55000.0,0.324,0.2,37,4,0,36700.0,2,Group B,Female,0
APP101285,772,67000.0,0.459,1.1,21,5,0,6500.0,5,Group B,Female,1
APP101286,767,52000.0,0.36,1.0,29,6,0,9500.0,4,Group A,Female,0
APP101287,676,68600.0,0.164,10.9,53,4,1,14000.0,5,Group A,Male,0
APP101288,619,93100.0,0.141,2.7,55,5,1,19000.0,3,Group A,Female,0
APP101289,626,70500.0,0.542,9.3,31,6,0,14300.0,5,Group A,Male,1
APP101290,700,59400.0,0.151,12.2,54,6,0,3800.0,3,Group A,Male,0
APP101291,690,67200.0,0.322,14.3,27,7,0,18700.0,2,Group A,Male,1
APP101292,697,48800.0,0.437,0.9,35,7,0,12700.0,3,Group A,Female,0
APP101293,645,44100.0,0.146,1.2,40,9,0,12500.0,1,Group A,Male,0
APP101294,773,96900.0,0.221,3.7,38,10,0,32300.0,1,Group A,Female,1
APP101295,584,107300.0,0.203,8.5,33,4,0,14300.0,1,Group A,Female,1
APP101296,642,25000.0,0.538,8.4,43,10,1,14900.0,2,Group A,Female,0
APP101297,610,82000.0,0.562,0.9,50,1,1,19300.0,1,Group A,Male,0
APP101298,666,88600.0,0.259,4.6,24,9,0,22400.0,3,Group B,Female,0
APP101299,761,38900.0,0.404,,43,6,0,20400.0,3,Group A,Female,1
APP101300,661,56700.0,0.374,5.6,53,11,1,1000.0,3,Group A,Male,1
APP101301,687,54200.0,0.309,4.7,36,9,0,15200.0,4,Group A,Female,1
APP101302,723,113600.0,0.161,10.6,34,4,1,14400.0,5,Group B,Female,1
APP101303,658,107700.0,0.594,3.0,31,5,0,7100.0,4,Group A,Male,1
APP101304,705,45900.0,0.14,0.7,65,5,0,6400.0,5,Group B,Female,1
APP101305,696,33000.0,0.363,3.5,59,5,0,27900.0,3,Group B,Male,0
APP101306,606,86600.0,0.269,11.2,37,6,0,19100.0,5,Group A,Male,0
APP101307,650,81100.0,0.451,4.9,55,5,0,13000.0,1,Group A,Female,0
APP101308,703,97900.0,0.433,0.8,35,12,1,20900.0,1,Group A,Male,1
APP101309,763,42600.0,0.232,3.5,39,8,0,28900.0,4,Group B,Male,0
APP101310,763,85400.0,0.253,1.1,28,3,0,22600.0,3,Group A,Male,1
APP101311,816,50400.0,0.169,4.7,21,5,0,30100.0,5,Group B,Male,1
APP101312,712,83000.0,0.361,1.2,34,7,0,20300.0,1,Group A,Male,1
APP101313,653,67100.0,0.418,1.9,36,3,0,24100.0,4,Group A,Female,1
APP101314,676,113600.0,0.291,4.3,46,6,0,15900.0,1,Group A,Male,1
APP101315,673,78700.0,0.313,7.4,49,5,0,28800.0,2,Group B,Male,0
APP101316,653,60500.0,0.55,0.1,40,4,0,33200.0,2,Group A,Female,0
APP101317,705,71300.0,0.443,1.7,29,12,0,19700.0,2,Group A,Female,0
APP101318,708,65600.0,0.488,0.6,33,6,0,6400.0,4,Group B,Male,0
APP101319,604,40300.0,0.093,2.7,60,5,0,19100.0,3,Group B,Male,0
APP101320,751,114200.0,0.4,8.8,49,2,0,17200.0,1,Group A,Male,1
APP101321,561,106400.0,0.368,1.4,58,6,0,24100.0,1,Group A,Male,0
APP101322,666,63800.0,0.202,6.0,62,13,0,14800.0,4,Group A,Male,0
APP101323,755,84800.0,0.225,0.7,33,7,1,18900.0,3,Group B,Female,1
APP101324,719,117200.0,0.316,16.1,51,3,0,23400.0,3,Group A,Female,1
APP101325,657,97700.0,0.192,7.3,30,3,0,12100.0,1,Group B,Male,1
APP101326,808,60600.0,0.252,3.5,53,1,0,20900.0,4,Group A,Female,1
APP101327,651,65900.0,0.289,13.8,51,9,0,20100.0,1,Group A,Male,1
APP101328,550,26800.0,0.403,17.2,21,7,0,1000.0,1,Group A,Male,0
APP101329,709,86600.0,0.262,2.4,46,6,0,16700.0,2,Group A,Male,1
APP101330,564,97800.0,0.291,5.8,31,6,0,4700.0,4,Group B,Male,1
APP101331,626,98000.0,0.453,2.7,37,5,0,30500.0,2,Group A,Female,0
APP101332,720,84800.0,0.146,0.2,33,7,0,12600.0,2,Group A,Male,1
APP101333,650,76500.0,0.365,28.0,52,4,0,13900.0,3,Group B,Female,0
APP101334,718,44100.0,0.383,1.8,33,12,0,25200.0,5,Group B,Male,0
APP101335,605,75700.0,0.386,0.1,26,4,0,1000.0,2,Group B,Female,0
APP101336,736,52800.0,0.285,0.3,31,5,1,7400.0,1,Group A,Female,1
APP101337,570,80600.0,0.223,2.4,38,11,1,29500.0,4,Group A,Male,0
APP101338,766,49700.0,0.507,3.5,46,6,0,17400.0,5,Group B,Male,1
APP101339,649,80500.0,0.246,3.7,55,8,0,4700.0,1,Group A,Female,0
APP101340,780,99800.0,0.217,2.2,47,7,0,11000.0,1,Group A,Female,0
APP101341,625,77100.0,0.342,1.0,48,4,0,5800.0,4,Group B,Male,1
APP101342,805,75900.0,0.259,4.7,50,9,1,11900.0,1,Group A,Female,1
APP101343,618,89900.0,0.456,4.6,51,5,0,14500.0,1,Group A,Male,1
APP101344,563,110500.0,0.311,2.5,53,1,1,33700.0,4,Group B,Male,0
APP101345,683,65400.0,0.47,2.7,71,9,0,8100.0,4,Group A,Female,0
APP101346,760,80500.0,0.389,2.7,51,5,0,5400.0,4,Group A,Male,1
APP101347,731,104300.0,0.297,11.9,44,8,0,15300.0,4,Group A,Male,1
APP101348,756,84100.0,0.463,2.7,35,8,0,18200.0,3,Group A,Male,1
APP101349,733,19900.0,0.268,14.6,45,9,0,14900.0,3,Group A,Male,1
APP101350,627,50800.0,0.305,1.6,55,2,0,17400.0,2,Group B,Male,0
APP101351,730,86000.0,0.398,1.5,26,4,2,32500.0,1,Group B,Male,1
APP101352,686,58400.0,0.365,1.7,56,6,0,7900.0,3,Group A,Female,1
APP101353,634,102600.0,0.266,,36,10,1,16100.0,3,Group A,Female,1
APP101354,692,112600.0,0.171,19.9,38,7,1,30600.0,5,Group B,Male,0
APP101355,676,53800.0,0.338,2.8,47,4,0,33500.0,3,Group A,Male,0
APP101356,772,43200.0,0.26,9.3,35,5,1,21000.0,1,Group A,Female,0
APP101357,647,59300.0,0.343,3.6,47,5,0,1700.0,1,Group A,Male,0
APP101358,643,57900.0,0.294,3.8,27,5,1,25100.0,5,Group B,Male,1
APP101359,635,104900.0,0.261,4.9,52,7,0,25600.0,1,Group A,Female,0
APP101360,803,43200.0,0.311,8.7,43,7,0,21200.0,1,Group A,Male,1
APP101361,638,85800.0,0.332,6.8,41,4,0,14200.0,1,Group A,Female,1
APP101362,764,101300.0,0.416,3.0,44,6,0,11600.0,2,Group A,Female,1
APP101363,613,87700.0,0.387,6.7,41,7,1,26400.0,5,Group A,Female,0
APP101364,713,78500.0,0.57,1.8,46,7,2,21800.0,2,Group A,Male,1
APP101365,697,64100.0,0.356,1.6,39,6,1,28000.0,1,Group A,Male,0
APP101366,760,112400.0,0.266,3.4,38,8,0,15700.0,2,Group A,Male,1
APP101367,751,62100.0,0.322,6.0,21,5,0,22300.0,2,Group A,Female,0
APP101368,685,90800.0,0.403,2.6,57,6,1,8600.0,3,Group A,Female,1
APP101369,645,64200.0,0.45,2.2,27,7,0,32000.0,3,Group A,Female,1
APP101370,786,23800.0,0.488,3.5,60,7,0,34200.0,1,Group A,Male,1
APP101371,639,61500.0,0.228,0.5,38,4,1,17900.0,5,Group B,Female,0
APP101372,533,64200.0,0.481,9.3,56,9,0,1900.0,1,Group A,Female,1
APP101373,559,64600.0,0.335,,54,3,0,29000.0,4,Group B,Female,1
APP101374,575,52200.0,0.238,6.4,53,6,1,36700.0,3,Group B,Female,0
APP101375,719,83000.0,0.318,1.6,42,3,1,15000.0,4,Group A,Male,0
APP101376,824,85700.0,0.473,0.2,27,8,0,14900.0,1,Group A,Male,1
APP101377,547,60700.0,0.39,2.3,39,7,0,14900.0,5,Group B,Female,0
APP101378,629,60500.0,0.207,0.1,37,8,0,15500.0,4,Group A,Male,1
APP101379,686,42800.0,0.208,1.0,40,13,0,28000.0,4,Group A,Male,0
APP101380,780,74100.0,0.204,0.3,26,5,1,22600.0,1,Group A,Male,1
APP101381,629,101100.0,0.26,3.9,38,8,1,8400.0,2,Group A,Male,1
APP101382,718,101100.0,0.349,0.1,21,8,0,15500.0,1,Group A,Female,1
APP101383,664,53600.0,0.216,8.8,37,2,1,20700.0,4,Group B,Male,0
APP101384,849,115800.0,0.293,9.9,43,5,0,12300.0,1,Group B,Male,1
APP101385,689,59300.0,0.494,2.8,32,7,0,22000.0,2,Group A,Female,1
APP101386,703,43600.0,0.518,10.0,38,7,0,19100.0,4,Group B,Female,1
APP101387,685,35300.0,0.511,1.5,43,2,1,28100.0,4,Group A,Male,0
APP101388,653,42200.0,0.143,15.9,53,4,0,24800.0,3,Group B,Male,0
APP101389,742,76000.0,0.524,2.7,54,6,0,13900.0,5,Group A,Male,0
APP101390,605,61800.0,0.35,3.4,45,5,0,18400.0,3,Group B,Male,1
APP101391,550,52800.0,0.349,1.8,41,7,0,11100.0,2,Group B,Male,0
APP101392,670,47700.0,0.453,13.3,45,12,0,36600.0,4,Group A,Male,0
APP101393,733,41900.0,0.417,15.2,63,6,0,24100.0,1,Group A,Female,1
APP101394,642,46600.0,0.134,1.2,47,7,0,5500.0,3,Group B,Female,1
APP101395,692,92400.0,0.273,7.8,44,5,0,15900.0,5,Group A,Female,0
APP101396,601,111300.0,0.3,1.3,54,8,0,3400.0,1,Group A,Male,1
APP101397,749,112800.0,0.194,3.1,42,8,1,14200.0,1,Group B,Male,1
APP101398,722,84500.0,0.45,2.0,31,7,0,18700.0,3,Group A,Female,1
APP101399,681,56200.0,0.498,3.4,47,6,0,25800.0,1,Group A,Female,1
APP101400,691,52000.0,0.339,2.3,43,7,0,27000.0,1,Group A,Female,0
APP101401,589,86100.0,0.373,10.2,38,9,0,5700.0,2,Group A,Male,1
APP101402,592,62100.0,0.339,4.1,48,5,1,19600.0,5,Group B,Male,1
APP101403,672,77900.0,0.351,,21,5,0,20900.0,3,Group A,Male,1
APP101404,713,114300.0,0.463,1.2,35,8,2,18800.0,1,Group A,Female,1
APP101405,717,73200.0,0.146,12.2,30,4,0,4500.0,2,Group A,Male,1
APP101406,656,122700.0,0.393,1.9,32,4,0,10700.0,5,Group B,Female,0
APP101407,728,41000.0,0.341,0.7,39,4,0,16300.0,3,Group A,Female,0
APP101408,772,78700.0,0.262,12.1,30,7,1,25000.0,4,Group B,Female,0
APP101409,674,75500.0,0.285,3.0,61,6,0,9600.0,5,Group B,Male,0
APP101410,700,44400.0,0.542,4.6,46,8,0,13000.0,5,Group B,Female,0
APP101411,666,87200.0,0.194,4.0,31,5,0,15600.0,2,Group B,Female,1
APP101412,672,104700.0,0.321,5.5,21,8,1,3300.0,3,Group B,Male,1
APP101413,691,120900.0,0.519,5.5,34,8,0,14400.0,4,Group B,Female,1
APP101414,791,77900.0,0.2,0.7,37,3,0,21400.0,1,Group A,Female,1
APP101415,739,22400.0,0.29,6.7,33,8,0,9200.0,4,Group B,Female,0
APP101416,734,79400.0,0.345,5.3,72,6,0,13600.0,4,Group A,Male,1
APP101417,651,85800.0,0.385,8.9,21,10,1,12700.0,2,Group A,Female,0
APP101418,622,62400.0,0.331,0.5,42,9,0,23700.0,3,Group B,Male,0
APP101419,705,73200.0,0.242,0.1,39,6,0,3000.0,5,Group B,Male,1
APP101420,761,56400.0,0.389,10.2,38,8,1,12900.0,5,Group B,Male,0
APP101421,792,64800.0,0.329,2.8,21,3,0,31700.0,4,Group A,Male,0
APP101422,521,92400.0,0.409,1.0,40,4,0,28000.0,5,Group A,Male,0
APP101423,839,101300.0,0.442,3.5,43,6,1,27400.0,2,Group A,Male,1
APP101424,707,37500.0,0.177,18.6,50,9,2,30200.0,2,Group A,Female,0
APP101425,739,55700.0,0.454,10.3,47,6,0,9300.0,2,Group A,Male,1
APP101426,567,29900.0,0.312,0.6,56,9,0,29400.0,5,Group A,Female,0
APP101427,665,112100.0,0.431,5.5,21,4,1,1000.0,2,Group A,Male,0
APP101428,733,88900.0,0.394,4.9,38,4,1,13000.0,3,Group B,Female,1
APP101429,604,20000.0,0.544,1.1,71,8,0,23600.0,5,Group A,Female,0
APP101430,492,66500.0,0.341,18.3,54,2,0,19700.0,3,Group B,Female,0
APP101431,702,61200.0,0.296,1.2,24,3,0,20000.0,2,Group A,Female,0
APP101432,677,49900.0,0.284,7.2,42,6,0,9300.0,2,Group A,Female,1
APP101433,774,92900.0,0.226,1.5,28,7,0,1000.0,3,Group A,Male,1
APP101434,670,92300.0,0.429,4.2,36,4,1,21400.0,4,Group A,Male,0
APP101435,674,74500.0,0.219,3.0,65,7,0,27000.0,5,Group B,Male,0
APP101436,725,52600.0,0.428,5.7,53,10,0,18900.0,2,Group A,Male,1
APP101437,747,52800.0,0.315,12.4,23,14,1,20100.0,2,Group A,Male,1
APP101438,634,69100.0,0.146,2.9,32,6,0,21300.0,2,Group B,Male,1
APP101439,741,57000.0,0.504,4.6,41,10,0,10300.0,2,Group B,Female,0
APP101440,646,67900.0,0.02,0.1,38,10,0,16500.0,4,Group A,Female,0
APP101441,681,81400.0,0.331,0.0,45,4,0,7200.0,1,Group A,Female,1
APP101442,724,31200.0,0.366,2.9,32,9,0,27100.0,2,Group A,Female,0
APP101443,735,49800.0,0.086,1.1,37,2,0,1000.0,4,Group A,Male,1
APP101444,701,67200.0,0.389,8.2,32,6,1,15500.0,2,Group A,Male,0
APP101445,610,105600.0,0.266,6.6,37,5,1,33500.0,2,Group A,Female,0
APP101446,558,88300.0,0.313,9.4,49,4,0,22200.0,3,Group B,Female,0
APP101447,668,67900.0,0.488,2.8,45,7,0,7700.0,1,Group A,Male,0
APP101448,743,77700.0,0.356,3.6,33,11,0,21800.0,4,Group A,Male,0
APP101449,709,65600.0,0.301,0.8,55,5,0,25200.0,1,Group A,Male,0
APP101450,696,93900.0,0.321,0.9,54,5,0,19400.0,5,Group B,Male,1
APP101451,680,78400.0,0.535,14.5,41,5,0,23100.0,3,Group A,Male,0
APP101452,700,98700.0,0.385,15.9,38,7,0,6900.0,4,Group B,Male,0
APP101453,615,35500.0,0.243,1.9,62,13,0,11700.0,2,Group B,Female,0
APP101454,731,48700.0,0.286,3.0,60,6,0,21000.0,1,Group A,Female,1
APP101455,735,74600.0,0.209,0.6,23,3,1,15000.0,3,Group A,Female,0
APP101456,657,79800.0,0.29,8.2,55,3,0,14000.0,1,Group A,Female,1
APP101457,708,125600.0,0.517,4.4,62,6,1,8800.0,4,Group A,Female,0
APP101458,568,24600.0,0.322,6.1,49,8,0,30500.0,4,Group B,Male,1
APP101459,692,67200.0,0.193,6.8,35,7,0,18800.0,2,Group A,Female,0
APP101460,671,66100.0,0.387,1.1,37,7,0,26700.0,1,Group B,Male,0
APP101461,762,73700.0,0.297,2.7,62,7,1,1000.0,2,Group A,Female,0
APP101462,667,109600.0,0.402,0.9,51,1,1,26400.0,3,Group A,Male,1
APP101463,736,89000.0,0.313,6.0,48,6,0,7700.0,1,Group A,Female,0
APP101464,655,29500.0,0.499,3.8,69,3,0,15500.0,3,Group A,Female,0
APP101465,531,104800.0,0.24,9.3,29,4,1,19700.0,1,Group A,Male,0
APP101466,665,104100.0,0.212,12.7,40,10,0,35800.0,1,Group A,Male,1
APP101467,693,74300.0,0.443,4.3,43,3,0,34300.0,3,Group A,Male,0
APP101468,690,29200.0,0.12,0.4,38,7,1,17400.0,4,Group B,Female,0
APP101469,691,64400.0,0.321,3.3,21,5,0,21800.0,1,Group A,Female,0
APP101470,647,79200.0,0.428,3.3,53,5,1,12600.0,3,Group B,Male,0
APP101471,659,91900.0,0.099,4.3,32,10,0,18400.0,3,Group A,Female,1
APP101472,607,25500.0,0.347,2.0,32,4,0,17800.0,1,Group A,Male,0
APP101473,550,49500.0,0.175,3.1,37,6,0,20900.0,1,Group A,Male,0
APP101474,673,94400.0,0.137,9.3,38,13,0,13000.0,2,Group A,Male,1
APP101475,632,104000.0,0.223,5.1,40,8,2,22400.0,3,Group A,Female,0
APP101476,750,78300.0,0.32,1.6,53,11,0,21300.0,2,Group A,Male,1
APP101477,538,95600.0,0.262,0.5,55,8,0,8300.0,4,Group B,Male,0
APP101478,699,78900.0,0.462,7.9,38,9,0,17000.0,3,Group A,Male,0
APP101479,818,91100.0,0.349,0.7,34,4,0,13200.0,5,Group A,Female,1
APP101480,668,71500.0,0.286,3.1,39,5,1,36300.0,2,Group A,Male,0
APP101481,680,79500.0,0.196,4.6,30,7,0,29500.0,1,Group A,Female,1
APP101482,708,38700.0,0.365,6.6,41,4,0,26900.0,1,Group A,Female,1
APP101483,713,85300.0,0.566,0.2,30,4,0,13500.0,1,Group A,Female,1
APP101484,653,37900.0,0.263,0.4,67,10,2,34600.0,2,Group A,Male,0
APP101485,614,85300.0,0.276,4.6,43,6,0,14900.0,4,Group A,Female,1
APP101486,722,57500.0,0.223,1.7,35,8,1,11600.0,4,Group B,Male,1
APP101487,556,76900.0,0.47,0.8,49,11,1,38400.0,1,Group A,Male,0
APP101488,734,45100.0,0.442,35.0,26,6,0,24000.0,2,Group B,Male,1
APP101489,655,55900.0,0.291,10.7,32,8,0,10900.0,5,Group A,Male,1
APP101490,680,76800.0,0.274,14.9,46,5,0,14500.0,1,Group A,Female,0
APP101491,646,86100.0,0.236,6.9,43,6,2,25000.0,5,Group B,Female,0
APP101492,773,94300.0,0.308,1.8,54,3,1,15300.0,4,Group A,Female,1
APP101493,696,40400.0,0.452,1.6,21,8,0,17200.0,3,Group B,Male,1
APP101494,659,32000.0,0.345,4.9,51,11,0,33100.0,3,Group A,Female,0
APP101495,657,44600.0,0.482,3.0,34,7,0,12100.0,2,Group A,Female,0
APP101496,670,42400.0,0.261,1.1,27,4,0,13800.0,1,Group B,Male,1
APP101497,836,105600.0,0.086,4.8,21,5,0,43200.0,2,Group A,Male,1
APP101498,594,100200.0,0.627,1.8,34,8,3,22300.0,1,Group A,Female,0
APP101499,750,44100.0,0.364,5.8,60,9,0,22600.0,3,Group A,Male,0
APP101500,717,109000.0,0.426,0.6,53,8,0,31900.0,4,Group A,Male,1
APP101501,780,98700.0,0.253,0.5,61,8,1,23200.0,1,Group B,Female,1
APP101502,721,28900.0,0.19,16.2,40,6,0,30000.0,3,Group A,Male,0
APP101503,680,43300.0,0.357,28.1,42,6,0,5400.0,1,Group A,Male,1
APP101504,746,28200.0,0.121,7.2,22,5,0,22500.0,5,Group B,Female,0
APP101505,695,65900.0,0.311,10.7,22,8,1,16600.0,3,Group A,Female,0
APP101506,729,68400.0,0.452,2.2,39,7,0,22700.0,4,Group B,Female,0
APP101507,773,68400.0,0.389,0.1,24,8,1,1000.0,4,Group A,Female,1
APP101508,686,19400.0,0.368,5.7,31,5,0,5200.0,1,Group A,Female,1
APP101509,652,33700.0,0.532,4.5,42,7,0,17600.0,4,Group B,Female,0
APP101510,638,74200.0,0.381,2.3,56,4,2,24800.0,2,Group A,Female,0
APP101511,709,82900.0,0.131,0.0,41,8,0,6300.0,2,Group A,Female,1
APP101512,623,19500.0,0.324,3.2,25,4,0,13100.0,3,Group A,Male,0
APP101513,657,37300.0,0.552,1.5,21,5,0,21300.0,5,Group B,Female,0
APP101514,617,92500.0,0.306,0.7,42,6,0,17200.0,2,Group B,Female,1
APP101515,713,38600.0,0.545,3.7,33,6,0,27400.0,4,Group A,Male,0
APP101516,631,67600.0,0.453,20.2,42,7,0,28300.0,2,Group A,Female,0
APP101517,596,36300.0,0.295,2.8,39,5,1,8600.0,2,Group B,Female,0
APP101518,608,88000.0,0.221,2.4,40,8,1,17300.0,2,Group A,Male,1
APP101519,643,19600.0,0.377,8.2,55,6,0,13300.0,3,Group A,Male,1
APP101520,649,60700.0,0.48,1.6,54,4,0,29500.0,3,Group A,Male,0
APP101521,696,90600.0,0.166,0.4,45,3,0,26200.0,4,Group A,Male,1
APP101522,669,82600.0,0.353,4.9,30,7,1,9600.0,1,Group B,Male,0
APP101523,704,56900.0,0.115,1.1,34,10,0,30400.0,4,Group B,Male,1
APP101524,709,51200.0,0.303,4.5,50,8,0,6100.0,5,Group B,Male,0
APP101525,728,62400.0,0.158,12.0,57,3,0,13900.0,1,Group A,Male,1
APP101526,556,37100.0,0.402,6.5,26,4,2,8300.0,3,Group A,Female,0
APP101527,607,65600.0,0.264,3.6,59,6,1,14000.0,1,Group A,Female,1
APP101528,716,66000.0,0.467,16.2,32,7,1,1000.0,3,Group A,Male,1
APP101529,694,58000.0,0.281,5.6,49,7,1,18000.0,3,Group A,Male,1
APP101530,744,92000.0,0.271,2.4,75,11,0,2600.0,4,Group A,Male,1
APP101531,580,42300.0,0.162,14.7,22,6,0,13700.0,1,Group A,Male,0
APP101532,649,27100.0,0.383,5.5,47,6,0,28400.0,1,Group A,Male,0
APP101533,661,55400.0,0.394,1.5,37,3,0,19500.0,4,Group B,Male,0
APP101534,691,71000.0,0.443,6.3,46,7,0,38100.0,3,Group A,Male,0
APP101535,682,65400.0,0.412,10.6,34,4,1,27700.0,2,Group A,Female,1
APP101536,710,64400.0,0.384,9.7,21,3,0,27500.0,5,Group B,Male,1
APP101537,673,41000.0,0.406,1.0,32,0,0,13100.0,3,Group B,Female,1
APP101538,769,44400.0,0.417,3.7,45,7,0,15500.0,1,Group B,Male,1
APP101539,790,56300.0,0.44,4.9,57,12,0,22800.0,4,Group A,Male,1
APP101540,607,54400.0,0.172,0.3,46,9,0,13500.0,1,Group B,Female,0
APP101541,683,94400.0,0.289,1.9,59,6,0,18100.0,5,Group A,Male,1
APP101542,732,74300.0,0.161,5.3,35,9,0,28200.0,1,Group A,Female,0
APP101543,718,55200.0,0.377,1.0,34,6,0,19300.0,1,Group A,Female,0
APP101544,653,94300.0,0.519,3.2,45,10,0,5000.0,1,Group A,Female,0
APP101545,697,78700.0,0.439,9.6,36,9,0,24200.0,4,Group A,Male,0
APP101546,577,35400.0,0.273,,54,4,0,14200.0,5,Group A,Female,0
APP101547,679,18000.0,0.396,1.8,24,4,0,13300.0,4,Group B,Male,1
APP101548,585,36200.0,0.378,3.2,51,7,0,39800.0,2,Group A,Male,0
APP101549,713,82300.0,0.366,2.1,55,5,0,19400.0,1,Group A,Male,0
APP101550,607,89400.0,0.197,10.8,45,9,1,36900.0,1,Group A,Female,0
APP101551,691,28200.0,0.485,8.1,52,9,0,11300.0,4,Group A,Female,1
APP101552,701,83800.0,0.21,14.5,33,8,0,12000.0,1,Group A,Male,1
APP101553,685,82900.0,0.3,8.1,31,11,0,13700.0,5,Group A,Male,0
APP101554,639,101500.0,0.446,6.6,45,6,1,17100.0,5,Group A,Female,1
APP101555,666,90800.0,0.299,0.9,32,10,0,15300.0,2,Group B,Female,0
APP101556,757,100400.0,0.349,1.4,45,4,0,9100.0,1,Group B,Male,1
APP101557,652,79700.0,0.353,5.7,45,8,0,26500.0,5,Group A,Male,0
APP101558,681,78900.0,0.347,1.3,40,6,0,18900.0,4,Group A,Female,1
APP101559,644,59900.0,0.353,3.7,44,9,0,25600.0,1,Group B,Female,1
APP101560,746,87700.0,0.364,0.6,49,3,0,20900.0,1,Group B,Female,1
APP101561,685,36000.0,0.348,3.0,40,7,0,41000.0,1,Group A,Male,0
APP101562,630,64700.0,0.241,14.1,35,8,0,19400.0,1,Group B,Male,1
APP101563,680,81000.0,0.169,13.6,51,3,1,26900.0,3,Group B,Male,0
APP101564,664,101800.0,0.45,5.7,44,5,1,29700.0,2,Group B,Male,1
APP101565,771,56500.0,0.455,4.4,46,6,0,7600.0,3,Group A,Female,0
APP101566,677,91200.0,0.377,18.8,48,6,0,8600.0,2,Group A,Male,1
APP101567,590,63300.0,0.376,31.2,43,6,0,9100.0,1,Group A,Female,1
APP101568,712,91700.0,0.239,7.5,37,3,0,14800.0,2,Group A,Female,1
APP101569,796,48800.0,0.072,11.1,34,10,0,15300.0,4,Group A,Female,1
APP101570,758,85400.0,0.313,2.4,40,10,0,20200.0,2,Group A,Female,0
APP101571,608,65700.0,0.131,1.1,47,8,0,32400.0,1,Group A,Female,0
APP101572,663,39600.0,0.36,0.4,47,6,0,3700.0,5,Group A,Male,1
APP101573,678,64300.0,0.483,19.4,43,8,0,4200.0,4,Group B,Male,1
APP101574,679,99700.0,0.272,0.5,45,4,0,12900.0,2,Group A,Male,1
APP101575,705,43500.0,0.279,2.6,28,5,0,9300.0,4,Group A,Female,0
APP101576,658,32400.0,0.229,2.7,35,6,1,4500.0,4,Group B,Female,1
APP101577,620,77600.0,0.345,7.9,49,9,4,15000.0,4,Group B,Male,0
APP101578,742,27700.0,0.336,1.3,31,4,1,20100.0,1,Group B,Male,1
APP101579,607,105500.0,0.228,2.6,43,10,0,17400.0,3,Group B,Male,1
APP101580,628,104900.0,0.44,0.7,42,6,1,13000.0,2,Group B,Male,0
APP101581,607,92900.0,0.637,5.8,40,8,0,18100.0,1,Group A,Female,0
APP101582,720,67700.0,0.471,2.1,49,4,1,2500.0,3,Group A,Male,1
APP101583,687,108000.0,0.328,0.1,44,6,0,24400.0,3,Group A,Female,0
APP101584,737,100300.0,0.327,1.6,27,6,1,18100.0,2,Group A,Female,1
APP101585,629,55200.0,0.284,12.0,47,3,0,21300.0,4,Group B,Male,1
APP101586,599,102500.0,0.281,,35,4,1,18700.0,2,Group A,Male,1
APP101587,651,46100.0,0.445,0.0,25,5,0,3600.0,4,Group A,Female,1
APP101588,668,63300.0,0.45,2.3,50,5,1,14100.0,3,Group A,Female,0
APP101589,694,25000.0,0.211,10.4,27,5,1,30400.0,2,Group A,Male,0
APP101590,571,71500.0,0.38,0.8,37,3,0,23500.0,1,Group A,Male,0
APP101591,711,60900.0,0.462,6.7,45,7,0,16200.0,3,Group A,Female,0
APP101592,622,57100.0,0.301,3.1,40,3,1,25500.0,3,Group B,Female,1
APP101593,638,64000.0,0.317,0.9,34,4,2,27300.0,1,Group A,Female,1
APP101594,756,54100.0,0.417,2.2,29,10,1,30600.0,4,Group B,Female,0
APP101595,538,69000.0,0.42,7.1,32,10,0,25300.0,5,Group B,Female,0
APP101596,701,98800.0,0.387,6.7,28,5,1,31400.0,2,Group A,Male,1
APP101597,701,42500.0,0.368,2.9,39,8,0,18700.0,4,Group A,Female,0
APP101598,627,88700.0,0.383,2.8,34,4,0,26500.0,4,Group B,Male,0
APP101599,651,73200.0,0.309,1.3,24,10,1,9100.0,3,Group A,Female,1
APP101600,759,77000.0,0.217,6.5,38,8,0,25200.0,3,Group B,Female,1
APP101601,808,67300.0,0.169,1.3,33,5,0,19900.0,1,Group A,Female,1
APP101602,749,50800.0,0.406,7.0,44,7,0,23600.0,2,Group A,Male,1
APP101603,803,78700.0,0.352,1.0,45,4,0,29400.0,4,Group B,Female,1
APP101604,635,80500.0,0.39,3.5,57,4,0,10000.0,1,Group A,Female,1
APP101605,577,48800.0,0.249,1.3,49,4,0,31200.0,3,Group A,Female,0
APP101606,677,35900.0,0.351,0.6,28,5,0,24200.0,5,Group B,Female,0
APP101607,732,70000.0,0.349,2.7,21,6,0,20800.0,5,Group A,Male,0
APP101608,559,86100.0,0.481,7.9,23,7,0,7300.0,2,Group A,Male,1
APP101609,620,92100.0,0.434,5.2,35,5,1,12700.0,2,Group A,Female,0
APP101610,627,96900.0,0.259,4.1,22,4,1,26600.0,5,Group A,Female,0
APP101611,703,76900.0,0.396,2.9,34,7,0,18100.0,5,Group B,Female,0
APP101612,695,61700.0,0.258,0.8,41,8,0,28700.0,4,Group B,Female,0
APP101613,630,67900.0,0.053,3.5,34,5,1,25600.0,3,Group A,Male,0
APP101614,692,38200.0,0.53,1.5,44,7,1,11400.0,3,Group B,Male,0
APP101615,606,51600.0,0.299,5.2,34,4,1,17800.0,1,Group A,Female,0
APP101616,652,66700.0,0.454,2.1,32,4,1,17200.0,1,Group A,Male,1
APP101617,598,61600.0,0.267,3.0,61,7,0,26200.0,5,Group A,Female,0
APP101618,670,70200.0,0.251,0.1,41,2,0,18900.0,2,Group B,Female,0
APP101619,628,35000.0,0.28,0.2,42,2,0,17700.0,3,Group A,Female,0
APP101620,725,40400.0,0.368,6.1,51,8,0,22200.0,3,Group A,Male,0
APP101621,678,86600.0,0.359,,52,3,0,15800.0,3,Group A,Female,1
APP101622,665,48000.0,0.395,2.5,37,12,1,25500.0,5,Group B,Male,0
APP101623,795,51800.0,0.285,10.3,54,4,0,19800.0,5,Group A,Male,0
APP101624,705,70300.0,0.344,2.0,36,9,0,29400.0,1,Group A,Male,1
APP101625,656,45700.0,0.247,1.5,53,6,0,25300.0,1,Group B,Male,0
APP101626,642,94600.0,0.502,6.0,26,2,1,20000.0,3,Group A,Female,1
APP101627,603,37800.0,0.195,10.8,37,7,0,31400.0,2,Group A,Female,0
APP101628,676,68000.0,0.25,10.4,44,8,1,13100.0,4,Group A,Male,1
APP101629,700,50000.0,0.293,6.9,45,3,1,19800.0,2,Group A,Female,0
APP101630,556,71700.0,0.603,0.7,31,5,0,19500.0,1,Group A,Male,0
APP101631,591,56100.0,0.424,3.5,21,5,1,22000.0,5,Group B,Female,0
APP101632,646,67400.0,0.246,15.0,47,6,0,13300.0,5,Group A,Female,0
APP101633,609,97300.0,0.43,1.9,39,3,1,19500.0,2,Group B,Female,1
APP101634,683,51500.0,0.397,6.5,36,3,1,13100.0,5,Group B,Male,0
APP101635,692,51300.0,0.37,1.0,61,5,0,5500.0,1,Group A,Male,0
APP101636,672,60400.0,0.417,8.3,37,6,0,16900.0,1,Group A,Male,1
APP101637,716,103400.0,0.346,0.4,35,6,1,20700.0,5,Group B,Female,0
APP101638,642,65800.0,0.359,3.3,21,7,0,9000.0,4,Group A,Female,0
APP101639,677,97600.0,0.169,12.9,28,5,1,15100.0,4,Group B,Male,1
APP101640,615,63800.0,0.499,8.6,52,3,2,23100.0,3,Group B,Male,0
APP101641,699,96600.0,0.291,1.5,32,8,0,24300.0,3,Group A,Female,0
APP101642,685,77800.0,0.204,1.6,49,3,1,25100.0,2,Group A,Male,0
APP101643,602,81300.0,0.285,5.6,25,5,1,9100.0,1,Group A,Female,1
APP101644,670,33500.0,0.289,5.2,31,5,1,38500.0,1,Group A,Female,0
APP101645,678,30000.0,0.252,7.2,30,6,0,4400.0,4,Group A,Male,1
APP101646,698,93700.0,0.426,0.7,47,6,1,16500.0,3,Group A,Male,0
APP101647,701,93400.0,0.447,8.4,38,6,1,1000.0,3,Group B,Male,0
APP101648,633,126100.0,0.124,2.9,28,1,0,9200.0,3,Group B,Male,1
APP101649,730,32300.0,0.283,3.9,50,7,0,10200.0,1,Group B,Female,0
APP101650,714,79700.0,0.291,6.1,47,3,0,29400.0,4,Group A,Female,1
APP101651,633,43400.0,0.321,5.9,45,8,0,33200.0,1,Group A,Male,0
APP101652,606,50200.0,0.528,3.5,45,8,1,20200.0,1,Group A,Female,0
APP101653,638,55900.0,0.251,11.7,31,5,0,13800.0,2,Group A,Male,1
APP101654,584,77200.0,0.512,0.4,56,6,0,1000.0,4,Group B,Male,1
APP101655,694,52100.0,0.324,2.7,40,4,0,10800.0,1,Group A,Female,0
APP101656,757,68800.0,0.513,11.7,44,6,0,1600.0,5,Group A,Female,0
APP101657,772,88000.0,0.306,0.2,46,2,0,12000.0,2,Group B,Female,0
APP101658,609,95100.0,0.293,6.0,30,4,0,15100.0,3,Group A,Male,0
APP101659,731,84600.0,0.338,3.5,64,3,0,19900.0,1,Group A,Female,0
APP101660,685,78800.0,0.482,7.5,41,7,0,16300.0,3,Group A,Male,0
APP101661,524,64600.0,0.357,3.5,41,10,2,13900.0,3,Group A,Female,0
APP101662,658,54300.0,0.363,0.3,36,6,0,13500.0,4,Group B,Female,0
APP101663,651,80900.0,0.41,0.6,55,11,0,16700.0,2,Group A,Female,1
APP101664,759,42800.0,0.243,2.4,55,5,0,27800.0,2,Group B,Male,1
APP101665,623,70900.0,0.377,9.5,43,6,0,24100.0,3,Group B,Male,0
APP101666,717,42200.0,0.271,0.7,23,7,1,12000.0,5,Group B,Female,0
APP101667,673,67000.0,0.502,4.6,39,12,1,15000.0,5,Group A,Male,0
APP101668,586,42700.0,0.386,2.3,40,13,0,35600.0,3,Group A,Female,0
APP101669,644,58400.0,0.416,6.1,36,3,0,12600.0,1,Group B,Male,0
APP101670,780,51800.0,0.116,1.0,29,7,0,23900.0,4,Group A,Female,1
APP101671,669,48900.0,0.418,0.4,22,8,0,26900.0,5,Group A,Male,0
APP101672,739,65900.0,0.32,2.0,59,8,0,18200.0,5,Group B,Female,1
APP101673,735,18000.0,0.182,13.4,50,6,0,12200.0,1,Group A,Male,0
APP101674,651,24700.0,0.35,12.3,41,5,0,1100.0,4,Group B,Male,1
APP101675,597,87300.0,0.173,0.9,33,5,0,23500.0,2,Group B,Female,0
APP101676,605,71500.0,0.407,0.1,45,5,0,20100.0,4,Group B,Male,0
APP101677,774,50600.0,0.498,0.3,43,5,0,11500.0,2,Group A,Female,1
APP101678,690,91400.0,0.143,16.6,36,5,0,22900.0,4,Group B,Female,1
APP101679,567,52700.0,0.337,0.6,46,9,0,19300.0,1,Group A,Female,0
APP101680,734,54100.0,0.322,1.2,47,5,1,11100.0,2,Group B,Female,1
APP101681,564,49200.0,0.121,9.6,49,7,0,5200.0,5,Group B,Female,0
APP101682,626,113800.0,0.441,3.0,30,9,0,14100.0,4,Group B,Male,1
APP101683,685,73600.0,0.409,1.8,46,6,1,30900.0,3,Group A,Female,0
APP101684,844,72700.0,0.563,9.2,55,4,0,24100.0,2,Group A,Male,1
APP101685,733,79200.0,0.395,4.8,45,6,1,21500.0,1,Group A,Female,1
APP101686,649,23500.0,0.243,0.5,67,5,1,21900.0,2,Group A,Male,0
APP101687,682,53700.0,0.397,10.9,39,2,1,10400.0,2,Group A,Female,0
APP101688,740,78900.0,0.481,10.7,21,1,1,13700.0,2,Group A,Male,1
APP101689,772,67900.0,0.289,0.9,31,3,0,18600.0,2,Group A,Male,1
APP101690,664,120900.0,0.434,1.3,33,6,1,17500.0,4,Group B,Male,0
APP101691,666,55200.0,0.081,4.6,48,8,0,8500.0,5,Group B,Male,1
APP101692,626,90600.0,0.502,6.2,51,9,1,8000.0,1,Group A,Male,0
APP101693,723,87300.0,0.428,3.3,43,6,0,17300.0,4,Group B,Male,1
APP101694,747,71400.0,0.06,0.1,45,6,1,13600.0,1,Group A,Male,0
APP101695,554,75800.0,0.382,0.1,64,3,0,15500.0,2,Group A,Female,0
APP101696,654,61000.0,0.121,6.2,31,6,1,16200.0,1,Group A,Male,1
APP101697,601,20600.0,0.273,1.9,40,11,0,30600.0,1,Group B,Female,0
APP101698,690,76400.0,0.415,0.3,36,7,0,13900.0,1,Group B,Male,1
APP101699,600,78300.0,0.325,4.2,27,6,0,22400.0,4,Group B,Female,0
APP101700,594,82100.0,0.478,10.6,21,4,0,8500.0,2,Group B,Male,1
APP101701,753,69500.0,0.347,6.6,57,5,0,30500.0,4,Group B,Female,0
APP101702,669,91300.0,0.336,3.8,32,13,1,33800.0,1,Group A,Female,1
APP101703,676,47200.0,0.461,1.0,38,5,0,14500.0,2,Group A,Female,1
APP101704,708,103200.0,0.303,2.0,46,9,0,6700.0,1,Group A,Male,1
APP101705,743,44300.0,0.337,0.3,27,4,0,2400.0,4,Group B,Male,1
APP101706,653,65400.0,0.352,4.1,31,7,0,19700.0,1,Group A,Male,0
APP101707,654,84300.0,0.333,1.1,41,7,0,15300.0,2,Group A,Male,1
APP101708,655,55600.0,0.468,5.8,36,4,0,30600.0,3,Group B,Male,0
APP101709,750,86000.0,0.267,5.0,26,7,0,20700.0,1,Group A,Female,1
APP101710,676,59800.0,0.249,9.9,48,10,0,11900.0,3,Group B,Male,0
APP101711,661,70800.0,0.223,8.8,35,10,1,26200.0,3,Group A,Female,1
APP101712,705,63700.0,0.104,0.0,43,7,0,1000.0,4,Group B,Male,1
APP101713,799,54200.0,0.503,19.9,42,6,0,17800.0,2,Group B,Male,1
APP101714,685,122000.0,0.241,2.5,53,6,0,18700.0,3,Group A,Male,1
APP101715,662,47800.0,0.314,11.3,45,7,0,22500.0,2,Group B,Male,1
APP101716,806,18000.0,0.511,8.6,31,8,0,13100.0,3,Group A,Female,0
APP101717,766,48700.0,0.324,1.5,55,2,0,16600.0,1,Group A,Female,1
APP101718,757,71200.0,0.397,6.5,35,3,0,13300.0,3,Group A,Female,1
APP101719,647,59000.0,0.184,6.9,31,9,0,22600.0,3,Group B,Male,0
APP101720,641,92400.0,0.494,10.3,29,7,1,24700.0,2,Group A,Male,0
APP101721,561,91600.0,0.327,5.0,21,5,1,10400.0,1,Group A,Female,1
APP101722,743,60400.0,0.228,1.8,34,8,0,24500.0,3,Group B,Male,1
APP101723,685,27600.0,0.228,7.7,46,11,0,7200.0,3,Group A,Male,1
APP101724,563,37200.0,0.526,0.7,25,6,0,15700.0,4,Group A,Female,0
APP101725,758,67200.0,0.276,1.3,62,4,0,26000.0,5,Group A,Male,0
APP101726,658,30500.0,0.23,10.5,21,7,0,13800.0,2,Group A,Male,0
APP101727,666,59200.0,0.292,4.2,32,6,0,13600.0,3,Group B,Male,0
APP101728,582,102100.0,0.345,0.5,23,6,1,19700.0,1,Group A,Female,0
APP101729,712,76200.0,0.357,1.7,52,3,1,1000.0,4,Group A,Male,1
APP101730,713,69100.0,0.389,1.0,49,2,0,11700.0,4,Group B,Female,1
APP101731,677,43000.0,0.366,1.9,38,5,0,14500.0,2,Group A,Male,0
APP101732,653,72400.0,0.411,13.6,24,5,0,16000.0,3,Group B,Male,1
APP101733,850,61800.0,0.31,7.4,27,3,0,19900.0,3,Group A,Male,1
APP101734,602,73700.0,0.568,7.7,44,7,1,17600.0,4,Group B,Female,0
APP101735,633,85500.0,0.286,0.2,33,7,0,29000.0,4,Group B,Male,0
APP101736,726,89600.0,0.489,10.2,34,5,0,33700.0,4,Group B,Female,0
APP101737,614,71100.0,0.274,2.4,40,4,0,17000.0,2,Group A,Male,0
APP101738,609,80300.0,0.183,5.4,36,6,0,12100.0,5,Group A,Male,0
APP101739,754,55700.0,0.157,9.0,21,4,0,29200.0,3,Group B,Male,1
APP101740,719,95200.0,0.373,3.6,25,1,0,15700.0,2,Group A,Male,0
APP101741,711,46700.0,0.468,2.5,25,6,2,12300.0,3,Group A,Male,0
APP101742,692,63000.0,0.213,2.3,32,4,2,25300.0,3,Group A,Female,0
APP101743,635,97700.0,0.243,5.0,42,7,0,18200.0,2,Group B,Female,1
APP101744,664,56400.0,0.382,8.9,42,4,0,25600.0,2,Group B,Female,0
APP101745,675,35800.0,0.34,8.3,55,7,0,11600.0,4,Group A,Female,0
APP101746,735,58100.0,0.276,1.4,24,7,0,15500.0,4,Group B,Female,1
APP101747,708,101400.0,0.199,9.5,45,9,0,25600.0,2,Group A,Female,1
APP101748,620,18000.0,0.374,2.7,32,7,0,1000.0,1,Group A,Male,0
APP101749,731,70500.0,0.412,1.6,65,5,0,13800.0,3,Group A,Female,1
APP101750,571,52800.0,0.394,7.8,40,8,0,27100.0,3,Group A,Female,0
APP101751,659,64000.0,0.343,0.6,34,4,0,15700.0,2,Group A,Male,0
APP101752,606,59600.0,0.224,4.9,44,3,0,27600.0,2,Group B,Female,1
APP101753,624,91100.0,0.375,16.1,43,3,0,11300.0,5,Group B,Female,0
APP101754,805,69300.0,0.366,6.7,36,5,0,20200.0,2,Group A,Male,1
APP101755,584,92300.0,0.196,15.0,48,9,1,15300.0,4,Group A,Female,1
APP101756,627,98800.0,0.307,3.4,59,10,1,3300.0,5,Group A,Male,0
APP101757,713,68700.0,0.38,1.2,52,5,1,15000.0,2,Group B,Male,0
APP101758,649,59400.0,0.331,11.9,39,13,2,13800.0,4,Group B,Male,0
APP101759,690,77100.0,0.124,11.3,62,6,3,12200.0,4,Group B,Female,0
APP101760,773,81700.0,0.27,0.3,47,3,0,10100.0,2,Group A,Male,1
APP101761,723,40300.0,0.262,8.7,28,9,0,30600.0,2,Group A,Female,0
APP101762,650,73700.0,0.402,0.1,42,3,0,11900.0,1,Group A,Male,0
APP101763,671,61900.0,0.626,0.3,38,5,0,20900.0,2,Group A,Male,1
APP101764,714,57900.0,0.355,2.3,35,9,1,16900.0,3,Group A,Female,0
APP101765,721,51400.0,0.208,0.5,45,5,0,25500.0,3,Group A,Male,0
APP101766,681,53000.0,0.322,5.0,21,6,0,33600.0,3,Group B,Female,1
APP101767,703,98100.0,0.341,4.0,60,10,0,31900.0,2,Group A,Male,1
APP101768,704,59300.0,0.423,7.8,48,2,0,13200.0,2,Group A,Female,1
APP101769,674,95500.0,0.477,7.7,21,3,1,23000.0,1,Group B,Female,0
APP101770,641,71100.0,0.493,9.8,48,5,0,28600.0,5,Group A,Male,0
APP101771,728,40800.0,0.399,3.6,46,5,0,15400.0,1,Group B,Male,0
APP101772,699,72600.0,0.34,9.1,59,9,0,27100.0,3,Group A,Male,0
APP101773,545,39500.0,0.503,4.9,62,10,1,18300.0,4,Group B,Female,0
APP101774,626,82600.0,0.302,0.9,64,5,0,6500.0,4,Group A,Female,1
APP101775,649,63000.0,0.346,3.1,38,8,1,35900.0,2,Group A,Male,1
APP101776,667,88500.0,0.313,2.0,47,10,0,2400.0,3,Group B,Male,1
APP101777,758,102400.0,0.106,,35,7,1,5600.0,4,Group A,Female,1
APP101778,850,26400.0,0.48,9.7,53,9,0,13800.0,1,Group A,Male,1
APP101779,520,56900.0,0.414,12.0,21,5,0,26300.0,3,Group A,Female,1
APP101780,700,39000.0,0.079,2.0,26,5,0,23300.0,2,Group A,Female,0
APP101781,685,119800.0,0.45,9.6,36,5,0,35000.0,4,Group B,Male,1
APP101782,668,57400.0,0.307,1.7,40,8,0,27100.0,3,Group A,Male,0
APP101783,715,36400.0,0.449,1.1,43,7,0,19500.0,1,Group A,Male,1
APP101784,690,121800.0,0.348,16.9,56,7,0,28900.0,4,Group A,Male,1
APP101785,657,50600.0,0.191,2.2,33,7,0,15500.0,3,Group B,Female,0
APP101786,682,29100.0,0.343,1.0,25,4,3,19100.0,3,Group A,Female,0
APP101787,716,40200.0,0.241,13.5,36,4,1,13600.0,5,Group B,Female,0
APP101788,710,71400.0,0.205,4.7,34,7,0,27700.0,4,Group B,Female,1
APP101789,692,69100.0,0.435,2.5,48,9,0,14800.0,3,Group A,Male,0
APP101790,642,47900.0,0.383,1.9,59,4,0,6100.0,2,Group B,Female,0
APP101791,850,56400.0,0.505,3.9,58,5,2,6000.0,4,Group A,Male,0
APP101792,703,69300.0,0.297,2.5,54,5,1,7900.0,1,Group A,Male,1
APP101793,730,99800.0,0.234,5.8,34,2,0,22300.0,1,Group B,Male,1
APP101794,647,76000.0,0.41,2.2,39,12,0,16500.0,5,Group B,Female,0
APP101795,692,54500.0,0.248,0.6,46,8,0,18200.0,3,Group A,Female,1
APP101796,692,62500.0,0.306,3.9,32,8,0,21500.0,1,Group A,Male,1
APP101797,556,86500.0,0.398,12.5,33,13,0,22500.0,2,Group A,Female,0
APP101798,633,108300.0,0.326,0.3,45,4,0,15000.0,1,Group A,Male,0
APP101799,632,41500.0,0.286,4.7,25,7,0,17000.0,3,Group A,Male,0
APP101800,641,94700.0,0.186,7.5,54,7,0,13800.0,2,Group A,Male,1
APP101801,610,60500.0,0.443,3.0,36,5,0,21200.0,4,Group A,Female,1
APP101802,683,29000.0,0.299,6.2,47,5,0,17000.0,1,Group A,Male,0
APP101803,771,24300.0,0.408,6.4,43,8,2,10000.0,4,Group B,Male,0
APP101804,688,100000.0,0.393,0.2,56,2,1,18800.0,3,Group A,Male,0
APP101805,603,102900.0,0.46,6.9,21,4,1,24000.0,4,Group B,Female,0
APP101806,613,54300.0,0.314,0.2,56,5,0,33800.0,1,Group A,Female,0
APP101807,655,62900.0,0.302,7.5,56,6,1,7300.0,2,Group A,Male,0
APP101808,588,25200.0,0.218,10.3,44,6,1,6300.0,3,Group A,Female,0
APP101809,700,86300.0,0.28,0.9,47,4,0,5100.0,5,Group A,Male,0
APP101810,768,67300.0,0.378,1.5,48,5,1,12200.0,1,Group A,Male,1
APP101811,643,30700.0,0.25,6.9,30,4,0,16200.0,3,Group A,Female,0
APP101812,685,72900.0,0.375,7.2,42,3,1,13900.0,4,Group B,Female,0
APP101813,652,34700.0,0.501,7.0,52,8,0,5000.0,3,Group A,Male,0
APP101814,639,81400.0,0.291,0.8,21,9,0,30900.0,4,Group B,Female,0
APP101815,692,42000.0,0.195,3.8,47,4,0,1200.0,5,Group A,Male,0
APP101816,637,76100.0,0.295,6.8,42,7,1,33900.0,3,Group B,Female,1
APP101817,627,52300.0,0.184,2.5,49,5,0,23100.0,4,Group A,Female,1
APP101818,575,18000.0,0.487,4.7,26,4,1,30800.0,1,Group A,Female,0
APP101819,684,91900.0,0.349,8.1,32,6,0,9000.0,4,Group A,Male,0
APP101820,749,93200.0,0.26,0.8,24,5,2,14800.0,5,Group B,Female,0
APP101821,726,55500.0,0.278,17.4,24,4,0,16100.0,5,Group A,Female,1
APP101822,777,74600.0,0.21,5.2,51,5,0,13900.0,2,Group A,Male,1
APP101823,636,78500.0,0.451,1.9,34,4,0,20200.0,4,Group A,Male,0
APP101824,735,79300.0,0.542,0.9,33,4,0,20300.0,3,Group B,Female,1
APP101825,608,109400.0,0.176,2.8,54,3,1,10000.0,3,Group A,Male,1
APP101826,726,78000.0,0.455,1.7,37,6,0,35000.0,2,Group A,Female,0
APP101827,787,59400.0,0.313,0.5,53,7,1,8000.0,3,Group A,Male,1
APP101828,712,78300.0,0.479,13.2,28,6,0,22400.0,3,Group B,Female,0
APP101829,788,57700.0,0.138,3.1,37,8,0,20200.0,1,Group A,Male,1
APP101830,641,42400.0,0.365,0.3,30,5,0,20500.0,1,Group A,Female,0
APP101831,671,97300.0,0.295,3.1,48,2,0,1000.0,5,Group B,Female,0
APP101832,620,80800.0,0.412,5.5,39,6,0,16300.0,2,Group A,Male,1
APP101833,682,23300.0,0.347,3.1,50,6,1,16400.0,4,Group A,Female,0
APP101834,698,51600.0,0.342,1.1,43,7,1,21400.0,3,Group A,Female,0
APP101835,682,86200.0,0.328,4.5,21,5,0,6000.0,4,Group A,Male,1
APP101836,649,30500.0,0.512,2.7,38,2,0,20900.0,4,Group A,Male,0
APP101837,648,49900.0,0.321,8.9,23,6,0,25400.0,2,Group A,Female,0
APP101838,702,131900.0,0.435,16.3,45,7,0,24000.0,4,Group B,Female,0
APP101839,670,60100.0,0.409,0.3,48,4,0,18400.0,3,Group B,Male,0
APP101840,605,94000.0,0.438,1.8,49,6,1,28700.0,1,Group A,Female,1
APP101841,557,104000.0,0.228,0.9,40,6,0,26100.0,3,Group A,Male,0
APP101842,641,46200.0,0.418,2.1,21,5,0,11700.0,3,Group A,Male,0
APP101843,590,74400.0,0.377,4.5,44,6,0,19800.0,4,Group B,Female,0
APP101844,626,117400.0,0.209,3.1,46,3,0,27000.0,3,Group A,Male,1
APP101845,652,79000.0,0.317,6.0,39,3,2,32800.0,1,Group A,Male,0
APP101846,671,124800.0,0.592,1.6,42,11,0,12500.0,3,Group A,Male,1
APP101847,637,52700.0,0.297,3.6,21,3,1,10300.0,1,Group A,Male,1
APP101848,822,111100.0,0.3,1.2,42,9,0,8800.0,4,Group A,Male,0
APP101849,598,68400.0,0.39,22.1,40,5,0,6500.0,4,Group B,Female,1
APP101850,759,60100.0,0.281,3.8,26,10,0,18200.0,2,Group A,Female,0
APP101851,669,83400.0,0.355,3.6,47,5,0,12200.0,5,Group B,Female,1
APP101852,637,65300.0,0.291,0.7,35,2,0,23300.0,1,Group A,Female,0
APP101853,718,66000.0,0.384,8.8,44,2,1,12700.0,5,Group B,Male,1
APP101854,651,79600.0,0.333,1.2,47,5,1,8000.0,2,Group B,Male,0
APP101855,628,24600.0,0.555,2.9,45,8,1,26700.0,2,Group B,Female,0
APP101856,796,48800.0,0.345,7.5,25,3,1,17700.0,5,Group A,Male,1
APP101857,537,85300.0,0.316,6.2,36,5,0,25700.0,2,Group A,Male,0
APP101858,664,91800.0,0.453,11.2,67,7,0,13600.0,2,Group A,Female,0
APP101859,692,76600.0,0.187,0.0,58,6,0,33700.0,4,Group A,Female,1
APP101860,772,74600.0,0.526,8.4,51,1,1,21300.0,2,Group A,Female,1
APP101861,654,77700.0,0.231,4.2,44,5,0,8100.0,4,Group B,Male,0
APP101862,850,91000.0,0.471,1.0,29,3,0,3300.0,5,Group B,Male,1
APP101863,729,33800.0,0.5,4.5,39,12,0,20800.0,2,Group A,Male,0
APP101864,526,55800.0,0.282,14.0,36,6,0,22000.0,1,Group A,Female,0
APP101865,586,66200.0,0.293,13.0,40,4,0,24500.0,4,Group B,Male,1
APP101866,695,72700.0,0.328,3.9,24,9,0,2000.0,5,Group B,Male,0
APP101867,606,18000.0,0.408,3.4,52,4,0,2200.0,4,Group A,Male,1
APP101868,716,37800.0,0.23,12.4,21,2,1,1800.0,1,Group A,Female,1
APP101869,651,67600.0,0.328,12.7,51,1,0,9700.0,4,Group B,Female,1
APP101870,602,92300.0,0.306,1.4,52,3,0,23500.0,2,Group A,Male,0
APP101871,617,57900.0,0.213,0.6,69,1,0,18200.0,2,Group A,Male,1
APP101872,735,52000.0,0.225,5.8,38,3,0,2700.0,5,Group B,Male,1
APP101873,549,80700.0,0.354,24.1,35,5,0,4400.0,2,Group B,Male,1
APP101874,748,60100.0,0.352,0.4,42,7,0,21100.0,2,Group B,Female,0
APP101875,750,89100.0,0.256,3.6,48,4,0,28400.0,4,Group B,Male,1
APP101876,658,62700.0,0.349,4.0,40,5,1,22700.0,1,Group A,Female,1
APP101877,589,41200.0,0.269,0.1,27,2,0,32000.0,1,Group A,Female,0
APP101878,716,102100.0,0.484,5.4,48,4,0,21700.0,4,Group A,Female,0
APP101879,648,97700.0,0.329,3.2,41,7,0,31900.0,2,Group A,Female,1
APP101880,582,45100.0,0.461,1.0,29,4,0,39900.0,3,Group A,Male,0
APP101881,804,77500.0,0.154,3.6,22,2,0,16200.0,1,Group A,Male,1
APP101882,623,60200.0,0.376,8.2,71,3,0,24500.0,2,Group A,Male,0
APP101883,584,82900.0,0.406,2.6,51,4,0,1000.0,4,Group B,Female,0
APP101884,699,47000.0,0.325,3.5,48,3,0,24600.0,2,Group A,Male,1
APP101885,676,88900.0,0.281,6.1,40,5,0,8500.0,3,Group A,Male,1
APP101886,777,96700.0,0.323,0.5,49,3,0,23600.0,5,Group A,Male,1
APP101887,655,45300.0,0.422,6.9,28,8,1,14000.0,4,Group A,Male,0
APP101888,656,69600.0,0.207,4.9,43,1,1,22100.0,3,Group B,Female,0
APP101889,702,97200.0,0.417,6.2,44,6,0,7400.0,1,Group A,Female,1
APP101890,693,44000.0,0.375,19.7,29,5,2,14800.0,5,Group A,Female,1
APP101891,695,51900.0,0.311,1.6,40,8,0,24800.0,5,Group B,Female,0
APP101892,698,83900.0,0.316,1.0,36,5,0,21300.0,4,Group A,Male,1
APP101893,691,64100.0,0.347,3.9,32,3,0,1000.0,2,Group A,Male,1
APP101894,653,30200.0,0.522,5.8,35,3,0,16700.0,1,Group A,Male,1
APP101895,734,60300.0,0.378,5.8,21,8,0,12400.0,3,Group A,Female,1
APP101896,657,109900.0,0.236,2.5,54,8,2,9100.0,2,Group A,Female,1
APP101897,732,117500.0,0.292,2.1,60,4,0,11600.0,2,Group A,Male,0
APP101898,770,52700.0,0.214,4.0,30,6,0,25000.0,2,Group A,Female,0
APP101899,636,46100.0,0.132,0.8,54,9,0,32100.0,3,Group A,Male,0
APP101900,836,57000.0,0.212,4.3,41,9,0,23600.0,2,Group A,Male,1
APP101901,634,111200.0,0.353,0.9,41,11,0,12300.0,3,Group A,Female,0
APP101902,634,88200.0,0.48,3.4,25,4,0,18400.0,5,Group B,Female,0
APP101903,715,103100.0,0.45,0.4,34,9,1,18400.0,2,Group A,Female,1
APP101904,709,92000.0,0.213,4.6,47,3,1,26300.0,1,Group A,Female,1
APP101905,685,36300.0,0.252,2.1,29,7,0,18200.0,5,Group A,Male,0
APP101906,733,45200.0,0.237,1.3,32,1,2,23500.0,2,Group A,Female,0
APP101907,696,51300.0,0.056,0.4,35,3,0,18600.0,2,Group A,Female,1
APP101908,814,55500.0,0.322,13.7,21,6,0,22800.0,5,Group B,Male,1
APP101909,677,51700.0,0.428,3.4,45,4,1,26100.0,3,Group B,Male,1
APP101910,624,54500.0,0.312,4.6,49,4,0,8200.0,3,Group A,Female,0
APP101911,644,83400.0,0.201,6.7,45,8,0,16600.0,1,Group A,Male,1
APP101912,711,71300.0,0.247,0.7,52,10,0,15800.0,2,Group B,Male,0
APP101913,712,97300.0,0.304,7.4,36,4,0,24900.0,1,Group A,Female,1
APP101914,693,74000.0,0.425,0.1,63,7,3,17800.0,5,Group A,Female,0
APP101915,625,51800.0,0.32,0.5,31,9,1,11300.0,3,Group A,Female,0
APP101916,752,72500.0,0.41,3.0,38,8,0,14100.0,1,Group A,Female,0
APP101917,806,31700.0,0.331,3.4,37,7,0,19300.0,5,Group B,Male,1
APP101918,682,18000.0,0.366,0.4,43,5,1,23400.0,2,Group A,Female,1
APP101919,798,83400.0,0.237,4.8,38,6,0,11700.0,5,Group B,Male,1
APP101920,736,92400.0,0.265,9.2,40,8,0,13000.0,3,Group A,Female,1
APP101921,824,69700.0,0.202,9.9,33,5,0,12600.0,2,Group A,Male,1
APP101922,711,58600.0,0.406,4.6,36,5,0,13000.0,2,Group A,Female,0
APP101923,689,35800.0,0.308,0.6,21,1,0,14200.0,5,Group A,Female,1
APP101924,735,96000.0,0.02,1.7,51,6,0,21500.0,3,Group A,Female,1
APP101925,652,79800.0,0.393,3.5,29,2,0,26400.0,2,Group A,Male,1
APP101926,706,75000.0,0.447,0.2,35,4,0,12800.0,2,Group A,Male,0
APP101927,766,67900.0,0.251,1.8,28,4,0,2400.0,4,Group B,Male,1
APP101928,733,56700.0,0.393,2.5,48,7,0,20600.0,3,Group A,Male,0
APP101929,678,41300.0,0.317,3.2,34,7,0,3700.0,3,Group A,Female,0
APP101930,693,74100.0,0.107,4.6,21,1,0,30000.0,4,Group A,Male,0
APP101931,729,55100.0,0.555,12.2,44,8,1,17200.0,3,Group A,Female,1
APP101932,727,57800.0,0.318,4.1,32,6,0,19800.0,1,Group B,Male,0
APP101933,729,109200.0,0.362,0.6,41,11,0,27200.0,2,Group B,Male,1
APP101934,702,66800.0,0.271,6.7,51,7,2,15600.0,4,Group B,Female,0
APP101935,626,18000.0,0.307,14.8,29,5,0,21400.0,2,Group A,Male,1
APP101936,637,55100.0,0.358,8.1,40,7,0,21500.0,4,Group A,Male,0
APP101937,710,44000.0,0.225,3.0,32,6,0,33200.0,2,Group A,Male,1
APP101938,734,64700.0,0.526,2.0,53,5,0,36400.0,3,Group A,Male,0
APP101939,726,33800.0,0.432,0.3,42,9,0,17500.0,4,Group A,Female,0
APP101940,636,78400.0,0.397,0.4,41,5,1,31400.0,3,Group A,Male,1
APP101941,670,60900.0,0.324,1.6,26,9,1,1000.0,2,Group A,Male,0
APP101942,604,56600.0,0.256,7.9,50,6,1,15700.0,3,Group A,Female,0
APP101943,590,71600.0,0.453,0.6,52,10,0,23700.0,1,Group A,Male,0
APP101944,685,66200.0,0.407,2.3,32,4,1,5200.0,1,Group B,Female,0
APP101945,768,64800.0,0.296,10.5,43,4,1,37400.0,4,Group B,Male,1
APP101946,686,62600.0,0.221,1.2,48,3,0,31300.0,4,Group A,Female,1
APP101947,804,67500.0,0.167,1.9,68,8,0,14700.0,1,Group B,Male,1
APP101948,669,76200.0,0.343,4.6,46,3,0,37400.0,5,Group A,Male,0
APP101949,682,73200.0,0.313,7.1,41,12,1,25100.0,5,Group B,Female,0
APP101950,616,95000.0,0.47,2.8,39,3,0,20200.0,5,Group B,Female,0
APP101951,657,54900.0,0.449,0.6,40,11,0,22000.0,4,Group A,Female,0
APP101952,603,73700.0,0.344,1.5,50,4,0,11100.0,4,Group B,Female,1
APP101953,580,126700.0,0.331,7.7,30,4,0,19500.0,5,Group B,Male,0
APP101954,604,67000.0,0.213,2.3,52,9,0,10700.0,4,Group B,Female,0
APP101955,686,67900.0,0.457,0.9,23,6,0,18000.0,5,Group B,Female,0
APP101956,632,37700.0,0.334,6.8,49,8,0,18900.0,1,Group A,Male,1
APP101957,648,50900.0,0.407,15.3,52,2,0,19900.0,2,Group A,Male,1
APP101958,707,65400.0,0.469,2.0,51,3,1,17900.0,1,Group B,Male,1
APP101959,579,80800.0,0.278,9.7,44,6,0,39200.0,1,Group A,Female,0
APP101960,685,83600.0,0.249,8.5,46,6,0,3500.0,5,Group A,Male,1
APP101961,735,75800.0,0.612,2.0,36,1,0,1800.0,1,Group A,Male,1
APP101962,741,87300.0,0.405,1.2,28,2,0,10100.0,4,Group A,Female,0
APP101963,714,44000.0,0.309,4.9,44,7,1,17800.0,2,Group A,Female,1
APP101964,677,79700.0,0.476,5.6,42,7,0,14400.0,2,Group B,Male,1
APP101965,639,68300.0,0.306,2.5,52,7,1,5300.0,5,Group A,Female,0
APP101966,675,71000.0,0.376,7.6,39,4,0,35200.0,4,Group B,Male,0
APP101967,787,59300.0,0.277,0.1,43,6,0,22900.0,1,Group B,Female,0
APP101968,698,45100.0,0.338,4.9,44,4,0,15000.0,1,Group A,Male,0
APP101969,673,38800.0,0.31,5.1,48,7,0,9700.0,4,Group A,Male,1
APP101970,717,75700.0,0.257,1.7,52,6,0,15600.0,4,Group A,Female,1
APP101971,683,79900.0,0.367,1.2,30,4,0,13400.0,5,Group B,Male,0
APP101972,695,64900.0,0.27,1.1,49,3,0,21500.0,5,Group B,Female,0
APP101973,664,67600.0,0.403,0.5,39,9,0,6300.0,2,Group A,Male,1
APP101974,653,50700.0,0.307,14.6,49,3,0,10900.0,1,Group A,Female,1
APP101975,745,80100.0,0.151,9.2,59,6,2,25700.0,4,Group A,Female,1
APP101976,553,69500.0,0.408,1.1,21,6,0,12600.0,1,Group A,Female,0
APP101977,711,59200.0,0.41,1.6,56,8,0,23700.0,3,Group B,Female,0
APP101978,649,88800.0,0.588,7.0,40,6,0,17400.0,4,Group B,Female,0
APP101979,556,83500.0,0.342,0.6,31,3,1,15600.0,4,Group A,Male,1
APP101980,617,31100.0,0.36,6.8,36,3,0,11600.0,2,Group B,Male,1
APP101981,678,69200.0,0.393,11.1,29,3,0,18600.0,1,Group A,Female,1
APP101982,687,45000.0,0.452,0.6,47,1,0,16100.0,4,Group B,Female,0
APP101983,728,71300.0,0.445,4.8,29,7,2,1000.0,3,Group A,Female,0
APP101984,733,18000.0,0.375,3.0,55,4,0,28100.0,5,Group A,Female,1
APP101985,579,72700.0,0.336,1.9,49,3,0,20900.0,3,Group B,Male,0
APP101986,705,85100.0,0.433,0.2,44,3,0,5100.0,1,Group A,Female,0
APP101987,727,65300.0,0.332,2.5,21,7,0,16300.0,4,Group B,Female,1
APP101988,694,40000.0,0.198,2.9,25,5,1,14900.0,4,Group B,Female,1
APP101989,713,115000.0,0.175,1.0,40,6,0,9400.0,1,Group A,Female,1
APP101990,554,95700.0,0.308,3.8,41,3,0,23800.0,3,Group A,Female,0
APP101991,616,55300.0,0.353,13.4,52,10,0,30700.0,1,Group A,Female,0
APP101992,769,61700.0,0.612,0.4,21,3,0,13900.0,3,Group A,Male,1
APP101993,662,20500.0,0.327,8.0,32,6,0,14200.0,2,Group A,Female,1
APP101994,825,79400.0,0.345,1.5,51,6,0,9500.0,2,Group A,Male,0
APP101995,597,35100.0,0.296,0.2,37,10,0,1000.0,5,Group B,Male,0
APP101996,782,84000.0,0.408,0.4,35,6,0,21800.0,1,Group A,Male,1
APP101997,640,92600.0,0.371,0.7,22,4,1,35100.0,2,Group A,Male,0
APP101998,736,66300.0,0.27,1.8,54,4,1,16600.0,4,Group B,Male,0
APP101999,661,42500.0,0.229,3.0,35,6,0,16400.0,2,Group A,Female,1
APP102000,688,98000.0,0.296,11.0,54,7,2,17400.0,4,Group B,Female,1
APP102001,719,68100.0,0.247,0.1,59,4,0,13400.0,3,Group A,Female,1
APP102002,640,70200.0,0.315,0.0,57,10,0,7700.0,1,Group B,Male,0
APP102003,732,45600.0,0.356,5.8,41,5,0,41000.0,1,Group A,Male,1
APP102004,663,72600.0,0.285,0.4,35,9,1,22200.0,1,Group A,Female,0
APP102005,692,63100.0,0.5,0.3,34,7,0,23300.0,3,Group B,Female,1
APP102006,508,36100.0,0.468,21.3,65,8,0,38300.0,4,Group A,Female,0
APP102007,658,100200.0,0.315,1.0,38,3,2,19800.0,5,Group A,Female,0
APP102008,762,110200.0,0.234,1.3,54,7,0,10400.0,5,Group A,Female,1
APP102009,725,92400.0,0.337,,47,4,0,8200.0,1,Group B,Female,1
APP102010,738,88900.0,0.325,4.6,36,6,0,35300.0,4,Group A,Female,0
APP102011,683,110400.0,0.333,13.3,38,3,0,25200.0,2,Group A,Female,1
APP102012,789,42900.0,0.296,1.6,55,5,0,17100.0,4,Group A,Female,0
APP102013,699,42600.0,0.225,2.1,41,4,0,13100.0,5,Group A,Male,1
APP102014,637,58100.0,0.344,3.5,36,7,1,15400.0,4,Group A,Male,1
APP102015,736,75100.0,0.301,0.0,31,4,0,21600.0,2,Group A,Male,1
APP102016,740,61000.0,0.311,1.9,45,4,1,34500.0,2,Group A,Female,0
APP102017,721,43500.0,0.35,2.2,35,4,0,17400.0,2,Group A,Female,1
APP102018,654,68100.0,0.332,3.5,48,5,0,10300.0,2,Group A,Male,0
APP102019,698,65700.0,0.348,1.1,72,8,1,6500.0,4,Group A,Female,0
APP102020,771,88200.0,0.296,4.6,47,6,0,23700.0,3,Group A,Male,1
APP102021,711,69100.0,0.38,23.5,63,4,1,27700.0,1,Group A,Male,0
APP102022,584,22300.0,0.261,0.2,32,4,1,34500.0,3,Group A,Female,0
APP102023,639,77300.0,0.22,0.3,49,5,1,42200.0,2,Group A,Male,1
APP102024,636,106000.0,0.242,2.2,56,4,1,4500.0,3,Group A,Male,1
APP102025,631,68700.0,0.266,4.8,58,5,0,18300.0,2,Group A,Male,0
APP102026,543,91700.0,0.198,4.5,56,5,2,14500.0,3,Group B,Male,0
APP102027,803,55900.0,0.154,5.2,41,5,0,16300.0,3,Group A,Female,1
APP102028,623,81600.0,0.395,6.8,52,7,0,10500.0,3,Group A,Female,0
APP102029,628,50100.0,0.48,15.7,29,4,0,21100.0,3,Group A,Female,0
APP102030,554,62100.0,0.401,5.4,60,4,0,6700.0,2,Group A,Female,1
APP102031,736,62300.0,0.287,4.6,30,7,0,22400.0,3,Group A,Male,1
APP102032,674,79400.0,0.151,6.5,56,3,0,28500.0,1,Group A,Female,0
APP102033,657,48200.0,0.361,1.5,54,8,0,13400.0,2,Group A,Male,0
APP102034,661,32800.0,0.163,6.5,53,5,0,28200.0,3,Group A,Male,0
APP102035,718,79300.0,0.33,7.6,66,6,1,19200.0,3,Group B,Female,0
APP102036,649,78400.0,0.252,4.9,54,10,0,26500.0,3,Group B,Male,1
APP102037,551,70700.0,0.089,4.1,25,8,0,20800.0,2,Group A,Male,1
APP102038,596,90400.0,0.503,0.1,48,7,2,9700.0,4,Group A,Male,1
APP102039,593,63100.0,0.202,13.3,21,10,1,17800.0,3,Group B,Female,1
APP102040,698,74800.0,0.301,16.6,40,4,0,14000.0,3,Group A,Male,1
APP102041,740,59600.0,0.326,0.8,36,15,1,25600.0,2,Group B,Male,0
APP102042,775,61800.0,0.288,3.5,49,8,0,15900.0,3,Group A,Female,1
APP102043,574,76200.0,0.391,0.6,31,5,0,27500.0,2,Group B,Male,0
APP102044,720,122400.0,0.258,6.5,31,6,0,22700.0,3,Group B,Female,1
APP102045,640,85800.0,0.382,9.8,47,11,0,19800.0,1,Group A,Male,1
APP102046,850,81200.0,0.375,3.5,55,6,0,20200.0,5,Group A,Female,1
APP102047,770,86600.0,0.188,29.9,41,7,1,26900.0,5,Group A,Female,0
APP102048,791,18000.0,0.366,7.8,69,2,1,24000.0,2,Group A,Female,1
APP102049,732,75700.0,0.224,0.1,37,10,0,26600.0,1,Group A,Female,1
APP102050,705,89900.0,0.212,2.8,49,5,0,8700.0,3,Group B,Male,1
APP102051,654,70000.0,0.372,6.3,45,8,1,13100.0,4,Group A,Female,0
APP102052,641,67000.0,0.295,3.9,37,5,0,18100.0,5,Group A,Female,0
APP102053,628,45400.0,0.381,,57,6,0,15600.0,1,Group B,Female,0
APP102054,720,57600.0,0.382,0.6,30,6,0,9600.0,2,Group A,Female,0
APP102055,781,48000.0,0.183,0.9,21,7,0,29300.0,1,Group A,Female,1
APP102056,657,92000.0,0.421,4.1,39,5,1,7700.0,5,Group B,Female,0
APP102057,633,104000.0,0.371,1.5,38,7,0,26800.0,2,Group A,Male,0
APP102058,584,114400.0,0.275,8.2,54,6,0,34000.0,1,Group A,Female,0
APP102059,696,47600.0,0.325,4.0,26,12,1,13500.0,1,Group A,Female,0
APP102060,760,52000.0,0.425,13.0,47,7,1,1000.0,5,Group B,Female,1
APP102061,763,50000.0,0.305,4.8,46,4,1,13700.0,1,Group A,Male,1
APP102062,770,43600.0,0.573,0.9,45,6,3,11100.0,3,Group A,Female,0
APP102063,707,43900.0,0.504,0.2,54,6,0,5300.0,2,Group A,Female,0
APP102064,686,55600.0,0.353,3.1,41,9,0,21800.0,2,Group A,Female,0
APP102065,763,89000.0,0.315,4.6,42,5,1,22000.0,4,Group B,Male,0
APP102066,608,50800.0,0.32,4.1,46,5,1,22200.0,5,Group A,Male,1
APP102067,651,93300.0,0.274,0.9,40,5,0,9600.0,4,Group B,Male,1
APP102068,791,100800.0,0.354,0.4,25,3,0,27700.0,3,Group A,Male,0
APP102069,610,74800.0,0.416,5.2,36,9,0,12100.0,3,Group A,Female,0
APP102070,678,97500.0,0.192,0.8,38,7,0,8500.0,2,Group B,Male,0
APP102071,721,35300.0,0.411,0.5,34,9,0,8200.0,3,Group A,Female,0
APP102072,685,54600.0,0.443,1.2,37,8,0,11300.0,2,Group A,Male,1
APP102073,755,72500.0,0.403,13.4,43,7,1,19000.0,3,Group B,Male,1
APP102074,779,73400.0,0.326,4.8,38,5,1,8500.0,2,Group A,Female,1
APP102075,711,102300.0,0.398,2.6,51,7,1,10700.0,2,Group A,Male,0
APP102076,770,44000.0,0.483,2.4,51,7,1,32300.0,2,Group B,Male,1
APP102077,620,55100.0,0.334,2.8,21,3,1,12200.0,2,Group A,Male,0
APP102078,670,66000.0,0.343,1.2,24,8,1,25900.0,2,Group A,Female,0
APP102079,836,55600.0,0.575,10.1,21,6,2,18700.0,3,Group A,Female,1
APP102080,806,43000.0,0.374,0.5,38,2,0,26600.0,2,Group A,Male,1
APP102081,597,56600.0,0.229,2.2,37,9,0,19900.0,1,Group A,Female,1
APP102082,679,62100.0,0.436,2.4,43,5,0,18100.0,4,Group B,Male,1
APP102083,689,102700.0,0.384,0.8,51,7,0,15000.0,2,Group A,Female,0
APP102084,707,43500.0,0.268,6.6,40,7,2,10900.0,3,Group A,Male,0
APP102085,763,87600.0,0.219,3.4,34,12,0,20300.0,2,Group A,Female,1
APP102086,800,98500.0,0.366,8.1,41,5,0,13100.0,1,Group A,Female,1
APP102087,682,55700.0,0.333,3.8,35,6,0,1000.0,1,Group A,Male,0
APP102088,753,74200.0,0.203,2.7,23,3,1,21100.0,3,Group B,Male,1
APP102089,722,81800.0,0.33,2.6,52,9,0,17000.0,1,Group A,Male,1
APP102090,679,77900.0,0.323,0.7,46,4,1,21400.0,2,Group A,Male,1
APP102091,570,70000.0,0.333,6.9,58,13,1,18000.0,4,Group B,Male,0
APP102092,746,51700.0,0.394,4.5,26,8,2,25100.0,5,Group A,Male,1
APP102093,719,83900.0,0.146,7.3,22,2,3,22100.0,3,Group A,Female,1
APP102094,705,59000.0,0.218,1.3,30,3,1,16900.0,2,Group B,Male,1
APP102095,616,68700.0,0.286,0.4,46,7,0,21600.0,2,Group A,Female,0
APP102096,807,72200.0,0.486,9.5,51,5,3,29900.0,4,Group A,Male,1
APP102097,690,88500.0,0.6,1.5,44,9,3,10300.0,1,Group A,Female,1
APP102098,606,114300.0,0.341,5.4,43,6,0,1000.0,5,Group A,Male,1
APP102099,595,50300.0,0.345,6.7,51,5,1,26600.0,2,Group A,Female,0
APP102100,724,69300.0,0.071,0.9,35,8,0,23500.0,1,Group B,Male,0
APP102101,726,32400.0,0.439,14.4,54,5,0,43000.0,1,Group A,Male,1
APP102102,650,103600.0,0.389,1.7,65,8,0,19000.0,3,Group B,Female,0
APP102103,710,69100.0,0.371,2.4,28,6,0,15700.0,5,Group B,Female,0
APP102104,723,60800.0,0.203,13.3,38,11,0,22100.0,4,Group A,Female,1
APP102105,689,69300.0,0.558,8.8,24,11,0,25800.0,4,Group B,Male,1
APP102106,634,70500.0,0.507,17.6,29,5,0,23500.0,3,Group B,Male,0
APP102107,742,50400.0,0.372,0.7,46,3,0,15900.0,4,Group B,Female,1
APP102108,734,96500.0,0.449,1.7,21,6,1,29600.0,2,Group A,Female,0
APP102109,717,83500.0,0.346,7.4,32,2,0,9200.0,3,Group A,Female,1
APP102110,626,86800.0,0.43,15.1,54,7,0,12000.0,5,Group A,Male,0
APP102111,593,51700.0,0.196,4.3,44,5,0,32300.0,2,Group A,Male,1
APP102112,685,50400.0,0.09,2.0,50,7,2,24300.0,2,Group A,Female,0
APP102113,740,65300.0,0.2,0.7,25,5,0,14200.0,1,Group A,Female,1
APP102114,748,87200.0,0.251,15.1,42,6,0,19300.0,2,Group A,Male,1
APP102115,718,80000.0,0.269,1.6,64,4,0,36600.0,3,Group B,Female,1
APP102116,651,49300.0,0.389,5.6,33,7,0,16100.0,4,Group A,Female,0
APP102117,628,84000.0,0.312,15.9,35,3,0,11800.0,1,Group A,Male,1
APP102118,679,44700.0,0.337,2.4,48,7,1,18700.0,3,Group A,Male,1
APP102119,680,52100.0,0.21,1.2,30,5,0,26100.0,1,Group A,Female,1
APP102120,752,71800.0,0.2,5.1,50,7,0,21500.0,2,Group A,Male,0
APP102121,649,39900.0,0.345,2.2,21,3,0,27600.0,2,Group A,Female,0
APP102122,654,44900.0,0.28,0.9,21,5,0,10500.0,2,Group A,Female,1
APP102123,814,105300.0,0.341,8.9,45,10,1,7400.0,2,Group A,Male,1
APP102124,781,100800.0,0.4,0.6,29,8,1,28000.0,3,Group A,Female,1
APP102125,623,123000.0,0.52,13.2,34,5,0,7800.0,5,Group A,Male,1
APP102126,775,78800.0,0.338,2.0,52,2,0,7700.0,2,Group A,Male,1
APP102127,607,83500.0,0.539,10.8,48,9,0,11400.0,3,Group A,Female,0
APP102128,652,64300.0,0.385,2.3,26,6,1,9800.0,4,Group A,Female,0
APP102129,659,59600.0,0.416,6.9,47,8,1,12300.0,2,Group A,Male,0
APP102130,675,88900.0,0.456,9.1,37,1,0,2600.0,4,Group A,Female,1
APP102131,720,100700.0,0.419,4.6,46,3,2,30600.0,4,Group B,Female,0
APP102132,687,86900.0,0.252,4.2,41,8,0,4200.0,5,Group B,Female,1
APP102133,720,47800.0,0.459,5.7,23,4,1,38600.0,2,Group B,Female,1
APP102134,654,77400.0,0.299,18.2,32,4,0,25500.0,3,Group A,Male,1
APP102135,704,49500.0,0.373,6.0,21,10,0,42700.0,2,Group A,Male,1
APP102136,685,60200.0,0.355,13.4,43,6,0,11600.0,3,Group A,Female,0
APP102137,590,107300.0,0.466,7.7,46,7,0,14400.0,1,Group B,Male,0
APP102138,711,39200.0,0.383,1.1,33,5,2,30500.0,4,Group B,Female,0
APP102139,686,120000.0,0.188,0.2,40,7,0,9300.0,4,Group B,Male,1
APP102140,634,81200.0,0.57,12.2,29,4,0,25600.0,3,Group B,Male,1
APP102141,652,56800.0,0.432,2.7,56,5,1,17400.0,1,Group A,Male,1
APP102142,654,69600.0,0.279,3.7,26,0,1,26900.0,4,Group B,Male,1
APP102143,664,51600.0,0.215,1.0,37,2,0,30700.0,5,Group B,Male,0
APP102144,794,54900.0,0.444,8.1,25,6,0,13600.0,3,Group A,Female,0
APP102145,816,69800.0,0.228,1.9,44,3,1,11300.0,4,Group B,Female,1
APP102146,503,60100.0,0.428,0.5,53,3,0,6600.0,2,Group A,Male,0
APP102147,712,45600.0,0.458,2.1,21,3,1,5100.0,3,Group B,Male,1
APP102148,742,62700.0,0.269,0.6,49,6,0,13400.0,1,Group B,Female,1
APP102149,666,36400.0,0.259,8.8,61,4,1,18300.0,4,Group A,Male,0
APP102150,740,37500.0,0.288,,43,3,2,13200.0,1,Group A,Male,1
APP102151,788,37200.0,0.231,0.7,33,5,1,20700.0,2,Group A,Female,1
APP102152,591,108100.0,0.365,6.9,41,10,0,24900.0,5,Group B,Female,0
APP102153,689,77700.0,0.381,5.1,34,11,0,13300.0,5,Group B,Female,1
APP102154,807,82300.0,0.42,2.5,65,9,0,14300.0,2,Group A,Female,1
APP102155,600,68300.0,0.248,10.9,51,4,1,29200.0,5,Group B,Female,0
APP102156,673,80200.0,0.432,6.5,52,9,0,21700.0,3,Group A,Female,1
APP102157,651,96200.0,0.231,18.1,67,1,0,16700.0,4,Group A,Male,1
APP102158,748,77800.0,0.432,1.6,57,5,0,12300.0,3,Group A,Male,0
APP102159,757,107400.0,0.176,0.5,40,12,2,26300.0,5,Group A,Male,0
APP102160,691,67100.0,0.512,0.0,41,11,1,15900.0,2,Group A,Male,1
APP102161,682,82400.0,0.283,3.8,69,8,1,1000.0,3,Group A,Female,1
APP102162,568,84900.0,0.406,9.4,32,6,0,1000.0,4,Group A,Male,1
APP102163,772,45600.0,0.415,3.9,39,8,0,11000.0,3,Group A,Male,1
APP102164,657,69000.0,0.2,9.0,29,7,0,9100.0,4,Group B,Male,0
APP102165,671,23800.0,0.432,17.9,21,4,0,18700.0,2,Group A,Female,0
APP102166,743,64900.0,0.279,0.6,30,8,1,1400.0,1,Group B,Female,1
APP102167,693,61300.0,0.306,16.5,31,3,0,18600.0,3,Group A,Female,1
APP102168,745,59900.0,0.266,4.9,33,4,0,9300.0,2,Group A,Male,1
APP102169,719,58200.0,0.518,0.3,48,5,1,27400.0,4,Group A,Male,0
APP102170,693,80300.0,0.211,8.3,41,5,1,11300.0,4,Group A,Female,0
APP102171,700,46700.0,0.387,10.2,53,13,0,26000.0,1,Group A,Female,0
APP102172,607,112600.0,0.271,5.4,43,3,0,17400.0,3,Group A,Female,1
APP102173,670,81600.0,0.46,1.1,43,7,0,13700.0,3,Group A,Female,0
APP102174,750,48700.0,0.595,0.3,38,3,0,6500.0,1,Group A,Male,0
APP102175,622,83500.0,0.271,10.7,64,10,0,10800.0,2,Group A,Female,0
APP102176,634,91900.0,0.355,6.6,36,8,0,30300.0,2,Group A,Female,0
APP102177,623,76900.0,0.298,2.3,52,4,1,17100.0,5,Group B,Female,0
APP102178,690,43900.0,0.454,17.5,27,6,0,10200.0,2,Group A,Female,1
APP102179,771,121700.0,0.313,10.9,38,6,0,20800.0,4,Group B,Male,0
APP102180,716,83300.0,0.44,4.1,65,6,1,13600.0,2,Group B,Male,1
APP102181,538,38100.0,0.296,3.0,49,9,1,11600.0,4,Group B,Female,0
APP102182,722,73000.0,0.587,1.7,24,4,0,14100.0,5,Group B,Male,0
APP102183,651,62700.0,0.099,10.8,29,7,0,26600.0,2,Group A,Male,1
APP102184,713,68200.0,0.381,16.9,60,3,0,17600.0,5,Group A,Male,1
APP102185,670,39400.0,0.339,2.3,42,11,0,24200.0,1,Group A,Female,1
APP102186,624,69300.0,0.335,5.3,38,5,0,14000.0,2,Group B,Male,1
APP102187,675,48000.0,0.371,2.5,32,10,0,12400.0,2,Group A,Male,0
APP102188,651,59600.0,0.346,3.7,37,11,1,31100.0,3,Group A,Female,0
APP102189,700,77300.0,0.364,4.9,58,2,0,8300.0,4,Group B,Female,1
APP102190,622,56600.0,0.385,4.9,33,12,0,15100.0,1,Group A,Female,1
APP102191,607,61000.0,0.532,3.1,34,6,0,28000.0,4,Group A,Female,1
APP102192,728,87700.0,0.036,6.3,48,8,0,13800.0,4,Group B,Male,1
APP102193,752,46700.0,0.543,6.7,29,3,0,34700.0,4,Group A,Female,0
APP102194,718,52400.0,0.622,0.7,30,6,0,9900.0,4,Group A,Female,0
APP102195,638,37900.0,0.147,8.0,41,5,0,23700.0,4,Group B,Male,1
APP102196,632,48300.0,0.345,2.2,41,9,0,33400.0,1,Group A,Female,1
APP102197,636,71100.0,0.491,4.7,31,3,1,19700.0,2,Group A,Male,0
APP102198,738,83300.0,0.441,1.4,47,6,2,21700.0,5,Group A,Male,0
APP102199,626,48700.0,0.524,1.2,44,2,1,25400.0,3,Group A,Male,1
APP102200,737,82600.0,0.381,4.4,21,6,1,1000.0,2,Group A,Male,0
APP102201,721,70500.0,0.116,14.7,50,3,1,30900.0,2,Group B,Female,1
APP102202,760,34800.0,0.484,5.5,34,5,1,21100.0,5,Group B,Male,0
APP102203,749,72200.0,0.41,3.1,51,6,1,18500.0,3,Group A,Female,0
APP102204,715,96700.0,0.501,1.1,66,2,2,19400.0,4,Group A,Male,0
APP102205,585,22600.0,0.171,2.5,40,5,1,1000.0,1,Group A,Male,0
APP102206,720,116100.0,0.206,0.6,33,8,0,26100.0,5,Group B,Male,1
APP102207,688,53300.0,0.342,2.1,58,5,2,21400.0,5,Group A,Male,0
APP102208,656,28400.0,0.487,3.6,31,6,0,9400.0,1,Group A,Female,1
APP102209,769,71300.0,0.517,5.6,64,9,0,21700.0,1,Group A,Female,0
APP102210,670,87900.0,0.26,2.5,35,9,0,22900.0,5,Group B,Male,1
APP102211,646,61300.0,0.295,15.5,33,8,0,13000.0,2,Group A,Female,0
APP102212,753,75500.0,0.656,8.5,69,9,1,29500.0,1,Group B,Female,1
APP102213,654,118900.0,0.279,1.7,45,11,0,16900.0,1,Group A,Female,1
APP102214,642,72900.0,0.414,15.5,60,7,0,15500.0,5,Group B,Male,0
APP102215,607,139600.0,0.29,2.9,41,10,0,24000.0,2,Group A,Male,0
APP102216,627,98400.0,0.392,0.8,40,5,0,10200.0,4,Group A,Female,0
APP102217,632,69200.0,0.245,2.0,21,3,0,13800.0,4,Group B,Female,1
APP102218,720,75000.0,0.248,4.9,53,8,1,7700.0,5,Group B,Male,1
APP102219,614,60300.0,0.299,16.5,46,5,2,16400.0,1,Group A,Female,0
APP102220,559,74000.0,0.28,7.7,40,6,0,15000.0,2,Group A,Male,0
APP102221,700,81500.0,0.307,5.6,48,6,0,19200.0,2,Group A,Female,1
APP102222,639,58300.0,0.398,0.7,41,6,1,27200.0,4,Group A,Male,0
APP102223,679,34900.0,0.548,1.5,30,5,0,24100.0,5,Group A,Female,0
APP102224,763,99700.0,0.275,2.2,45,7,0,19200.0,5,Group B,Male,1
APP102225,685,91400.0,0.231,4.1,39,10,0,29600.0,5,Group A,Male,1
APP102226,778,34000.0,0.341,4.2,50,4,1,12400.0,5,Group B,Female,1
APP102227,676,72100.0,0.246,4.2,38,2,0,22500.0,2,Group A,Male,0
APP102228,745,92600.0,0.16,12.4,35,6,0,26200.0,4,Group A,Female,0
APP102229,644,90200.0,0.457,7.2,34,9,1,35000.0,2,Group A,Female,0
APP102230,687,51300.0,0.349,1.4,30,1,1,19300.0,5,Group A,Male,0
APP102231,619,91600.0,0.36,4.5,35,11,0,14500.0,1,Group A,Male,1
APP102232,627,68400.0,0.128,1.0,46,3,0,18100.0,4,Group A,Female,0
APP102233,665,77300.0,0.276,3.7,32,6,0,18600.0,4,Group B,Female,0
APP102234,594,45900.0,0.184,2.2,27,0,0,11900.0,2,Group B,Female,1
APP102235,690,18000.0,0.338,5.0,50,5,0,18200.0,4,Group B,Male,0
APP102236,660,49300.0,0.355,0.7,39,4,1,34000.0,5,Group A,Female,0
APP102237,695,80900.0,0.355,2.9,50,7,0,2900.0,3,Group A,Female,1
APP102238,595,63100.0,0.267,0.5,38,5,0,1000.0,3,Group A,Female,0
APP102239,726,83600.0,0.246,4.6,34,8,1,4300.0,1,Group A,Male,1
APP102240,790,94500.0,0.319,6.9,21,7,0,9600.0,1,Group A,Male,1
APP102241,777,60100.0,0.379,0.4,27,7,1,7300.0,1,Group A,Female,1
APP102242,804,57700.0,0.276,1.5,31,6,0,10700.0,4,Group A,Female,0
APP102243,683,18000.0,0.237,5.0,44,4,0,8700.0,1,Group A,Male,1
APP102244,657,30900.0,0.242,1.7,40,7,0,22100.0,2,Group A,Female,1
APP102245,712,35800.0,0.268,2.7,29,3,0,9500.0,3,Group A,Male,0
APP102246,665,81400.0,0.29,3.5,21,7,0,7600.0,3,Group A,Male,0
APP102247,567,60300.0,0.219,1.2,47,3,0,1000.0,2,Group A,Male,1
APP102248,733,55200.0,0.291,5.6,52,6,2,27000.0,1,Group A,Male,1
APP102249,665,52400.0,0.476,1.5,53,5,1,30100.0,2,Group A,Male,0
APP102250,585,49300.0,0.308,3.3,29,6,0,20300.0,3,Group A,Male,0
APP102251,647,90200.0,0.204,0.4,53,6,0,19100.0,5,Group B,Male,0
APP102252,666,70200.0,0.092,3.2,48,6,0,23900.0,3,Group A,Female,1
APP102253,681,91800.0,0.542,1.8,48,5,0,25300.0,1,Group A,Female,1
APP102254,682,18000.0,0.465,5.4,34,4,1,7600.0,1,Group B,Female,0
APP102255,769,80800.0,0.371,4.4,39,4,0,15800.0,5,Group A,Male,0
APP102256,596,56400.0,0.468,0.9,63,6,0,26800.0,5,Group B,Female,0
APP102257,670,61200.0,0.398,6.8,61,10,0,13100.0,3,Group B,Male,0
APP102258,623,100500.0,0.332,3.0,40,9,1,19400.0,2,Group A,Female,1
APP102259,762,58600.0,0.204,1.6,43,5,1,28900.0,4,Group A,Female,1
APP102260,644,79800.0,0.55,7.0,21,2,0,39500.0,5,Group B,Male,0
APP102261,658,43600.0,0.292,8.5,55,4,0,26900.0,2,Group B,Male,0
APP102262,748,68900.0,0.298,13.5,50,5,1,6600.0,1,Group A,Female,1
APP102263,766,29800.0,0.344,9.1,45,3,0,11700.0,1,Group A,Female,0
APP102264,776,66600.0,0.346,4.0,34,5,0,28900.0,3,Group A,Female,1
APP102265,573,77200.0,0.403,35.0,42,1,0,11300.0,3,Group A,Female,0
APP102266,711,94600.0,0.391,2.0,59,12,0,25800.0,1,Group B,Female,0
APP102267,698,48400.0,0.277,3.8,45,4,0,33500.0,4,Group A,Male,1
APP102268,677,55300.0,0.343,7.4,73,5,2,27600.0,1,Group B,Female,0
APP102269,684,52500.0,0.4,8.1,51,4,1,34100.0,3,Group B,Male,0
APP102270,764,61900.0,0.267,2.9,30,9,0,7800.0,5,Group A,Male,1
APP102271,748,44900.0,0.499,1.9,36,6,0,1000.0,4,Group A,Male,0
APP102272,738,18000.0,0.338,13.0,32,6,0,10900.0,1,Group B,Female,1
APP102273,693,43000.0,0.516,0.7,51,6,0,18000.0,2,Group B,Female,1
APP102274,828,66800.0,0.187,3.9,55,2,1,9800.0,5,Group B,Male,1
APP102275,654,64400.0,0.412,,62,5,0,11000.0,3,Group A,Male,1
APP102276,575,81300.0,0.242,1.3,37,6,0,16700.0,3,Group A,Male,0
APP102277,663,88200.0,0.27,1.1,47,7,0,13800.0,1,Group A,Female,0
APP102278,684,57200.0,0.44,,56,1,0,25500.0,2,Group B,Female,0
APP102279,765,29900.0,0.315,22.3,60,8,0,18100.0,2,Group A,Male,1
APP102280,647,77700.0,0.626,,26,4,0,12700.0,2,Group A,Male,0
APP102281,712,67800.0,0.397,5.3,48,7,0,26600.0,1,Group A,Female,1
APP102282,584,61800.0,0.263,3.9,27,11,0,43700.0,3,Group A,Male,0
APP102283,750,97300.0,0.397,8.6,34,2,1,22100.0,1,Group B,Male,1
APP102284,684,78800.0,0.314,3.1,25,6,0,13200.0,2,Group A,Male,1
APP102285,662,70900.0,0.432,19.6,34,8,0,3000.0,1,Group A,Male,1
APP102286,819,71900.0,0.307,3.6,24,4,1,15500.0,5,Group B,Male,1
APP102287,750,88400.0,0.385,7.8,27,8,0,7200.0,5,Group B,Female,1
APP102288,612,51500.0,0.362,6.6,30,7,0,22500.0,2,Group A,Male,1
APP102289,673,46900.0,0.349,4.7,45,7,1,33100.0,2,Group A,Male,0
APP102290,850,62400.0,0.455,19.4,41,9,0,10200.0,5,Group B,Female,1
APP102291,809,39700.0,0.142,4.1,21,4,0,12700.0,4,Group B,Female,1
APP102292,740,66900.0,0.351,4.3,74,5,0,24400.0,3,Group A,Male,1
APP102293,560,70300.0,0.263,0.4,35,10,0,11400.0,4,Group A,Male,0
APP102294,767,66300.0,0.192,2.9,25,4,1,2200.0,2,Group A,Female,0
APP102295,639,59300.0,0.248,13.2,48,6,1,28700.0,4,Group A,Male,0
APP102296,766,107700.0,0.272,2.8,41,8,0,5300.0,3,Group B,Female,1
APP102297,633,90600.0,0.314,4.2,31,6,0,17100.0,2,Group A,Male,0
APP102298,712,65700.0,0.377,0.7,46,6,0,16600.0,1,Group A,Male,1
APP102299,638,70200.0,0.4,4.9,33,8,1,14000.0,2,Group B,Male,1
APP102300,656,101000.0,0.295,6.2,37,4,0,23300.0,5,Group B,Female,0
APP102301,720,54000.0,0.514,15.3,59,4,0,4100.0,4,Group B,Male,1
APP102302,594,44800.0,0.299,0.4,42,3,0,21000.0,3,Group A,Male,0
APP102303,834,73400.0,0.126,1.3,48,10,1,10100.0,1,Group A,Male,1
APP102304,613,77900.0,0.302,0.4,35,3,0,18300.0,5,Group A,Female,1
APP102305,610,79700.0,0.345,10.6,43,4,2,10400.0,2,Group A,Male,1
APP102306,721,87900.0,0.02,6.7,32,8,0,18800.0,1,Group A,Female,1
APP102307,764,50400.0,0.473,2.5,31,8,0,25300.0,5,Group A,Female,0
APP102308,659,34200.0,0.329,0.1,36,4,0,16300.0,2,Group A,Male,1
APP102309,610,54000.0,0.213,1.2,33,3,0,14900.0,2,Group B,Female,0
APP102310,620,82000.0,0.234,3.6,53,6,0,10600.0,1,Group B,Female,1
APP102311,613,45900.0,0.424,2.6,48,2,0,18700.0,1,Group A,Male,0
APP102312,700,21600.0,0.437,0.5,21,5,0,26700.0,4,Group A,Male,0
APP102313,675,71500.0,0.269,3.1,62,11,0,17100.0,2,Group A,Male,1
APP102314,708,54400.0,0.191,1.8,49,10,1,30400.0,5,Group A,Male,0
APP102315,704,26500.0,0.354,11.9,55,8,0,15500.0,1,Group A,Female,1
APP102316,734,69800.0,0.375,1.5,39,8,2,35100.0,3,Group A,Female,0
APP102317,653,58700.0,0.402,0.9,23,9,0,1000.0,4,Group B,Female,0
APP102318,632,108200.0,0.278,0.7,25,7,1,12900.0,3,Group A,Male,0
APP102319,690,70100.0,0.327,13.3,61,2,0,10400.0,2,Group B,Male,1
APP102320,676,82100.0,0.342,9.4,21,9,2,16900.0,3,Group A,Male,0
APP102321,696,67600.0,0.446,2.5,24,12,0,23200.0,3,Group A,Female,1
APP102322,634,53700.0,0.486,3.5,36,6,0,41100.0,4,Group A,Male,0
APP102323,722,56300.0,0.516,4.8,24,2,0,18900.0,2,Group A,Female,0
APP102324,603,93900.0,0.483,20.1,47,1,0,25600.0,2,Group A,Female,0
APP102325,651,85900.0,0.539,1.7,48,5,0,10600.0,5,Group B,Male,1
APP102326,753,32300.0,0.451,2.5,46,8,1,15200.0,2,Group A,Female,0
APP102327,606,38000.0,0.275,0.7,34,5,1,24100.0,1,Group A,Female,0
APP102328,748,39400.0,0.509,4.7,44,6,0,4300.0,5,Group A,Female,0
APP102329,588,93400.0,0.189,1.7,62,7,0,7700.0,1,Group A,Male,0
APP102330,577,26400.0,0.6,13.6,24,2,0,18700.0,1,Group A,Male,0
APP102331,583,86900.0,0.233,0.9,54,5,0,16500.0,3,Group A,Female,0
APP102332,688,77600.0,0.438,1.3,51,6,1,20000.0,3,Group B,Male,0
APP102333,727,71500.0,0.499,5.2,40,2,0,2900.0,1,Group A,Female,0
APP102334,764,56600.0,0.391,3.6,43,6,0,14900.0,1,Group A,Male,1
APP102335,759,96500.0,0.114,3.5,45,4,0,15700.0,4,Group B,Female,1
APP102336,736,70700.0,0.236,1.5,29,5,0,19700.0,4,Group B,Female,1
APP102337,626,33300.0,0.379,2.6,21,6,0,25600.0,4,Group A,Male,0
APP102338,625,38900.0,0.41,0.4,52,5,0,18400.0,2,Group A,Male,0
APP102339,731,28500.0,0.32,1.0,26,3,0,8100.0,2,Group A,Female,1
APP102340,772,96800.0,0.348,0.8,28,5,1,20900.0,3,Group A,Male,0
APP102341,613,102200.0,0.178,2.6,35,8,0,2200.0,2,Group A,Female,0
APP102342,764,94100.0,0.535,0.2,44,9,0,18900.0,5,Group B,Female,0
APP102343,555,64600.0,0.298,5.5,35,9,1,22300.0,2,Group A,Male,0
APP102344,705,33800.0,0.427,3.1,32,7,0,17400.0,5,Group B,Female,0
APP102345,673,42700.0,0.494,1.0,52,9,1,23900.0,2,Group A,Male,1
APP102346,667,44300.0,0.213,4.9,37,7,0,6100.0,4,Group B,Female,0
APP102347,682,66900.0,0.354,0.8,31,6,0,38400.0,5,Group B,Male,0
APP102348,625,101300.0,0.371,5.8,46,8,0,9700.0,5,Group A,Male,1
APP102349,709,101200.0,0.312,1.2,42,7,1,1000.0,4,Group A,Male,1
APP102350,684,56300.0,0.442,3.7,41,6,0,6500.0,1,Group A,Female,1
APP102351,741,18000.0,0.267,1.0,46,4,0,44400.0,4,Group B,Female,1
APP102352,783,40000.0,0.346,5.6,39,4,0,27800.0,3,Group A,Female,0
APP102353,688,96500.0,0.299,4.5,51,5,0,6600.0,1,Group A,Male,0
APP102354,627,73600.0,0.596,7.8,24,6,1,28600.0,5,Group A,Female,0
APP102355,606,59500.0,0.267,7.1,56,4,1,29500.0,1,Group B,Female,1
APP102356,790,57800.0,0.422,5.5,30,8,0,4900.0,1,Group A,Female,1
APP102357,782,50000.0,0.538,3.5,21,8,0,29000.0,5,Group A,Male,0
APP102358,738,39100.0,0.239,3.8,32,3,0,14300.0,3,Group B,Female,1
APP102359,684,117700.0,0.35,2.6,37,7,0,24300.0,2,Group A,Male,0
APP102360,733,109200.0,0.231,1.9,32,11,0,26600.0,1,Group B,Male,1
APP102361,765,48300.0,0.119,0.6,29,6,2,26400.0,1,Group A,Female,0
APP102362,640,25900.0,0.254,5.8,53,7,1,16200.0,5,Group A,Male,0
APP102363,682,72100.0,0.277,8.3,31,3,0,10600.0,2,Group B,Male,0
APP102364,608,64500.0,0.284,5.1,21,6,1,22700.0,1,Group A,Female,0
APP102365,672,83100.0,0.307,21.7,37,4,0,25400.0,5,Group B,Female,1
APP102366,780,88500.0,0.341,5.8,66,6,0,22200.0,4,Group A,Male,1
APP102367,750,39900.0,0.208,4.9,28,12,0,17400.0,5,Group A,Female,0
APP102368,689,98700.0,0.379,4.5,30,10,0,24000.0,5,Group A,Male,0
APP102369,505,59500.0,0.473,0.2,36,6,0,3300.0,4,Group A,Male,0
APP102370,637,82600.0,0.486,0.2,60,9,0,24600.0,3,Group A,Male,0
APP102371,687,61700.0,0.311,1.2,37,9,3,16200.0,2,Group A,Female,0
APP102372,666,90100.0,0.438,2.1,29,3,0,28000.0,5,Group A,Male,0
APP102373,682,18000.0,0.265,4.4,45,5,1,19400.0,1,Group A,Male,1
APP102374,696,85700.0,0.302,0.4,44,8,2,23400.0,1,Group A,Female,1
APP102375,645,48000.0,0.384,1.1,47,11,0,23300.0,2,Group A,Female,0
APP102376,680,69800.0,0.303,5.9,28,7,0,14600.0,5,Group B,Female,1
APP102377,670,97900.0,0.201,4.7,34,9,1,11200.0,3,Group A,Female,0
APP102378,634,48700.0,0.432,3.4,55,7,0,26400.0,4,Group A,Male,0
APP102379,800,45000.0,0.249,22.2,46,7,0,20900.0,3,Group B,Male,1
APP102380,649,59100.0,0.283,5.7,51,6,0,20500.0,4,Group B,Male,0
APP102381,533,57600.0,0.456,2.3,40,4,0,26300.0,2,Group A,Female,0
APP102382,796,42800.0,0.399,3.5,54,5,1,23600.0,3,Group A,Male,1
APP102383,625,70600.0,0.359,0.2,45,14,0,30200.0,1,Group A,Male,1
APP102384,738,71800.0,0.178,2.2,35,4,0,14800.0,1,Group A,Male,1
APP102385,636,79100.0,0.212,4.3,50,5,0,22800.0,5,Group B,Male,1
APP102386,717,48300.0,0.384,1.5,30,3,1,30000.0,5,Group B,Female,1
APP102387,677,45300.0,0.409,1.4,60,10,0,12400.0,2,Group A,Female,0
APP102388,745,65200.0,0.368,5.5,53,6,0,9300.0,3,Group B,Male,1
APP102389,666,62100.0,0.288,2.5,37,6,3,17100.0,1,Group A,Female,1
APP102390,637,62600.0,0.284,1.2,39,6,0,18300.0,3,Group A,Female,1
APP102391,697,51000.0,0.364,4.8,43,5,0,20100.0,5,Group B,Male,0
APP102392,655,75900.0,0.202,9.5,39,7,1,25100.0,2,Group A,Male,0
APP102393,555,45400.0,0.35,0.5,57,8,1,22800.0,4,Group A,Female,0
APP102394,641,65100.0,0.187,2.0,35,10,0,41500.0,3,Group A,Male,0
APP102395,850,60600.0,0.224,6.7,23,6,0,29500.0,5,Group B,Female,1
APP102396,562,67200.0,0.36,0.3,38,10,2,12500.0,3,Group A,Female,0
APP102397,696,96400.0,0.404,8.6,50,9,0,26100.0,1,Group A,Female,1
APP102398,664,36500.0,0.378,5.7,53,4,0,17700.0,1,Group A,Female,0
APP102399,799,18000.0,0.217,14.6,42,10,0,23800.0,3,Group A,Female,0
APP102400,608,53700.0,0.134,4.8,33,6,0,20900.0,1,Group A,Male,1
APP102401,687,40400.0,0.339,12.7,40,9,0,2100.0,4,Group B,Male,1
APP102402,725,18000.0,0.131,3.6,33,9,0,11600.0,1,Group B,Female,1
APP102403,668,109900.0,0.444,2.0,21,5,0,19400.0,2,Group B,Female,0
APP102404,630,81400.0,0.221,4.0,31,6,1,24800.0,3,Group B,Female,0
APP102405,679,84000.0,0.586,2.2,47,8,0,8100.0,4,Group A,Female,0
APP102406,660,61100.0,0.234,2.8,38,5,0,30500.0,2,Group A,Male,1
APP102407,660,78100.0,0.391,4.8,37,9,2,26100.0,3,Group A,Female,1
APP102408,740,57900.0,0.259,12.3,54,7,0,9200.0,2,Group A,Female,0
APP102409,706,87500.0,0.322,6.3,29,5,1,18000.0,3,Group B,Female,1
APP102410,716,72500.0,0.36,9.6,31,6,0,26100.0,1,Group B,Female,1
APP102411,701,67100.0,0.435,16.3,45,6,0,28700.0,2,Group B,Male,1
APP102412,742,68900.0,0.452,2.2,32,4,3,5800.0,1,Group A,Female,1
APP102413,765,103200.0,0.42,3.1,32,7,0,12100.0,4,Group A,Male,0
APP102414,661,72000.0,0.454,,60,2,1,27300.0,1,Group A,Male,0
APP102415,733,43300.0,0.272,0.6,28,1,0,7800.0,3,Group A,Female,1
APP102416,596,76100.0,0.411,9.0,32,8,1,23400.0,4,Group A,Female,0
APP102417,534,79700.0,0.303,6.7,46,8,0,17900.0,3,Group A,Female,1
APP102418,799,64500.0,0.448,6.4,40,3,0,16100.0,2,Group A,Male,0
APP102419,658,66700.0,0.353,8.6,25,5,0,1000.0,5,Group B,Male,0
APP102420,696,42400.0,0.408,2.3,62,5,2,27600.0,5,Group A,Male,0
APP102421,600,70300.0,0.372,1.7,31,3,0,11400.0,3,Group A,Female,0
APP102422,597,38900.0,0.424,2.7,38,5,0,12600.0,5,Group B,Female,0
APP102423,634,62000.0,0.251,4.0,46,9,0,22300.0,5,Group A,Female,0
APP102424,722,51900.0,0.167,0.1,67,10,0,18100.0,5,Group B,Male,0
APP102425,646,91600.0,0.449,0.2,36,6,0,18000.0,4,Group B,Female,0
APP102426,658,105200.0,0.488,7.5,30,4,0,16700.0,1,Group A,Female,0
APP102427,632,40500.0,0.327,10.5,47,3,0,13000.0,5,Group B,Male,0
APP102428,756,67900.0,0.429,8.9,66,6,0,12400.0,2,Group A,Female,1
APP102429,736,60600.0,0.161,14.0,43,8,0,23300.0,1,Group B,Female,1
APP102430,649,79100.0,0.272,0.6,38,4,0,9500.0,3,Group B,Male,1
APP102431,724,70300.0,0.349,1.3,46,6,0,12100.0,5,Group B,Male,1
APP102432,664,58700.0,0.149,1.8,21,6,0,18400.0,4,Group A,Female,0
APP102433,658,70300.0,0.172,1.5,34,3,1,23600.0,4,Group A,Female,1
APP102434,677,62800.0,0.357,2.2,21,5,0,11200.0,3,Group B,Female,1
APP102435,722,106100.0,0.273,4.4,37,7,0,10600.0,4,Group B,Female,0
APP102436,622,49000.0,0.302,0.6,35,6,1,15400.0,1,Group A,Male,0
APP102437,713,74200.0,0.295,28.7,21,7,0,9900.0,3,Group A,Female,1
APP102438,842,80200.0,0.199,10.0,43,5,2,16900.0,2,Group A,Female,1
APP102439,692,78500.0,0.316,4.1,48,4,1,1000.0,1,Group B,Male,1
APP102440,682,60900.0,0.338,2.7,39,6,2,31500.0,5,Group B,Female,0
APP102441,675,100800.0,0.276,1.3,23,8,0,17400.0,3,Group A,Male,1
APP102442,711,18000.0,0.285,20.1,56,5,3,1900.0,1,Group A,Male,1
APP102443,575,41700.0,0.318,9.4,64,8,0,12800.0,1,Group A,Male,0
APP102444,791,83900.0,0.43,1.8,46,5,0,18500.0,3,Group A,Female,0
APP102445,744,46900.0,0.33,9.0,37,5,0,16800.0,2,Group A,Male,1
APP102446,638,45500.0,0.128,13.4,37,8,0,6000.0,3,Group A,Male,1
APP102447,682,56800.0,0.209,,46,3,0,29000.0,3,Group A,Female,0
APP102448,644,49100.0,0.442,4.9,42,10,0,25600.0,3,Group A,Male,0
APP102449,699,83300.0,0.265,3.5,46,8,0,6100.0,3,Group A,Female,1
APP102450,684,89700.0,0.33,15.6,46,8,1,20800.0,4,Group A,Female,0
APP102451,695,70100.0,0.552,3.2,32,4,0,9600.0,3,Group B,Male,0
APP102452,613,93300.0,0.409,11.5,31,6,0,5600.0,1,Group A,Male,1
APP102453,649,34700.0,0.104,10.9,38,7,0,9600.0,3,Group B,Female,0
APP102454,754,69800.0,0.499,0.2,47,10,0,24400.0,3,Group A,Male,1
APP102455,645,100400.0,0.356,2.0,22,7,0,8700.0,1,Group A,Male,0
APP102456,508,91400.0,0.381,4.0,38,4,0,20200.0,1,Group A,Female,0
APP102457,670,102500.0,0.373,0.4,41,6,0,4900.0,1,Group A,Female,1
APP102458,837,53800.0,0.44,0.3,35,7,0,23900.0,3,Group A,Female,0
APP102459,735,90000.0,0.331,15.0,58,5,0,15100.0,2,Group A,Female,1
APP102460,642,57800.0,0.177,2.3,56,6,1,21500.0,5,Group B,Female,0
APP102461,677,82300.0,0.376,0.9,46,7,0,6600.0,3,Group A,Female,0
APP102462,724,99500.0,0.188,1.8,62,4,0,37000.0,3,Group A,Female,0
APP102463,566,48900.0,0.54,2.8,52,3,0,35100.0,1,Group A,Female,0
APP102464,624,23500.0,0.3,2.0,43,9,0,1000.0,3,Group A,Female,0
APP102465,706,112300.0,0.334,0.4,35,5,0,29200.0,4,Group B,Male,0
APP102466,784,79700.0,0.266,2.6,36,5,0,19200.0,4,Group B,Male,1
APP102467,651,65400.0,0.377,18.7,46,4,0,22100.0,1,Group A,Male,1
APP102468,782,64100.0,0.39,4.0,37,7,0,21600.0,2,Group A,Female,0
APP102469,631,18000.0,0.265,12.3,23,4,0,26000.0,5,Group A,Male,0
APP102470,460,73000.0,0.39,4.4,36,3,2,12500.0,2,Group A,Male,1
APP102471,728,55300.0,0.347,3.6,53,4,1,4300.0,5,Group B,Female,0
APP102472,715,69300.0,0.329,10.0,21,5,0,11900.0,3,Group B,Male,1
APP102473,728,68700.0,0.257,7.6,58,2,0,10700.0,1,Group A,Male,0
APP102474,725,18000.0,0.595,2.3,48,4,0,18000.0,2,Group A,Male,0
APP102475,692,79800.0,0.47,2.8,38,8,0,17800.0,4,Group A,Male,1
APP102476,663,72500.0,0.42,10.1,44,5,3,13300.0,2,Group A,Female,0
APP102477,666,75800.0,0.464,1.2,53,6,0,11700.0,4,Group A,Male,0
APP102478,650,63600.0,0.373,0.8,41,5,1,24000.0,1,Group A,Male,0
APP102479,654,69200.0,0.302,4.1,52,4,0,8300.0,4,Group B,Female,1
APP102480,562,72100.0,0.049,3.9,51,5,0,24800.0,4,Group A,Male,0
APP102481,601,74600.0,0.206,2.7,43,5,1,17500.0,3,Group A,Male,0
APP102482,669,79400.0,0.578,0.1,28,6,3,12900.0,4,Group A,Female,0
APP102483,534,74800.0,0.468,2.1,40,12,1,8900.0,1,Group A,Female,0
APP102484,549,112400.0,0.362,6.1,21,11,0,30500.0,5,Group B,Female,0
APP102485,658,50600.0,0.166,14.1,46,14,0,2300.0,3,Group A,Female,0
APP102486,672,59000.0,0.41,1.9,36,5,0,21900.0,5,Group B,Female,0
APP102487,660,108600.0,0.309,7.3,34,5,0,16800.0,2,Group B,Male,0
APP102488,525,64300.0,0.417,1.3,49,9,1,15600.0,2,Group A,Female,0
APP102489,781,90400.0,0.218,13.0,26,7,1,6400.0,1,Group A,Female,1
APP102490,587,71300.0,0.286,2.0,42,12,1,11000.0,2,Group B,Male,0
APP102491,627,62500.0,0.437,0.7,37,8,0,38900.0,3,Group A,Female,0
APP102492,598,91700.0,0.552,0.6,39,5,0,27800.0,4,Group A,Male,1
APP102493,764,80400.0,0.268,3.1,44,2,0,27000.0,5,Group B,Female,1
APP102494,707,31200.0,0.23,8.0,63,9,0,24400.0,2,Group B,Female,0
APP102495,649,72200.0,0.453,10.1,46,7,1,20400.0,3,Group A,Female,0
APP102496,645,44100.0,0.201,8.1,57,10,0,31000.0,5,Group A,Male,0
APP102497,692,98500.0,0.209,1.1,58,4,1,20000.0,1,Group A,Female,1
APP102498,599,110100.0,0.369,8.3,50,7,1,39300.0,2,Group B,Female,0
APP102499,705,113000.0,0.569,8.0,21,8,1,29600.0,5,Group A,Male,1
APP102500,644,76600.0,0.247,1.7,38,6,0,21300.0,1,Group A,Male,0
APP102501,714,56900.0,0.299,3.3,28,6,1,24000.0,1,Group B,Female,1
APP102502,712,75700.0,0.352,1.9,75,4,0,17600.0,2,Group B,Male,0
APP102503,641,45400.0,0.288,3.8,29,7,2,33800.0,5,Group B,Female,0
APP102504,547,124300.0,0.146,6.0,23,13,3,12900.0,3,Group A,Female,0
APP102505,664,96700.0,0.428,5.0,21,7,0,24100.0,3,Group A,Male,1
APP102506,586,75300.0,0.36,6.1,29,4,0,19300.0,2,Group B,Female,1
APP102507,685,91900.0,0.38,,42,5,0,11000.0,4,Group B,Male,0
APP102508,663,56200.0,0.324,8.6,54,7,0,22000.0,3,Group A,Female,0
APP102509,642,41400.0,0.506,1.0,28,7,0,1000.0,5,Group A,Female,0
APP102510,596,18000.0,0.285,3.8,55,8,2,26200.0,5,Group A,Male,0
APP102511,757,70000.0,0.222,1.8,40,10,0,32100.0,5,Group A,Female,1
APP102512,651,63000.0,0.523,5.2,35,4,0,13400.0,3,Group A,Male,0
APP102513,833,80500.0,0.098,0.9,43,5,0,14900.0,3,Group A,Female,1
APP102514,682,68300.0,0.323,0.7,58,5,1,16500.0,3,Group A,Male,0
APP102515,703,79400.0,0.332,0.2,42,7,0,27400.0,3,Group B,Female,0
APP102516,683,87500.0,0.327,0.3,28,5,2,31900.0,3,Group A,Female,0
APP102517,702,33000.0,0.169,0.5,46,3,1,30000.0,1,Group A,Male,0
APP102518,751,88900.0,0.21,22.3,46,4,0,28800.0,1,Group A,Female,1
APP102519,752,58200.0,0.445,6.2,39,5,0,21600.0,3,Group A,Male,1
APP102520,565,80400.0,0.492,1.8,53,2,2,1000.0,2,Group A,Female,0
APP102521,736,92500.0,0.294,1.1,21,5,1,16300.0,2,Group A,Male,1
APP102522,712,92700.0,0.238,2.6,45,11,0,26500.0,1,Group A,Female,0
APP102523,682,71100.0,0.144,5.8,50,4,1,26300.0,4,Group A,Male,1
APP102524,791,72300.0,0.443,1.6,24,9,0,16400.0,3,Group B,Male,1
APP102525,794,89400.0,0.45,6.6,23,7,0,1300.0,3,Group A,Female,1
APP102526,739,32000.0,0.031,5.1,53,5,0,26100.0,5,Group B,Female,1
APP102527,645,45200.0,0.073,5.9,55,6,1,10200.0,1,Group B,Female,1
APP102528,602,61300.0,0.355,5.6,57,4,0,10300.0,3,Group B,Female,0
APP102529,729,36000.0,0.369,2.5,33,5,1,27400.0,1,Group A,Male,1
APP102530,768,61500.0,0.287,9.4,43,4,0,19600.0,1,Group A,Female,1
APP102531,548,60200.0,0.336,3.8,45,6,0,26200.0,1,Group A,Male,0
APP102532,751,70100.0,0.313,4.4,21,1,1,5700.0,3,Group B,Male,1
APP102533,663,66600.0,0.343,1.5,43,6,0,17300.0,2,Group A,Female,1
APP102534,562,93700.0,0.241,8.1,43,13,0,3200.0,3,Group B,Female,0
APP102535,711,81800.0,0.339,7.5,50,4,1,27300.0,3,Group A,Male,0
APP102536,739,66300.0,0.266,0.6,34,3,2,25400.0,4,Group B,Male,0
APP102537,657,60000.0,0.257,1.3,56,6,1,9400.0,5,Group A,Female,1
APP102538,611,66900.0,0.135,5.9,42,4,0,15900.0,5,Group A,Male,0
APP102539,791,67300.0,0.321,6.2,62,4,0,23600.0,4,Group A,Male,1
APP102540,637,128500.0,0.428,2.8,50,3,0,9100.0,4,Group A,Male,1
APP102541,755,33000.0,0.304,23.5,44,4,0,2500.0,5,Group A,Male,1
APP102542,582,45800.0,0.301,3.9,27,8,0,17700.0,3,Group A,Male,0
APP102543,707,42200.0,0.478,0.7,25,8,1,25000.0,4,Group A,Female,1
APP102544,705,74500.0,0.453,0.2,60,8,0,9100.0,1,Group A,Male,0
APP102545,737,73500.0,0.531,2.5,52,3,0,30100.0,3,Group A,Male,1
APP102546,777,54200.0,0.588,5.3,38,6,2,21600.0,4,Group B,Female,1
APP102547,627,89500.0,0.347,4.3,36,4,0,29700.0,1,Group A,Female,0
APP102548,714,76900.0,0.213,1.7,44,5,0,8600.0,1,Group A,Female,1
APP102549,591,90500.0,0.283,1.2,25,6,0,9000.0,1,Group A,Female,0
APP102550,590,96900.0,0.403,3.9,35,2,0,12000.0,2,Group A,Female,0
APP102551,642,18000.0,0.498,5.5,48,6,1,31200.0,1,Group A,Female,0
APP102552,707,84500.0,0.225,2.0,50,8,0,18600.0,2,Group A,Female,1
APP102553,789,37000.0,0.368,8.5,37,8,0,16300.0,4,Group B,Female,1
APP102554,801,74000.0,0.253,1.7,60,6,2,30300.0,3,Group A,Female,1
APP102555,657,66300.0,0.324,4.5,54,5,2,7000.0,4,Group B,Male,0
APP102556,700,67300.0,0.322,23.9,32,5,1,20400.0,1,Group A,Female,1
APP102557,741,39100.0,0.382,1.9,26,9,0,17100.0,4,Group A,Female,0
APP102558,730,92700.0,0.564,8.1,48,4,1,32500.0,1,Group A,Male,1
APP102559,669,37000.0,0.392,4.4,36,9,0,26500.0,2,Group A,Female,0
APP102560,685,86000.0,0.293,3.4,33,7,4,13600.0,2,Group A,Male,0
APP102561,673,33600.0,0.275,2.4,44,2,1,33400.0,5,Group A,Male,0
APP102562,666,67600.0,0.319,1.0,50,7,0,19700.0,4,Group B,Female,0
APP102563,658,111300.0,0.244,2.2,51,5,0,23200.0,4,Group A,Male,0
APP102564,672,124700.0,0.355,0.5,42,5,0,21600.0,3,Group A,Male,1
APP102565,654,29200.0,0.075,1.6,21,7,0,33400.0,2,Group A,Male,1
APP102566,606,51100.0,0.317,2.3,52,2,0,1000.0,3,Group A,Female,0
APP102567,736,55500.0,0.325,22.5,31,7,0,22800.0,1,Group A,Male,1
APP102568,714,122100.0,0.212,3.2,45,6,0,38400.0,1,Group A,Female,1
APP102569,802,66400.0,0.298,1.0,40,2,0,6600.0,5,Group B,Female,1
APP102570,704,93800.0,0.463,3.6,68,9,0,9200.0,5,Group A,Female,0
APP102571,653,75200.0,0.471,5.0,66,2,0,20100.0,2,Group A,Female,0
APP102572,639,39200.0,0.281,8.1,35,6,0,29300.0,3,Group B,Female,0
APP102573,683,23400.0,0.398,3.4,25,5,0,21100.0,5,Group B,Male,1
APP102574,716,53300.0,0.175,0.7,26,3,0,16100.0,2,Group A,Female,1
APP102575,664,123600.0,0.307,0.2,44,5,1,17900.0,1,Group A,Female,1
APP102576,584,74200.0,0.365,7.2,35,9,0,14700.0,3,Group B,Male,0
APP102577,632,93300.0,0.508,0.1,28,10,0,13800.0,4,Group B,Male,0
APP102578,681,34000.0,0.471,5.8,35,5,0,5800.0,1,Group A,Female,0
APP102579,728,60200.0,0.363,3.3,46,6,0,37100.0,3,Group B,Male,0
APP102580,583,86700.0,0.24,7.0,40,8,1,19600.0,4,Group A,Female,0
APP102581,697,41800.0,0.489,1.2,35,11,1,8900.0,3,Group B,Male,0
APP102582,694,66500.0,0.303,4.9,37,7,0,28100.0,2,Group A,Female,1
APP102583,651,46900.0,0.389,0.1,39,7,1,1000.0,3,Group A,Male,1
APP102584,642,87800.0,0.327,0.5,44,4,1,6400.0,4,Group A,Female,0
APP102585,632,77600.0,0.559,2.5,44,8,1,20700.0,2,Group A,Male,1
APP102586,689,84400.0,0.273,1.6,21,4,0,17600.0,3,Group A,Male,1
APP102587,753,88900.0,0.441,1.8,43,5,0,23100.0,2,Group A,Male,0
APP102588,758,62500.0,0.33,4.1,37,8,1,9800.0,3,Group A,Male,0
APP102589,607,92100.0,0.403,0.6,29,6,0,14100.0,2,Group A,Female,1
APP102590,668,53800.0,0.518,11.7,37,3,1,16200.0,3,Group B,Female,1
APP102591,537,83000.0,0.119,9.0,55,4,1,10600.0,3,Group B,Male,1
APP102592,687,20700.0,0.333,0.4,51,8,0,7900.0,4,Group A,Female,1
APP102593,719,50100.0,0.242,,42,6,0,32000.0,5,Group A,Male,1
APP102594,782,123600.0,0.389,3.3,30,7,0,8500.0,1,Group A,Male,1
APP102595,564,82700.0,0.416,4.3,25,6,2,15700.0,4,Group B,Female,0
APP102596,609,82700.0,0.288,3.6,30,7,1,9300.0,1,Group A,Female,0
APP102597,689,48200.0,0.283,2.1,41,4,0,12500.0,1,Group A,Female,0
APP102598,575,41700.0,0.362,4.3,41,9,0,4900.0,5,Group B,Male,0
APP102599,691,61700.0,0.2,1.5,33,9,0,6400.0,4,Group B,Male,0
APP102600,720,66400.0,0.377,18.1,52,4,0,14700.0,3,Group A,Female,1
APP102601,597,113900.0,0.25,0.1,46,12,1,15000.0,4,Group A,Male,0
APP102602,689,92500.0,0.421,3.8,21,6,0,20400.0,3,Group A,Male,1
APP102603,601,70600.0,0.195,1.6,42,7,0,36900.0,5,Group B,Female,0
APP102604,769,69600.0,0.278,4.6,50,7,3,20000.0,4,Group A,Female,0
APP102605,693,86200.0,0.257,1.7,43,11,0,13400.0,4,Group A,Male,0
APP102606,638,36300.0,0.307,3.8,48,6,0,1000.0,1,Group A,Male,0
APP102607,600,21900.0,0.491,18.7,38,3,1,6200.0,2,Group A,Female,0
APP102608,705,85800.0,0.433,0.7,40,4,1,33800.0,3,Group A,Male,1
APP102609,768,69700.0,0.287,2.1,40,5,0,24500.0,5,Group A,Male,1
APP102610,630,36500.0,0.287,0.6,43,2,0,20800.0,4,Group B,Male,0
APP102611,651,18000.0,0.437,5.2,34,4,0,22900.0,5,Group B,Female,0
APP102612,631,89500.0,0.212,2.4,54,7,0,7400.0,2,Group A,Female,0
APP102613,781,55500.0,0.342,8.1,58,7,0,21100.0,3,Group B,Male,1
APP102614,556,77600.0,0.273,2.6,35,5,1,15800.0,4,Group A,Male,0
APP102615,764,61700.0,0.321,7.7,27,3,0,28000.0,1,Group A,Female,1
APP102616,655,67200.0,0.429,0.1,25,2,0,16600.0,2,Group A,Female,1
APP102617,675,53800.0,0.266,7.8,46,8,0,10700.0,5,Group B,Female,1
APP102618,658,66200.0,0.447,2.4,48,8,1,20700.0,5,Group B,Male,0
APP102619,696,81800.0,0.582,1.0,46,4,0,13900.0,4,Group B,Female,0
APP102620,633,61400.0,0.406,16.5,47,5,0,23200.0,3,Group B,Female,1
APP102621,749,60000.0,0.331,1.9,34,9,0,18200.0,4,Group B,Female,1
APP102622,751,82600.0,0.467,0.6,21,9,0,26800.0,5,Group A,Male,1
APP102623,616,84200.0,0.218,8.2,35,9,0,9500.0,4,Group B,Female,0
APP102624,723,40700.0,0.507,3.8,61,6,0,32000.0,5,Group A,Male,0
APP102625,657,67300.0,0.257,0.8,44,9,0,21500.0,1,Group A,Male,1
APP102626,683,55400.0,0.578,13.4,46,6,0,18200.0,3,Group A,Male,1
APP102627,779,68300.0,0.261,4.8,52,11,0,27000.0,3,Group A,Female,0
APP102628,636,102400.0,0.413,4.7,31,10,1,24300.0,3,Group A,Male,1
APP102629,740,76600.0,0.168,2.1,44,11,1,23800.0,2,Group A,Female,0
APP102630,710,119900.0,0.317,7.2,47,12,0,22000.0,1,Group A,Male,0
APP102631,667,73300.0,0.221,9.7,30,6,2,24400.0,1,Group A,Male,1
APP102632,704,64000.0,0.181,0.1,45,11,0,15800.0,3,Group B,Male,0
APP102633,696,67500.0,0.473,2.6,57,5,0,23300.0,4,Group A,Female,1
APP102634,605,71400.0,0.205,5.0,36,4,0,13200.0,1,Group A,Male,0
APP102635,641,75700.0,0.259,7.4,21,8,0,10900.0,3,Group A,Male,1
APP102636,612,44200.0,0.246,9.4,43,8,0,13400.0,3,Group A,Male,0
APP102637,662,62400.0,0.465,0.6,33,7,1,2500.0,3,Group A,Male,1
APP102638,767,50600.0,0.452,3.5,43,4,1,6900.0,2,Group B,Female,1
APP102639,718,92700.0,0.48,0.3,31,3,1,15100.0,4,Group A,Male,0
APP102640,587,21800.0,0.253,7.3,42,6,0,3500.0,5,Group B,Male,0
APP102641,662,71800.0,0.488,3.6,56,6,0,14400.0,5,Group B,Female,0
APP102642,695,31600.0,0.253,1.5,41,8,1,25500.0,3,Group A,Male,0
APP102643,728,78400.0,0.257,5.3,21,7,1,15000.0,4,Group B,Male,1
APP102644,638,58400.0,0.263,1.9,46,4,1,14500.0,1,Group A,Male,1
APP102645,600,24400.0,0.267,0.9,41,8,0,16500.0,1,Group B,Male,1
APP102646,676,90600.0,0.33,0.6,44,4,0,1000.0,5,Group B,Female,1
APP102647,717,18000.0,0.248,0.2,53,9,0,18900.0,5,Group B,Male,0
APP102648,695,67200.0,0.365,0.9,35,9,1,24300.0,4,Group A,Male,0
APP102649,622,84600.0,0.053,1.7,38,3,1,26400.0,1,Group B,Female,0
APP102650,794,101000.0,0.365,4.7,29,5,0,13600.0,2,Group B,Male,0
APP102651,674,29400.0,0.22,2.6,43,8,3,31200.0,1,Group A,Female,0
APP102652,693,55600.0,0.266,9.1,43,4,1,20100.0,5,Group B,Female,0
APP102653,637,94000.0,0.269,2.1,38,5,1,26800.0,4,Group B,Male,1
APP102654,752,95600.0,0.444,3.7,50,7,0,15000.0,1,Group A,Male,1
APP102655,717,98700.0,0.396,9.1,29,4,2,31000.0,4,Group B,Male,1
APP102656,700,129500.0,0.322,2.7,43,2,0,13500.0,5,Group A,Male,0
APP102657,605,55800.0,0.261,1.4,48,6,1,21200.0,2,Group A,Male,0
APP102658,751,76900.0,0.426,9.3,34,3,1,18200.0,2,Group A,Female,0
APP102659,729,59700.0,0.537,0.0,25,6,0,6700.0,1,Group A,Male,1
APP102660,746,20600.0,0.337,27.1,21,5,0,31900.0,3,Group B,Male,1
APP102661,682,65800.0,0.164,5.7,43,8,0,14900.0,2,Group A,Male,1
APP102662,675,20100.0,0.263,7.3,61,4,0,7100.0,4,Group A,Female,0
APP102663,668,55500.0,0.402,35.0,34,6,0,10400.0,2,Group A,Female,1
APP102664,828,32800.0,0.291,2.3,46,8,0,25100.0,1,Group A,Male,1
APP102665,645,78500.0,0.246,5.4,21,8,0,32600.0,5,Group B,Female,1
APP102666,603,49300.0,0.241,2.2,45,12,0,9900.0,5,Group B,Male,0
APP102667,656,25200.0,0.35,4.8,28,6,0,22000.0,4,Group A,Female,1
APP102668,645,88800.0,0.171,4.4,36,5,0,13500.0,1,Group A,Female,1
APP102669,762,53500.0,0.336,0.8,42,4,0,1000.0,1,Group A,Female,1
APP102670,592,57600.0,0.35,3.4,21,11,0,24400.0,2,Group A,Male,0
APP102671,644,44500.0,0.291,1.8,75,3,1,8600.0,1,Group A,Male,1
APP102672,692,95600.0,0.225,3.4,34,9,1,24200.0,2,Group A,Female,0
APP102673,762,74500.0,0.452,9.2,48,3,1,23000.0,2,Group A,Male,1
APP102674,726,53300.0,0.193,0.6,59,6,0,14000.0,5,Group A,Male,1
APP102675,785,22100.0,0.359,6.7,45,9,1,21300.0,1,Group A,Female,1
APP102676,702,128300.0,0.42,1.5,26,4,4,25700.0,3,Group A,Female,1
APP102677,667,115500.0,0.358,10.5,42,6,1,2600.0,4,Group B,Female,1
APP102678,736,102600.0,0.475,0.5,21,5,0,20800.0,4,Group B,Female,0
APP102679,591,51100.0,0.215,5.2,37,6,0,22300.0,3,Group A,Female,0
APP102680,569,56000.0,0.253,11.4,61,5,0,16100.0,4,Group B,Male,0
APP102681,743,77600.0,0.289,1.9,24,6,0,32200.0,4,Group B,Female,1
APP102682,694,46500.0,0.702,5.1,31,5,0,20000.0,5,Group A,Female,0
APP102683,743,44300.0,0.396,5.4,63,10,0,38000.0,3,Group A,Female,0
APP102684,625,103000.0,0.416,5.2,39,7,1,31200.0,2,Group A,Male,0
APP102685,764,66700.0,0.412,7.8,30,7,0,34600.0,3,Group B,Male,1
APP102686,724,41100.0,0.349,2.2,46,7,1,24900.0,1,Group A,Female,0
APP102687,678,90900.0,0.455,1.3,35,7,0,28500.0,3,Group A,Male,1
APP102688,693,54200.0,0.134,9.6,21,6,0,15800.0,3,Group A,Male,0
APP102689,703,20500.0,0.37,3.1,25,3,0,37100.0,4,Group A,Female,1
APP102690,624,40800.0,0.387,1.0,66,4,0,8300.0,5,Group B,Male,0
APP102691,655,55600.0,0.452,6.6,45,3,0,34500.0,1,Group A,Male,0
APP102692,702,73300.0,0.213,0.5,59,7,0,16800.0,3,Group B,Male,1
APP102693,652,72100.0,0.221,1.1,29,5,1,5900.0,5,Group B,Male,0
APP102694,584,97500.0,0.228,8.3,40,4,0,23700.0,4,Group B,Female,0
APP102695,699,62300.0,0.397,3.4,39,8,2,17400.0,3,Group A,Male,1
APP102696,734,56800.0,0.399,0.6,34,4,1,23900.0,3,Group B,Male,1
APP102697,749,97900.0,0.236,0.7,44,6,0,35800.0,4,Group A,Male,0
APP102698,715,91500.0,0.551,1.4,28,11,1,7700.0,2,Group A,Male,0
APP102699,733,62900.0,0.372,3.9,56,4,1,32200.0,4,Group B,Male,0
APP102700,744,75000.0,0.354,1.6,47,6,1,25000.0,5,Group B,Male,0
APP102701,685,56600.0,0.317,4.1,39,10,1,25900.0,3,Group A,Female,0
APP102702,542,40100.0,0.442,4.4,43,6,0,2100.0,3,Group A,Male,0
APP102703,755,120700.0,0.383,3.0,37,7,0,22800.0,4,Group B,Male,1
APP102704,622,55000.0,0.548,17.7,21,5,0,28200.0,4,Group B,Male,0
APP102705,606,75100.0,0.206,,29,8,0,36500.0,1,Group A,Male,0
APP102706,608,31600.0,0.17,1.4,39,9,0,4200.0,4,Group B,Male,0
APP102707,841,85700.0,0.259,0.3,37,6,1,15400.0,2,Group A,Male,0
APP102708,709,39100.0,0.401,0.1,49,2,2,43200.0,2,Group A,Male,0
APP102709,612,108300.0,0.293,7.0,48,3,0,1000.0,3,Group A,Male,1
APP102710,636,111100.0,0.48,11.2,34,7,3,28800.0,5,Group B,Female,0
APP102711,680,81600.0,0.297,8.8,30,7,0,20900.0,3,Group A,Male,1
APP102712,715,70800.0,0.459,1.6,50,7,0,12400.0,5,Group A,Female,1
APP102713,698,63500.0,0.249,1.6,43,10,0,14900.0,1,Group A,Female,1
APP102714,620,66900.0,0.47,1.5,34,10,0,41400.0,5,Group B,Male,0
APP102715,701,77800.0,0.491,0.9,27,4,2,26400.0,1,Group A,Male,0
APP102716,640,70200.0,0.278,8.9,33,10,2,17200.0,2,Group A,Male,1
APP102717,748,91600.0,0.394,4.7,46,6,1,11400.0,5,Group B,Male,0
APP102718,684,46000.0,0.369,9.7,61,3,0,26700.0,1,Group A,Female,1
APP102719,631,104700.0,0.397,1.3,38,4,1,15700.0,2,Group A,Male,1
APP102720,725,57900.0,0.481,6.4,31,7,0,10400.0,4,Group A,Female,0
APP102721,705,50100.0,0.447,7.5,67,8,2,16500.0,3,Group B,Male,1
APP102722,649,76700.0,0.397,2.0,37,9,1,22400.0,3,Group A,Female,0
APP102723,727,78200.0,0.413,0.2,31,6,1,16800.0,3,Group A,Female,0
APP102724,721,26300.0,0.2,0.4,36,4,0,34600.0,1,Group A,Male,1
APP102725,758,56500.0,0.335,17.0,36,7,0,25800.0,4,Group B,Female,0
APP102726,726,18000.0,0.219,1.0,56,10,1,15800.0,3,Group B,Female,1
APP102727,666,51800.0,0.338,4.1,21,4,0,25600.0,1,Group A,Male,1
APP102728,570,52800.0,0.463,8.0,48,5,1,15700.0,5,Group A,Male,0
APP102729,692,75100.0,0.339,0.7,41,4,0,16800.0,3,Group B,Male,1
APP102730,702,49100.0,0.064,3.7,34,3,0,18400.0,3,Group A,Male,1
APP102731,683,54800.0,0.225,1.1,37,6,2,14100.0,1,Group A,Female,1
APP102732,484,99300.0,0.404,3.6,38,6,0,28500.0,1,Group A,Male,0
APP102733,724,117500.0,0.281,0.4,42,7,0,28000.0,3,Group A,Male,1
APP102734,621,45900.0,0.426,0.1,36,5,1,9600.0,3,Group A,Female,0
APP102735,725,92500.0,0.207,3.7,40,8,0,33600.0,1,Group A,Male,0
APP102736,791,77300.0,0.382,1.3,32,7,0,22800.0,3,Group A,Female,1
APP102737,664,26300.0,0.388,11.1,67,8,0,1000.0,2,Group A,Male,1
APP102738,709,49000.0,0.427,3.6,53,5,0,20200.0,5,Group B,Female,0
APP102739,682,18000.0,0.268,0.7,47,7,0,23800.0,4,Group A,Female,1
APP102740,714,75800.0,0.426,5.3,36,9,0,11900.0,3,Group A,Male,1
APP102741,687,42200.0,0.506,3.7,51,5,0,39700.0,5,Group B,Female,0
APP102742,646,71200.0,0.09,13.6,45,1,1,10100.0,4,Group A,Male,1
APP102743,621,129700.0,0.346,1.6,42,5,0,23100.0,2,Group B,Female,0
APP102744,783,106200.0,0.141,1.5,35,5,0,11900.0,5,Group A,Female,1
APP102745,709,49600.0,0.245,3.4,44,7,1,12300.0,5,Group B,Male,0
APP102746,734,43800.0,0.254,6.2,61,10,0,19100.0,2,Group A,Female,1
APP102747,706,99000.0,0.333,0.8,42,6,0,10700.0,2,Group A,Female,1
APP102748,743,43900.0,0.382,5.3,38,4,0,14900.0,5,Group A,Female,0
APP102749,622,91800.0,0.44,35.0,42,7,2,12000.0,4,Group A,Female,1
APP102750,685,133700.0,0.369,8.9,42,5,0,3700.0,1,Group A,Female,1
APP102751,713,84200.0,0.414,5.6,34,2,0,15100.0,5,Group B,Male,1
APP102752,764,96400.0,0.221,0.3,32,5,0,36800.0,1,Group B,Female,1
APP102753,850,93600.0,0.456,,51,4,0,12800.0,4,Group A,Female,1
APP102754,706,54600.0,0.02,2.9,55,5,0,17500.0,4,Group B,Male,1
APP102755,637,75000.0,0.508,0.5,68,6,0,18900.0,3,Group B,Male,0
APP102756,602,45000.0,0.488,2.7,46,12,1,33700.0,5,Group B,Male,0
APP102757,621,99000.0,0.423,10.6,42,1,0,22000.0,4,Group B,Male,1
APP102758,630,42000.0,0.585,2.9,52,8,0,9900.0,1,Group A,Male,0
APP102759,491,84800.0,0.142,1.1,30,9,1,2600.0,2,Group A,Male,0
APP102760,636,95200.0,0.426,0.0,49,7,0,9600.0,2,Group A,Female,1
APP102761,727,56200.0,0.355,2.5,53,4,1,19100.0,5,Group B,Male,1
APP102762,685,50700.0,0.367,21.0,53,8,0,7400.0,3,Group A,Male,1
APP102763,663,63900.0,0.212,6.9,61,9,0,29900.0,1,Group A,Female,0
APP102764,575,46600.0,0.383,2.1,34,11,0,14900.0,1,Group A,Male,0
APP102765,748,71800.0,0.378,7.5,35,5,0,30100.0,5,Group B,Male,1
APP102766,713,46000.0,0.264,1.0,38,6,0,14500.0,1,Group A,Female,1
APP102767,679,47700.0,0.332,0.9,28,7,0,10500.0,2,Group A,Female,0
APP102768,537,81100.0,0.195,1.0,47,8,1,9200.0,1,Group B,Female,0
APP102769,648,82800.0,0.297,8.7,49,2,0,22500.0,5,Group B,Male,0
APP102770,708,61000.0,0.446,4.6,48,5,0,29500.0,1,Group A,Male,1
APP102771,678,28500.0,0.448,0.4,43,5,1,22000.0,3,Group B,Female,0
APP102772,692,96100.0,0.425,7.4,53,13,1,7200.0,5,Group B,Female,0
APP102773,725,57200.0,0.446,8.6,48,11,1,18700.0,2,Group A,Female,1
APP102774,690,117500.0,0.447,8.4,34,8,0,16400.0,5,Group B,Female,1
APP102775,722,64800.0,0.269,6.9,21,7,1,1000.0,1,Group A,Male,0
APP102776,625,71300.0,0.377,1.3,37,1,0,18400.0,3,Group A,Male,1
APP102777,601,57600.0,0.46,1.7,41,6,1,26000.0,1,Group A,Female,1
APP102778,711,73800.0,0.188,4.6,42,6,0,32700.0,5,Group A,Female,0
APP102779,724,151400.0,0.188,0.7,39,3,0,25400.0,1,Group A,Male,1
APP102780,714,59600.0,0.182,4.5,35,8,0,3700.0,3,Group A,Female,0
APP102781,689,98600.0,0.144,4.1,31,5,0,10200.0,3,Group A,Male,1
APP102782,659,70200.0,0.224,5.3,29,4,0,26500.0,3,Group A,Female,0
APP102783,694,96200.0,0.282,6.0,46,8,0,7700.0,4,Group A,Male,1
APP102784,705,21600.0,0.506,2.8,54,6,0,23400.0,1,Group A,Female,1
APP102785,709,114700.0,0.292,2.1,26,7,0,13600.0,4,Group B,Male,1
APP102786,849,76200.0,0.173,0.6,40,6,0,17400.0,3,Group B,Female,1
APP102787,620,61600.0,0.358,1.2,50,5,0,7900.0,4,Group A,Female,1
APP102788,850,89700.0,0.319,1.3,39,2,0,21100.0,5,Group B,Male,1
APP102789,598,71500.0,0.254,5.5,50,5,0,14200.0,3,Group A,Female,0
APP102790,705,40500.0,0.275,2.2,54,11,0,33900.0,4,Group B,Female,0
APP102791,602,18000.0,0.457,2.7,46,6,3,13900.0,4,Group A,Female,1
APP102792,700,111800.0,0.185,5.2,35,6,0,39200.0,5,Group B,Male,0
APP102793,744,62700.0,0.157,1.2,57,4,0,22600.0,5,Group B,Female,0
APP102794,682,53300.0,0.391,1.7,38,3,0,16200.0,1,Group B,Female,0
APP102795,743,55200.0,0.272,6.0,38,8,0,11800.0,3,Group A,Female,1
APP102796,652,103100.0,0.511,0.7,47,9,0,16300.0,2,Group A,Male,0
APP102797,547,56200.0,0.323,3.0,37,8,0,14100.0,1,Group A,Female,1
APP102798,721,83500.0,0.329,4.9,38,2,1,18000.0,4,Group A,Male,1
APP102799,682,60000.0,0.427,1.9,37,9,0,15800.0,3,Group B,Male,0
APP102800,649,37900.0,0.156,9.3,39,8,0,32100.0,1,Group B,Male,0
APP102801,653,89600.0,0.377,2.0,43,5,0,24600.0,3,Group A,Male,1
APP102802,706,94500.0,0.3,11.9,21,3,0,27000.0,2,Group A,Male,0
APP102803,627,51700.0,0.453,1.7,40,8,0,28700.0,1,Group A,Male,0
APP102804,704,67100.0,0.269,1.8,21,15,1,14200.0,3,Group A,Female,1
APP102805,757,70300.0,0.359,3.0,36,3,1,6900.0,3,Group A,Female,1
APP102806,814,78700.0,0.301,0.8,45,10,1,21600.0,2,Group A,Male,1
APP102807,771,115300.0,0.385,4.9,37,4,1,18200.0,5,Group B,Female,1
APP102808,691,60200.0,0.312,9.4,49,7,0,16700.0,3,Group A,Female,0
APP102809,697,60100.0,0.369,0.1,45,12,0,39300.0,1,Group A,Female,1
APP102810,654,63800.0,0.533,0.4,21,7,0,23400.0,5,Group A,Female,0
APP102811,650,45400.0,0.309,0.1,55,3,0,8800.0,5,Group B,Female,0
APP102812,737,26700.0,0.384,4.3,44,9,0,20600.0,2,Group B,Female,0
APP102813,660,71200.0,0.592,4.0,34,5,1,22200.0,1,Group A,Female,1
APP102814,704,80700.0,0.383,1.7,35,10,0,11700.0,1,Group A,Female,0
APP102815,617,68100.0,0.072,0.4,21,3,1,25100.0,2,Group A,Male,0
APP102816,769,66500.0,0.267,6.1,44,4,0,7800.0,3,Group A,Female,1
APP102817,659,46400.0,0.208,2.8,49,14,0,10800.0,5,Group A,Female,0
APP102818,751,74100.0,0.441,3.3,33,10,0,15300.0,2,Group A,Female,1
APP102819,634,72100.0,0.33,8.0,30,12,1,14300.0,5,Group B,Female,0
APP102820,631,79400.0,0.457,1.4,43,8,0,19100.0,1,Group A,Male,0
APP102821,766,75800.0,0.407,6.3,55,4,0,11300.0,3,Group A,Male,0
APP102822,639,77500.0,0.407,0.4,54,6,2,21600.0,2,Group A,Female,0
APP102823,578,99700.0,0.205,5.2,51,4,1,21000.0,4,Group B,Female,0
APP102824,612,81700.0,0.396,9.0,65,6,1,1000.0,4,Group B,Female,0
APP102825,736,79500.0,0.49,4.5,52,7,0,30000.0,3,Group B,Female,0
APP102826,729,26200.0,0.181,7.1,55,7,1,22500.0,4,Group A,Female,1
APP102827,630,93300.0,0.305,7.0,42,7,0,16400.0,1,Group A,Female,1
APP102828,639,60900.0,0.379,0.5,37,6,0,10500.0,3,Group B,Male,1
APP102829,724,69900.0,0.351,3.4,55,2,0,24300.0,5,Group B,Female,0
APP102830,766,37500.0,0.498,13.1,29,2,0,12300.0,2,Group A,Male,0
APP102831,676,118200.0,0.42,5.0,46,4,0,14100.0,3,Group A,Female,0
APP102832,716,18000.0,0.385,1.0,34,9,0,15300.0,4,Group A,Male,1
APP102833,737,103700.0,0.43,1.0,45,8,0,14500.0,4,Group B,Female,1
APP102834,820,78200.0,0.424,15.8,44,5,0,15700.0,1,Group B,Male,1
APP102835,605,22300.0,0.345,1.2,43,2,1,3100.0,2,Group A,Male,0
APP102836,637,116900.0,0.301,1.8,41,2,1,21800.0,3,Group A,Female,0
APP102837,647,80300.0,0.449,1.6,47,10,0,10600.0,2,Group A,Female,1
APP102838,734,18000.0,0.258,2.2,49,6,1,16600.0,2,Group A,Male,1
APP102839,664,57900.0,0.332,3.4,24,4,0,13600.0,1,Group A,Female,0
APP102840,700,80800.0,0.213,5.6,40,11,0,17800.0,3,Group B,Male,0
APP102841,688,109100.0,0.42,9.2,36,9,1,16400.0,2,Group A,Male,1
APP102842,680,58200.0,0.476,11.9,43,2,2,14200.0,2,Group A,Male,0
APP102843,687,18000.0,0.237,6.3,36,6,0,19200.0,3,Group A,Female,0
APP102844,747,103000.0,0.323,16.1,56,5,1,25900.0,1,Group A,Female,1
APP102845,617,80000.0,0.287,0.2,40,3,0,20800.0,1,Group A,Female,1
APP102846,670,18000.0,0.458,28.1,53,8,0,27500.0,1,Group A,Female,1
APP102847,601,76200.0,0.496,2.1,30,5,0,29100.0,2,Group A,Female,1
APP102848,695,78800.0,0.287,13.0,38,7,0,13900.0,2,Group B,Female,1
APP102849,667,60200.0,0.02,6.0,34,11,0,32600.0,1,Group A,Female,1
APP102850,750,48100.0,0.467,11.2,46,2,0,14400.0,3,Group A,Male,1
APP102851,680,53400.0,0.345,5.9,27,2,0,6400.0,3,Group A,Male,1
APP102852,651,60200.0,0.345,7.5,21,7,1,20000.0,4,Group B,Male,1
APP102853,664,76500.0,0.446,1.8,33,6,0,23100.0,1,Group A,Female,0
APP102854,792,86900.0,0.3,0.8,48,7,0,35700.0,4,Group B,Female,0
APP102855,578,18000.0,0.271,0.7,31,6,0,25700.0,4,Group B,Male,0
APP102856,639,74100.0,0.301,0.7,44,5,0,29500.0,3,Group A,Female,0
APP102857,682,79700.0,0.394,3.5,33,6,1,29300.0,1,Group A,Female,1
APP102858,639,72100.0,0.437,9.8,21,8,0,12800.0,2,Group B,Male,0
APP102859,712,58300.0,0.52,0.2,51,5,1,22800.0,2,Group A,Male,0
APP102860,676,102100.0,0.384,3.0,49,3,1,12400.0,1,Group A,Male,1
APP102861,697,100300.0,0.324,7.0,41,10,0,19000.0,3,Group A,Male,0
APP102862,688,59200.0,0.437,8.9,42,10,0,18600.0,2,Group A,Female,0
APP102863,673,66000.0,0.233,,39,5,1,21100.0,1,Group A,Female,1
APP102864,596,86500.0,0.496,8.5,29,8,0,32700.0,1,Group A,Male,0
APP102865,691,98800.0,0.363,4.7,57,4,1,30100.0,1,Group A,Male,1
APP102866,565,48400.0,0.315,7.8,40,3,0,18100.0,2,Group A,Male,0
APP102867,636,42900.0,0.234,7.6,45,3,0,14800.0,1,Group A,Male,0
APP102868,712,74600.0,0.409,0.2,35,3,1,29000.0,3,Group B,Male,1
APP102869,757,41000.0,0.309,2.1,46,6,0,20200.0,2,Group A,Female,0
APP102870,833,21300.0,0.33,1.4,55,6,0,30000.0,3,Group A,Female,1
APP102871,652,48300.0,0.156,4.0,43,5,0,1000.0,5,Group A,Female,0
APP102872,624,78000.0,0.292,0.0,45,3,0,18300.0,4,Group A,Male,0
APP102873,714,105300.0,0.277,11.4,52,8,0,29600.0,3,Group A,Female,0
APP102874,802,51000.0,0.386,10.9,49,3,0,7100.0,2,Group A,Male,0
APP102875,780,65000.0,0.311,10.5,54,5,2,4700.0,3,Group A,Male,1
APP102876,613,71700.0,0.049,2.7,45,6,0,5100.0,5,Group A,Female,1
APP102877,671,52400.0,0.294,2.2,45,9,1,19200.0,2,Group A,Female,0
APP102878,735,50500.0,0.18,3.2,44,7,0,11900.0,1,Group A,Male,0
APP102879,740,76000.0,0.225,12.2,51,8,0,21600.0,3,Group A,Male,1
APP102880,718,39300.0,0.45,1.8,36,11,0,26800.0,1,Group A,Female,1
APP102881,651,49600.0,0.154,6.0,47,4,1,12200.0,3,Group A,Female,1
APP102882,718,63100.0,0.372,0.2,69,4,0,22800.0,1,Group A,Female,0
APP102883,740,75700.0,0.284,5.4,45,5,0,18800.0,1,Group A,Male,1
APP102884,619,31600.0,0.263,2.6,27,8,0,1000.0,4,Group A,Male,0
APP102885,766,64900.0,0.232,0.6,38,6,0,9300.0,3,Group A,Male,1
APP102886,744,37000.0,0.375,4.7,48,4,1,22700.0,3,Group A,Male,1
APP102887,632,51600.0,0.387,10.0,33,4,1,23500.0,3,Group B,Female,1
APP102888,740,86900.0,0.15,10.5,29,4,0,5400.0,4,Group A,Female,1
APP102889,733,66200.0,0.467,17.9,24,4,0,16800.0,2,Group A,Male,1
APP102890,735,108100.0,0.21,3.7,39,2,0,1000.0,5,Group A,Female,1
APP102891,782,66300.0,0.383,11.0,60,6,0,17800.0,2,Group B,Female,1
APP102892,679,91200.0,0.21,2.8,35,9,1,23400.0,1,Group A,Female,1
APP102893,702,87100.0,0.29,9.2,52,1,2,3800.0,4,Group A,Male,1
APP102894,508,67700.0,0.199,7.7,38,6,0,8900.0,4,Group B,Male,0
APP102895,753,36400.0,0.282,0.7,36,3,1,5900.0,4,Group A,Male,1
APP102896,746,65500.0,0.318,16.3,47,3,1,19600.0,4,Group B,Male,1
APP102897,768,55200.0,0.214,5.9,23,8,0,24900.0,1,Group A,Male,1
APP102898,619,54300.0,0.375,0.1,61,3,2,32900.0,1,Group A,Male,0
APP102899,743,71700.0,0.389,0.3,47,6,1,4400.0,3,Group A,Male,0
APP102900,746,33200.0,0.638,1.7,54,9,0,17600.0,4,Group A,Male,0
APP102901,638,47000.0,0.442,0.0,38,6,0,27000.0,4,Group B,Female,0
APP102902,749,43700.0,0.469,2.6,47,3,0,20600.0,1,Group A,Female,1
APP102903,710,61900.0,0.145,1.3,52,5,1,5600.0,4,Group B,Male,0
APP102904,570,49600.0,0.125,3.3,40,2,0,16300.0,2,Group A,Female,0
APP102905,718,51100.0,0.307,4.7,31,7,0,27100.0,3,Group A,Male,1
APP102906,630,71300.0,0.537,0.7,30,6,0,18200.0,5,Group B,Male,0
APP102907,571,57300.0,0.612,1.8,36,4,1,24100.0,1,Group A,Female,0
APP102908,704,68100.0,0.264,0.2,44,9,1,26500.0,2,Group B,Male,0
APP102909,676,41200.0,0.276,16.1,39,10,0,5400.0,3,Group A,Male,1
APP102910,771,48100.0,0.4,6.2,35,4,1,10600.0,1,Group B,Male,0
APP102911,692,117000.0,0.318,2.9,49,4,0,11600.0,2,Group A,Male,1
APP102912,731,51300.0,0.321,2.4,35,7,0,17000.0,3,Group A,Female,0
APP102913,713,18000.0,0.41,2.8,34,5,0,17300.0,2,Group A,Male,1
APP102914,746,76200.0,0.639,2.3,52,9,0,26000.0,1,Group A,Male,1
APP102915,622,51000.0,0.484,4.3,48,6,0,11100.0,1,Group A,Male,1
APP102916,693,73900.0,0.546,4.3,26,8,0,31300.0,4,Group A,Female,1
APP102917,671,65900.0,0.137,0.3,25,2,2,30800.0,1,Group B,Male,1
APP102918,722,81200.0,0.458,17.2,28,8,1,26100.0,4,Group A,Female,0
APP102919,697,65600.0,0.236,6.5,41,5,0,33400.0,3,Group B,Female,0
APP102920,640,62600.0,0.524,4.2,55,5,0,16400.0,4,Group B,Male,0
APP102921,658,95600.0,0.489,3.9,58,6,1,4600.0,4,Group A,Female,0
APP102922,787,18000.0,0.406,6.8,50,5,0,6400.0,2,Group A,Male,1
APP102923,570,36200.0,0.258,6.9,64,6,0,19700.0,1,Group A,Male,0
APP102924,726,48200.0,0.287,0.5,43,4,0,14500.0,1,Group A,Male,1
APP102925,761,27400.0,0.296,3.0,54,5,0,11400.0,3,Group A,Male,0
APP102926,718,56500.0,0.424,2.3,34,2,0,25300.0,3,Group B,Female,1
APP102927,808,54100.0,0.384,3.9,22,5,0,16800.0,4,Group A,Female,1
APP102928,741,91400.0,0.496,3.5,37,6,0,6100.0,2,Group A,Male,0
APP102929,705,65900.0,0.517,4.5,39,9,1,7300.0,2,Group B,Male,0
APP102930,650,62900.0,0.247,5.7,72,9,1,27000.0,2,Group A,Female,0
APP102931,706,58900.0,0.392,4.9,41,7,0,5000.0,1,Group A,Male,1
APP102932,724,42800.0,0.391,4.8,29,3,0,6100.0,4,Group A,Male,1
APP102933,680,89400.0,0.33,7.8,53,10,0,28400.0,5,Group B,Female,1
APP102934,632,97000.0,0.444,2.4,32,6,1,24800.0,4,Group A,Female,0
APP102935,602,38900.0,0.394,2.6,43,5,1,31200.0,1,Group A,Female,0
APP102936,692,106900.0,0.277,7.3,52,4,1,25500.0,2,Group A,Male,0
APP102937,584,51900.0,0.324,4.9,30,5,0,23400.0,1,Group A,Male,0
APP102938,649,49900.0,0.302,20.7,59,4,0,20300.0,4,Group A,Male,1
APP102939,522,79300.0,0.26,5.1,55,10,0,20400.0,1,Group A,Female,1
APP102940,734,81500.0,0.331,0.7,45,9,0,27800.0,5,Group B,Male,0
APP102941,755,66300.0,0.197,3.2,62,5,0,10200.0,5,Group A,Male,1
APP102942,685,59700.0,0.392,1.2,36,4,1,15600.0,5,Group B,Male,0
APP102943,799,96100.0,0.494,3.8,51,3,1,8300.0,1,Group A,Female,0
APP102944,768,53000.0,0.346,5.8,44,3,0,20000.0,4,Group A,Female,0
APP102945,711,66300.0,0.444,0.4,33,4,0,24200.0,2,Group A,Female,0
APP102946,673,108700.0,0.357,2.2,34,4,0,22300.0,1,Group A,Male,0
APP102947,657,35900.0,0.228,4.6,65,5,0,9000.0,5,Group B,Female,0
APP102948,717,57000.0,0.561,17.5,54,7,1,28100.0,2,Group B,Male,0
APP102949,671,92600.0,0.074,1.7,52,11,2,12400.0,1,Group B,Male,1
APP102950,716,80700.0,0.341,16.3,33,5,1,15600.0,3,Group A,Male,0
APP102951,720,89500.0,0.255,7.9,49,3,0,26800.0,5,Group B,Male,1
APP102952,665,36300.0,0.514,0.0,37,3,0,18600.0,2,Group A,Male,0
APP102953,751,75700.0,0.364,6.1,61,3,0,16000.0,1,Group B,Female,1
APP102954,665,61200.0,0.621,0.2,56,8,0,40600.0,3,Group A,Male,0
APP102955,681,122500.0,0.344,2.7,52,7,1,20900.0,2,Group A,Male,1
APP102956,616,87400.0,0.256,0.5,51,5,0,18300.0,1,Group A,Female,0
APP102957,662,67500.0,0.152,4.3,40,2,1,15800.0,2,Group A,Female,0
APP102958,820,74900.0,0.462,7.3,47,7,1,14600.0,4,Group A,Male,1
APP102959,621,69300.0,0.248,19.2,59,5,1,18600.0,5,Group B,Female,0
APP102960,708,84800.0,0.294,5.1,47,4,0,11000.0,4,Group B,Male,1
APP102961,650,47400.0,0.475,0.8,31,3,0,10700.0,3,Group B,Male,0
APP102962,536,100800.0,0.456,2.1,56,8,1,14400.0,1,Group A,Female,0
APP102963,716,36200.0,0.273,0.2,33,9,0,24300.0,5,Group A,Female,0
APP102964,644,72900.0,0.29,4.4,41,6,0,27200.0,2,Group A,Male,1
APP102965,701,48200.0,0.147,0.2,35,8,0,2100.0,3,Group A,Male,1
APP102966,744,69000.0,0.114,5.0,21,12,0,20600.0,4,Group A,Male,0
APP102967,695,91700.0,0.424,4.5,43,5,0,16500.0,2,Group A,Male,1
APP102968,701,26900.0,0.436,0.9,67,5,0,41000.0,4,Group A,Female,0
APP102969,624,63900.0,0.379,3.8,45,10,0,15800.0,5,Group A,Female,0
APP102970,726,33400.0,0.361,2.2,75,5,1,7800.0,3,Group A,Female,0
APP102971,668,61300.0,0.262,2.9,39,3,1,24900.0,3,Group A,Male,0
APP102972,550,33400.0,0.501,8.0,44,4,0,24700.0,2,Group A,Female,0
APP102973,734,71900.0,0.144,12.3,40,9,0,16000.0,3,Group B,Male,1
APP102974,754,57800.0,0.288,0.1,42,3,0,22000.0,1,Group A,Male,1
APP102975,776,85900.0,0.358,11.4,45,5,0,28200.0,5,Group B,Male,0
APP102976,821,97500.0,0.34,3.4,59,9,0,29700.0,2,Group A,Male,1
APP102977,730,68300.0,0.34,1.4,31,4,1,23000.0,4,Group B,Female,0
APP102978,713,89400.0,0.283,2.8,41,4,0,12200.0,4,Group B,Female,1
APP102979,751,101200.0,0.399,2.1,48,2,0,6400.0,5,Group B,Female,1
APP102980,622,45900.0,0.206,2.5,56,6,0,12100.0,1,Group A,Female,0
APP102981,571,102400.0,0.324,0.3,21,9,0,26800.0,3,Group A,Female,0
APP102982,649,67100.0,0.388,3.4,24,8,1,23000.0,5,Group A,Female,0
APP102983,763,44500.0,0.303,3.4,41,3,0,1600.0,3,Group A,Female,0
APP102984,637,75200.0,0.341,1.9,54,7,2,1000.0,4,Group A,Female,0
APP102985,710,66300.0,0.364,13.4,35,2,0,1000.0,4,Group A,Female,1
APP102986,717,34200.0,0.146,7.3,49,7,0,22200.0,4,Group A,Male,0
APP102987,696,41600.0,0.157,12.0,65,4,2,14800.0,2,Group A,Female,0
APP102988,597,107300.0,0.355,2.4,41,5,0,14700.0,2,Group A,Male,1
APP102989,702,74700.0,0.273,15.3,38,3,0,17500.0,4,Group A,Male,1
APP102990,653,103600.0,0.28,0.6,47,9,1,14100.0,2,Group B,Female,1
APP102991,791,58000.0,0.403,1.8,43,4,0,13000.0,5,Group B,Male,1
APP102992,754,48800.0,0.231,2.1,44,4,1,30800.0,1,Group A,Male,0
APP102993,655,27600.0,0.075,0.7,39,9,1,25300.0,2,Group A,Male,1
APP102994,795,91200.0,0.522,3.2,38,3,0,26500.0,4,Group A,Male,1
APP102995,702,77900.0,0.473,,29,9,0,31900.0,4,Group A,Female,0
APP102996,571,58200.0,0.472,2.8,48,6,0,28000.0,3,Group A,Female,1
APP102997,675,49000.0,0.217,1.1,29,5,0,9000.0,1,Group A,Male,1
APP102998,786,95000.0,0.331,3.1,31,14,0,23300.0,5,Group B,Female,0
APP102999,627,63700.0,0.2,1.0,27,6,0,1500.0,4,Group A,Female,0
APP103000,676,64000.0,0.333,10.7,37,4,2,11000.0,3,Group B,Female,0
APP103001,592,53600.0,0.302,9.4,41,6,0,26800.0,1,Group A,Male,0
APP103002,602,58200.0,0.221,3.5,28,5,0,12400.0,2,Group A,Male,0
APP103003,626,81200.0,0.395,16.2,38,9,1,22000.0,5,Group B,Male,0
APP103004,600,34000.0,0.312,1.7,43,3,0,32700.0,2,Group A,Male,0
APP103005,640,69900.0,0.529,3.5,22,5,0,17400.0,2,Group B,Female,0
APP103006,793,90900.0,0.349,1.0,32,4,0,15600.0,2,Group A,Male,1
APP103007,678,66000.0,0.06,6.1,63,5,1,15500.0,5,Group A,Female,0
APP103008,731,93300.0,0.141,1.3,32,1,0,14500.0,2,Group A,Female,1
APP103009,751,100200.0,0.571,0.3,50,4,0,13800.0,5,Group B,Male,0
APP103010,608,89700.0,0.301,4.2,35,9,0,16900.0,1,Group A,Male,1
APP103011,626,55100.0,0.366,11.6,43,7,1,21200.0,5,Group B,Female,1
APP103012,730,67100.0,0.341,2.6,31,9,0,15600.0,5,Group B,Female,1
APP103013,639,76300.0,0.496,4.7,21,5,0,15600.0,3,Group B,Male,0
APP103014,725,56700.0,0.13,8.2,36,6,0,18700.0,2,Group A,Female,1
APP103015,789,55900.0,0.486,1.7,46,10,0,7800.0,3,Group B,Female,1
APP103016,585,54500.0,0.479,11.4,49,10,0,16200.0,3,Group B,Female,0
APP103017,657,129000.0,0.341,7.9,43,5,0,24000.0,4,Group A,Male,0
APP103018,667,61500.0,0.385,2.9,32,4,0,7500.0,1,Group A,Female,1
APP103019,646,93600.0,0.299,6.3,52,5,0,22500.0,2,Group A,Female,0
APP103020,640,47100.0,0.155,4.5,32,6,1,24400.0,4,Group A,Male,0
APP103021,648,108800.0,0.404,14.4,33,10,0,34300.0,5,Group B,Female,1
APP103022,679,58900.0,0.367,8.0,29,4,0,21000.0,3,Group A,Female,0
APP103023,691,69300.0,0.369,1.2,36,7,1,11300.0,3,Group A,Male,1
APP103024,742,24000.0,0.393,2.0,37,7,0,17500.0,4,Group A,Female,0
APP103025,678,94800.0,0.274,0.6,45,4,1,13300.0,3,Group A,Female,0
APP103026,753,100000.0,0.504,1.6,25,7,0,16300.0,1,Group A,Female,1
APP103027,642,39500.0,0.341,11.2,35,4,0,6300.0,4,Group B,Female,0
APP103028,602,96200.0,0.4,2.1,31,4,0,17400.0,3,Group A,Male,1
APP103029,660,35900.0,0.31,7.1,46,6,1,29500.0,3,Group A,Male,0
APP103030,710,83200.0,0.456,3.2,45,7,0,29900.0,5,Group B,Male,1
APP103031,736,61100.0,0.351,9.0,29,8,0,24100.0,2,Group A,Female,1
APP103032,775,100100.0,0.331,0.0,47,2,0,10900.0,1,Group A,Male,1
APP103033,699,74000.0,0.473,3.7,40,10,1,22700.0,1,Group A,Female,0
APP103034,729,90400.0,0.15,3.3,51,6,0,16400.0,4,Group B,Male,0
APP103035,769,97700.0,0.309,4.4,33,10,0,15400.0,1,Group B,Male,1
APP103036,629,61000.0,0.273,0.1,48,4,0,28800.0,4,Group A,Female,0
APP103037,666,67300.0,0.381,12.2,51,12,0,15200.0,1,Group A,Female,1
APP103038,850,41300.0,0.375,4.3,42,8,0,14900.0,2,Group A,Male,1
APP103039,736,60800.0,0.339,4.8,66,5,0,22300.0,4,Group A,Male,0
APP103040,713,114200.0,0.261,2.9,47,6,0,5900.0,2,Group A,Male,1
APP103041,738,86100.0,0.337,4.0,62,6,1,16500.0,3,Group B,Male,0
APP103042,593,42900.0,0.376,1.5,71,7,1,29600.0,5,Group B,Male,1
APP103043,638,107200.0,0.32,2.4,21,9,1,31500.0,2,Group A,Female,0
APP103044,614,77300.0,0.462,0.8,55,2,0,10200.0,5,Group B,Male,0
APP103045,707,87900.0,0.407,1.5,47,6,0,9300.0,5,Group B,Male,0
APP103046,656,79800.0,0.342,13.8,44,1,0,12900.0,1,Group A,Male,1
APP103047,686,78100.0,0.082,0.7,33,3,0,1000.0,2,Group A,Male,0
APP103048,660,20100.0,0.316,10.9,30,8,0,33500.0,2,Group B,Female,0
APP103049,574,94600.0,0.409,0.2,28,7,0,24500.0,5,Group A,Male,0
APP103050,738,18000.0,0.309,0.1,68,7,1,8200.0,4,Group B,Male,0
APP103051,565,92400.0,0.373,2.3,47,6,0,5800.0,4,Group A,Female,0
APP103052,633,70400.0,0.315,5.8,25,6,1,18200.0,2,Group A,Female,0
APP103053,594,88100.0,0.366,0.9,28,5,0,21400.0,4,Group B,Female,0
APP103054,623,71800.0,0.494,2.1,21,12,0,36600.0,4,Group A,Female,0
APP103055,693,93100.0,0.427,4.7,55,4,4,13700.0,4,Group A,Female,0
APP103056,760,68400.0,0.197,6.8,42,5,0,20100.0,4,Group A,Female,1
APP103057,579,74700.0,0.158,20.6,47,1,1,13800.0,4,Group A,Female,0
APP103058,644,77700.0,0.389,6.3,41,6,1,16500.0,4,Group A,Male,1
APP103059,566,113100.0,0.468,11.8,52,8,0,35000.0,1,Group A,Female,0
APP103060,641,82400.0,0.157,1.8,36,6,0,42800.0,2,Group A,Female,0
APP103061,685,36400.0,0.317,0.1,45,4,1,24400.0,5,Group A,Female,0
APP103062,730,54500.0,0.601,5.4,44,9,0,6200.0,2,Group A,Male,1
APP103063,542,82400.0,0.31,1.5,27,6,0,26500.0,4,Group B,Female,0
APP103064,716,98200.0,0.618,3.5,32,8,0,18400.0,2,Group A,Male,0
APP103065,617,50700.0,0.249,9.1,37,7,0,20600.0,3,Group A,Female,0
APP103066,601,121800.0,0.269,1.0,45,4,0,16800.0,4,Group A,Male,1
APP103067,684,72200.0,0.263,2.1,58,6,1,13000.0,4,Group A,Female,1
APP103068,721,78100.0,0.199,5.6,42,6,0,22800.0,2,Group B,Female,1
APP103069,673,37900.0,0.154,7.8,40,6,1,13000.0,2,Group A,Male,0
APP103070,609,94800.0,0.316,0.6,45,5,0,15700.0,1,Group A,Male,1
APP103071,673,57300.0,0.356,3.0,39,6,2,18500.0,1,Group B,Male,0
APP103072,633,50100.0,0.261,6.0,41,7,0,20800.0,5,Group B,Female,0
APP103073,719,60400.0,0.288,7.2,59,9,1,4900.0,5,Group B,Female,0
APP103074,750,101200.0,0.499,0.6,38,4,0,21500.0,1,Group B,Female,1
APP103075,746,79200.0,0.447,26.2,44,7,0,14000.0,2,Group B,Male,1
APP103076,679,46700.0,0.312,3.1,33,7,1,22900.0,3,Group A,Female,0
APP103077,753,55300.0,0.387,2.0,56,11,0,38000.0,3,Group A,Female,0
APP103078,614,101800.0,0.16,1.7,30,1,1,10400.0,3,Group A,Male,0
APP103079,796,62300.0,0.37,0.1,40,6,0,17500.0,1,Group A,Male,1
APP103080,613,81400.0,0.333,0.1,53,6,0,14800.0,2,Group A,Male,0
APP103081,548,87300.0,0.299,0.6,31,5,0,13300.0,2,Group A,Male,1
APP103082,769,18000.0,0.344,2.3,51,4,1,7600.0,2,Group A,Male,1
APP103083,634,98300.0,0.326,4.1,21,4,0,19300.0,5,Group B,Male,0
APP103084,688,47500.0,0.195,3.0,28,6,0,9800.0,4,Group B,Male,1
APP103085,613,59300.0,0.525,2.5,40,10,0,33000.0,4,Group A,Male,0
APP103086,834,104900.0,0.445,1.2,70,5,0,20900.0,1,Group A,Male,1
APP103087,798,102700.0,0.297,2.1,43,6,1,6800.0,3,Group A,Female,1
APP103088,781,79800.0,0.146,2.3,43,4,1,21400.0,1,Group A,Female,0
APP103089,686,85500.0,0.07,3.1,55,7,0,19000.0,3,Group B,Male,1
APP103090,744,91500.0,0.561,1.9,28,8,0,7900.0,5,Group B,Female,1
APP103091,677,102300.0,0.321,2.0,21,8,0,17700.0,5,Group B,Female,0
APP103092,753,105400.0,0.424,0.8,62,3,1,20000.0,4,Group B,Male,1
APP103093,653,70600.0,0.236,1.6,48,9,0,37400.0,4,Group B,Male,0
APP103094,783,50300.0,0.306,1.2,36,11,0,8200.0,3,Group A,Male,1
APP103095,650,61900.0,0.312,0.8,42,8,0,21300.0,5,Group A,Female,0
APP103096,657,71100.0,0.367,8.0,54,5,0,7500.0,3,Group A,Male,1
APP103097,650,66700.0,0.35,2.7,39,12,1,15000.0,3,Group A,Male,1
APP103098,693,43700.0,0.239,4.9,43,5,1,9000.0,4,Group A,Female,1
APP103099,655,78500.0,0.237,3.9,65,6,1,31100.0,1,Group A,Female,0
APP103100,712,30400.0,0.331,3.2,26,5,1,29600.0,2,Group B,Male,1
APP103101,649,70000.0,0.147,13.5,47,1,0,28100.0,2,Group A,Female,1
APP103102,731,71600.0,0.249,1.6,26,4,0,12400.0,2,Group B,Male,1
APP103103,779,70800.0,0.323,0.5,60,5,1,10500.0,2,Group B,Female,1
APP103104,685,88400.0,0.384,0.7,45,7,0,18200.0,2,Group A,Female,0
APP103105,824,85200.0,0.505,6.4,33,6,1,34800.0,3,Group A,Female,1
APP103106,753,121300.0,0.288,4.6,23,5,0,27100.0,2,Group A,Male,1
APP103107,819,55600.0,0.344,2.4,37,9,0,40200.0,1,Group A,Male,1
APP103108,676,74700.0,0.135,0.6,43,12,0,15200.0,2,Group A,Female,1
APP103109,572,73200.0,0.377,3.3,55,3,1,18000.0,3,Group B,Male,0
APP103110,634,72000.0,0.24,0.6,28,9,0,24500.0,1,Group A,Female,1
APP103111,641,37600.0,0.306,2.0,31,4,0,17500.0,2,Group A,Male,0
APP103112,618,39600.0,0.392,0.7,35,8,1,17500.0,3,Group B,Male,0
APP103113,537,68200.0,0.397,0.6,32,5,1,8800.0,5,Group A,Male,0
APP103114,747,30200.0,0.18,1.2,35,1,0,10200.0,1,Group A,Male,1
APP103115,559,60000.0,0.428,5.3,30,8,0,38800.0,2,Group A,Female,0
APP103116,740,52500.0,0.336,2.4,46,6,0,13100.0,1,Group A,Male,1
APP103117,822,60800.0,0.479,5.3,35,8,1,28000.0,5,Group A,Female,1
APP103118,629,95200.0,0.501,3.1,41,7,0,3100.0,2,Group A,Female,0
APP103119,705,42100.0,0.517,14.2,45,5,0,18500.0,2,Group A,Female,0
APP103120,654,88900.0,0.183,0.7,24,7,1,8600.0,1,Group A,Female,1
APP103121,734,54300.0,0.384,21.9,48,7,0,16100.0,3,Group A,Female,1
APP103122,602,57300.0,0.166,9.3,44,4,0,26400.0,1,Group A,Female,0
APP103123,671,79200.0,0.483,17.3,44,9,0,15400.0,4,Group A,Male,1
APP103124,753,61400.0,0.499,0.4,39,7,2,35300.0,2,Group A,Female,0
APP103125,677,46600.0,0.448,10.7,38,7,0,21000.0,3,Group A,Female,1
APP103126,574,59100.0,0.293,1.8,42,5,1,19800.0,4,Group A,Male,0
APP103127,761,25400.0,0.4,3.3,42,4,0,14800.0,1,Group A,Female,0
APP103128,596,77100.0,0.279,1.5,27,5,0,10200.0,3,Group B,Male,0
APP103129,685,18000.0,0.342,3.2,60,9,0,11500.0,1,Group B,Female,1
APP103130,718,89300.0,0.33,1.1,33,7,1,22400.0,4,Group A,Male,1
APP103131,688,82800.0,0.12,0.1,42,4,1,11200.0,3,Group B,Female,0
APP103132,845,106400.0,0.251,4.6,55,4,1,15600.0,4,Group A,Male,0
APP103133,728,120400.0,0.59,6.2,37,1,0,15000.0,2,Group A,Female,1
APP103134,667,90500.0,0.33,3.5,44,5,2,33200.0,5,Group B,Male,0
APP103135,719,52900.0,0.358,2.5,21,5,0,19500.0,4,Group B,Female,0
APP103136,694,120100.0,0.339,1.4,21,11,0,20500.0,2,Group B,Male,0
APP103137,683,39300.0,0.295,12.7,41,10,0,10300.0,1,Group A,Female,0
APP103138,696,22300.0,0.344,5.6,43,9,0,10400.0,2,Group B,Male,1
APP103139,652,112500.0,0.295,0.6,54,4,1,8700.0,2,Group A,Male,1
APP103140,694,82400.0,0.089,17.8,51,11,2,17000.0,3,Group A,Male,1
APP103141,647,23000.0,0.426,4.1,22,1,1,3000.0,5,Group A,Female,1
APP103142,557,35500.0,0.517,6.2,56,6,1,24800.0,5,Group B,Male,0
APP103143,754,81200.0,0.212,4.6,27,4,0,22100.0,2,Group A,Female,1
APP103144,643,47100.0,0.295,0.5,51,2,0,7000.0,5,Group B,Male,0
APP103145,689,50600.0,0.505,8.4,36,8,0,15900.0,1,Group A,Female,0
APP103146,631,115200.0,0.255,7.8,74,4,1,28400.0,1,Group B,Male,1
APP103147,633,119600.0,0.383,0.9,34,2,3,17600.0,3,Group B,Male,0
APP103148,612,71500.0,0.816,1.4,40,8,0,6800.0,4,Group B,Male,0
APP103149,742,64400.0,0.41,0.3,43,4,1,28800.0,5,Group A,Male,0
APP103150,757,89700.0,0.348,2.5,38,6,0,27100.0,1,Group A,Male,1
APP103151,682,54500.0,0.437,0.7,29,10,0,29000.0,5,Group A,Male,0
APP103152,645,18000.0,0.425,2.6,67,6,0,9200.0,4,Group A,Female,1
APP103153,570,18000.0,0.267,1.5,34,8,2,46100.0,1,Group A,Female,0
APP103154,732,66200.0,0.149,1.5,33,7,0,21200.0,3,Group A,Male,1
APP103155,636,89200.0,0.405,5.7,40,6,1,17400.0,4,Group A,Female,0
APP103156,607,68400.0,0.422,7.8,43,5,0,20700.0,2,Group A,Male,1
APP103157,682,87400.0,0.307,1.3,33,3,0,25700.0,2,Group A,Male,0
APP103158,658,89800.0,0.521,5.8,52,4,1,32000.0,5,Group B,Male,0
APP103159,581,101300.0,0.499,4.5,43,4,1,10400.0,1,Group A,Male,0
APP103160,590,72500.0,0.425,,41,3,0,15000.0,2,Group B,Male,1
APP103161,702,74600.0,0.309,4.4,48,5,1,11000.0,3,Group B,Female,1
APP103162,637,67100.0,0.11,14.3,31,5,0,3200.0,3,Group A,Female,1
APP103163,713,61800.0,0.321,9.4,34,4,0,20300.0,1,Group B,Female,1
APP103164,690,30300.0,0.138,4.0,41,4,0,26500.0,2,Group A,Male,0
APP103165,748,96100.0,0.081,10.5,52,5,1,10900.0,3,Group B,Male,1
APP103166,626,58800.0,0.411,2.8,38,7,0,12100.0,1,Group A,Female,1
APP103167,695,57400.0,0.469,7.9,37,4,0,12100.0,3,Group A,Male,0
APP103168,721,55000.0,0.125,5.8,21,3,0,26900.0,1,Group A,Male,0
APP103169,639,35800.0,0.312,2.6,33,7,1,13300.0,3,Group A,Male,0
APP103170,753,65900.0,0.338,9.5,21,11,0,1000.0,3,Group B,Male,1
APP103171,572,80400.0,0.308,20.0,24,6,0,18700.0,3,Group A,Female,1
APP103172,626,51100.0,0.188,1.5,45,10,0,14100.0,2,Group B,Male,1
APP103173,569,92900.0,0.486,9.9,75,8,0,8400.0,5,Group B,Male,0
APP103174,632,59200.0,0.191,0.2,43,5,2,18100.0,1,Group A,Female,0
APP103175,670,31200.0,0.126,4.3,45,8,1,19600.0,4,Group A,Female,1
APP103176,734,101000.0,0.189,7.0,32,8,0,15200.0,2,Group B,Male,1
APP103177,670,72800.0,0.393,5.9,28,5,0,16400.0,1,Group A,Male,1
APP103178,641,88700.0,0.311,8.2,66,9,0,2600.0,3,Group A,Female,0
APP103179,579,89300.0,0.255,3.2,31,5,0,9200.0,1,Group A,Male,1
APP103180,601,45300.0,0.398,2.4,21,7,1,20600.0,4,Group B,Male,0
APP103181,700,55500.0,0.377,0.1,44,10,0,24400.0,4,Group A,Male,1
APP103182,737,92800.0,0.086,2.8,36,6,1,11000.0,4,Group A,Male,1
APP103183,653,112000.0,0.397,0.3,48,6,0,34600.0,3,Group A,Female,0
APP103184,759,69500.0,0.47,3.6,60,4,0,16000.0,5,Group A,Female,0
APP103185,618,52900.0,0.326,10.3,45,3,1,11500.0,2,Group A,Female,1
APP103186,655,108400.0,0.314,5.9,44,7,0,19400.0,5,Group B,Female,1
APP103187,660,53000.0,0.548,8.6,49,5,1,21100.0,5,Group B,Female,0
APP103188,779,75900.0,0.262,1.9,73,8,0,18400.0,1,Group A,Female,1
APP103189,689,57700.0,0.322,0.4,68,4,0,17600.0,1,Group A,Female,0
APP103190,563,74500.0,0.376,0.8,37,5,0,22900.0,1,Group A,Male,0
APP103191,742,45300.0,0.345,1.9,52,6,0,30000.0,2,Group A,Male,0
APP103192,800,59000.0,0.31,3.4,62,8,0,9200.0,2,Group A,Female,0
APP103193,664,52900.0,0.35,1.9,49,6,1,10600.0,3,Group B,Male,0
APP103194,622,83900.0,0.513,4.1,40,8,1,18700.0,3,Group A,Male,0
APP103195,736,71900.0,0.429,3.8,35,7,1,25600.0,3,Group A,Male,1
APP103196,808,89100.0,0.332,6.5,42,9,0,1400.0,5,Group A,Female,1
APP103197,735,48200.0,0.245,6.2,27,4,0,19200.0,1,Group A,Male,1
APP103198,575,63000.0,0.26,2.2,52,5,0,32900.0,1,Group A,Male,0
APP103199,729,83000.0,0.445,2.5,58,8,1,20300.0,4,Group B,Male,0
APP103200,706,88600.0,0.165,5.1,36,7,0,23100.0,2,Group B,Male,1
APP103201,618,33300.0,0.604,2.1,36,5,0,18900.0,1,Group B,Female,0
APP103202,764,75600.0,0.337,11.3,28,6,0,20600.0,5,Group B,Male,0
APP103203,708,48500.0,0.188,0.5,47,4,0,24200.0,4,Group A,Male,1
APP103204,765,89800.0,0.36,0.7,41,5,1,10900.0,5,Group B,Male,1
APP103205,611,112700.0,0.252,3.1,24,7,3,6000.0,3,Group A,Female,1
APP103206,706,18000.0,0.294,12.1,75,8,0,23200.0,3,Group A,Female,0
APP103207,622,52300.0,0.174,2.9,21,6,0,18400.0,4,Group A,Male,0
APP103208,696,74300.0,0.314,9.9,24,6,0,34900.0,2,Group A,Male,0
APP103209,776,67900.0,0.107,4.4,52,6,2,5400.0,3,Group A,Female,1
APP103210,587,90600.0,0.274,1.0,49,5,1,26300.0,3,Group A,Female,0
APP103211,591,69900.0,0.249,9.8,32,5,1,9200.0,2,Group B,Male,0
APP103212,742,55300.0,0.285,1.1,32,9,0,19900.0,2,Group B,Male,0
APP103213,679,43500.0,0.256,6.9,46,6,0,24000.0,3,Group A,Male,1
APP103214,756,39500.0,0.344,0.2,46,7,0,18000.0,1,Group A,Male,1
APP103215,628,50200.0,0.438,1.6,33,6,2,18900.0,4,Group B,Female,0
APP103216,683,54400.0,0.38,11.4,53,4,0,16800.0,2,Group A,Female,1
APP103217,725,77200.0,0.483,1.0,48,10,0,18400.0,4,Group A,Female,0
APP103218,694,64200.0,0.285,6.0,57,5,1,7000.0,1,Group A,Female,1
APP103219,564,52400.0,0.376,4.1,40,4,0,9700.0,2,Group A,Male,0
APP103220,850,43800.0,0.38,0.6,51,4,0,17700.0,1,Group A,Female,0
APP103221,694,51100.0,0.467,4.0,38,4,1,18500.0,3,Group B,Male,0
APP103222,593,54500.0,0.26,2.6,47,3,1,17100.0,2,Group B,Male,0
APP103223,700,50000.0,0.427,0.8,45,2,0,8300.0,5,Group B,Female,0
APP103224,708,84200.0,0.246,7.8,51,4,0,26700.0,2,Group A,Male,1
APP103225,745,100800.0,0.277,0.9,47,3,0,20800.0,1,Group B,Female,1
APP103226,740,39800.0,0.301,3.7,21,6,1,20400.0,2,Group A,Female,1
APP103227,666,94900.0,0.39,8.1,33,3,1,18300.0,3,Group A,Female,1
APP103228,568,84600.0,0.22,16.8,42,5,0,8700.0,1,Group A,Female,1
APP103229,710,72300.0,0.236,10.3,47,5,0,3200.0,4,Group A,Male,1
APP103230,573,104600.0,0.269,12.4,51,7,0,18600.0,3,Group A,Male,1
APP103231,759,63900.0,0.345,16.2,48,4,0,12100.0,4,Group A,Female,1
APP103232,632,77600.0,0.237,6.7,33,8,0,12700.0,1,Group A,Female,1
APP103233,721,71000.0,0.369,6.7,52,8,0,24100.0,2,Group A,Female,0
APP103234,637,69200.0,0.301,2.3,31,6,0,16300.0,1,Group A,Male,1
APP103235,648,79000.0,0.412,7.1,56,9,0,23800.0,5,Group A,Male,0
APP103236,628,69100.0,0.347,2.4,57,6,0,12100.0,3,Group B,Male,0
APP103237,727,79200.0,0.533,12.0,41,9,1,15000.0,3,Group A,Female,1
APP103238,640,51900.0,0.353,4.1,33,6,0,16800.0,3,Group A,Female,0
APP103239,730,52700.0,0.206,1.1,33,7,0,1700.0,2,Group A,Female,1
APP103240,641,51800.0,0.317,1.9,28,9,0,10900.0,1,Group B,Male,1
APP103241,665,59200.0,0.342,12.2,30,5,0,30200.0,4,Group A,Male,0
APP103242,682,92300.0,0.24,1.6,39,5,0,12000.0,2,Group B,Male,0
APP103243,690,56900.0,0.507,12.3,34,10,0,19400.0,5,Group A,Male,0
APP103244,620,83700.0,0.306,1.8,22,2,0,11300.0,4,Group A,Male,0
APP103245,726,74400.0,0.269,1.1,35,9,0,11400.0,5,Group A,Female,1
APP103246,662,57400.0,0.36,1.4,42,5,1,19900.0,4,Group A,Male,0
APP103247,715,99400.0,0.24,16.3,37,8,0,7300.0,4,Group B,Male,1
APP103248,679,85700.0,0.446,9.2,30,4,0,25100.0,2,Group B,Female,0
APP103249,718,68000.0,0.424,0.5,21,7,0,24500.0,1,Group A,Female,1
APP103250,653,66100.0,0.354,6.4,55,2,0,23300.0,2,Group B,Male,0
APP103251,629,70200.0,0.405,0.1,41,3,0,1000.0,1,Group A,Male,0
APP103252,708,31300.0,0.285,1.3,45,1,0,18200.0,4,Group A,Female,0
APP103253,648,48200.0,0.175,14.4,43,6,0,34900.0,1,Group A,Female,1
APP103254,775,79100.0,0.304,2.5,47,7,0,1200.0,1,Group A,Female,1
APP103255,684,30000.0,0.285,17.5,44,2,0,32400.0,2,Group B,Male,1
APP103256,591,50100.0,0.116,6.4,42,7,0,1000.0,3,Group A,Female,0
APP103257,642,58600.0,0.224,0.2,50,2,2,23100.0,1,Group A,Female,0
APP103258,615,137700.0,0.205,4.8,53,5,2,3100.0,1,Group A,Male,1
APP103259,750,84200.0,0.224,2.6,58,7,0,19700.0,1,Group A,Male,0
APP103260,730,94300.0,0.487,1.6,31,4,0,28000.0,2,Group A,Female,0
APP103261,676,48700.0,0.396,6.3,44,5,1,6400.0,3,Group B,Male,0
APP103262,699,76700.0,0.446,,22,9,3,37100.0,2,Group A,Female,0
APP103263,674,25800.0,0.396,1.3,35,5,1,7800.0,1,Group A,Female,0
APP103264,736,60100.0,0.459,,39,7,0,21100.0,1,Group A,Male,1
APP103265,714,80100.0,0.343,4.8,50,8,0,8500.0,1,Group A,Female,1
APP103266,725,34000.0,0.507,2.5,40,7,0,29100.0,2,Group A,Male,0
APP103267,668,77400.0,0.205,3.4,49,5,0,33500.0,3,Group B,Female,1
APP103268,639,79400.0,0.333,4.1,37,3,0,14500.0,5,Group B,Female,0
APP103269,723,53500.0,0.227,2.3,34,6,0,32000.0,1,Group A,Female,1
APP103270,781,48000.0,0.477,0.0,31,7,0,20400.0,3,Group B,Male,1
APP103271,752,50800.0,0.386,2.2,49,9,1,15300.0,3,Group A,Female,1
APP103272,783,59700.0,0.471,2.0,36,8,0,8200.0,1,Group A,Female,0
APP103273,691,60400.0,0.186,0.7,21,7,1,11100.0,3,Group B,Female,0
APP103274,617,80200.0,0.274,1.7,49,6,0,26200.0,3,Group B,Female,0
APP103275,623,55200.0,0.144,16.8,30,6,2,11000.0,5,Group B,Male,1
APP103276,770,106500.0,0.38,0.3,43,6,0,24100.0,1,Group A,Female,1
APP103277,559,106300.0,0.293,5.1,27,3,0,15100.0,4,Group A,Male,0
APP103278,778,73700.0,0.423,18.6,41,7,0,32200.0,4,Group A,Male,1
APP103279,629,59700.0,0.343,2.2,21,5,1,12000.0,5,Group A,Female,0
APP103280,805,55200.0,0.106,2.6,41,5,1,3200.0,4,Group A,Female,1
APP103281,675,75600.0,0.157,2.0,30,11,0,6500.0,1,Group A,Female,1
APP103282,727,79800.0,0.349,0.0,26,7,0,22300.0,5,Group A,Male,1
APP103283,835,63200.0,0.391,,50,9,0,17500.0,4,Group A,Male,0
APP103284,659,58600.0,0.096,2.0,40,5,2,18100.0,1,Group A,Male,1
APP103285,657,76500.0,0.331,2.6,38,6,0,24000.0,1,Group A,Male,1
APP103286,635,69700.0,0.228,0.8,32,6,0,7200.0,5,Group A,Female,0
APP103287,615,54300.0,0.218,2.1,52,7,0,12000.0,1,Group A,Female,0
APP103288,659,70700.0,0.268,3.0,36,5,0,14100.0,4,Group A,Male,1
APP103289,644,53500.0,0.354,16.4,59,5,0,19300.0,2,Group A,Male,1
APP103290,599,50000.0,0.262,8.9,56,9,0,10200.0,3,Group A,Male,0
APP103291,666,67900.0,0.122,3.7,58,8,1,13800.0,3,Group B,Female,0
APP103292,709,54200.0,0.353,0.6,53,8,1,13200.0,3,Group A,Female,0
APP103293,622,50400.0,0.301,0.2,34,3,0,3900.0,2,Group A,Male,1
APP103294,669,93100.0,0.237,6.1,42,7,0,13300.0,4,Group A,Male,1
APP103295,771,58600.0,0.306,2.8,39,8,0,21700.0,4,Group B,Male,1
APP103296,588,112200.0,0.302,1.7,51,6,0,7600.0,3,Group B,Male,0
APP103297,806,83000.0,0.345,0.5,41,5,1,4800.0,1,Group A,Female,1
APP103298,636,48300.0,0.313,4.9,38,4,0,14700.0,1,Group A,Female,0
APP103299,693,95800.0,0.358,0.5,61,3,0,11700.0,5,Group A,Male,1
APP103300,763,50800.0,0.335,0.4,37,8,0,1000.0,1,Group B,Female,1
APP103301,783,115400.0,0.43,3.8,34,9,0,1000.0,1,Group A,Male,1
APP103302,711,73400.0,0.514,13.9,36,7,0,26500.0,4,Group A,Male,1
APP103303,635,81000.0,0.338,6.5,54,3,1,10900.0,5,Group B,Female,0
APP103304,629,68700.0,0.272,0.5,43,7,0,25600.0,4,Group B,Male,0
APP103305,643,74400.0,0.182,6.4,47,9,0,23300.0,3,Group A,Male,1
APP103306,803,62500.0,0.411,5.6,44,1,0,32700.0,2,Group A,Female,1
APP103307,655,45800.0,0.241,1.3,21,11,1,20200.0,4,Group A,Female,0
APP103308,701,76200.0,0.598,1.4,28,5,1,12100.0,3,Group A,Male,0
APP103309,612,92600.0,0.646,11.5,38,4,1,23700.0,2,Group A,Female,0
APP103310,605,39400.0,0.317,3.4,45,2,1,1000.0,5,Group B,Male,1
APP103311,682,105000.0,0.157,2.9,29,4,0,26200.0,5,Group B,Female,1
APP103312,659,82400.0,0.412,1.5,29,9,0,34300.0,2,Group A,Male,0
APP103313,664,57500.0,0.571,10.6,37,6,0,7200.0,3,Group A,Female,0
APP103314,584,57100.0,0.196,,57,8,0,15600.0,2,Group A,Male,0
APP103315,675,112700.0,0.549,6.6,21,3,1,18800.0,2,Group A,Female,0
APP103316,781,90500.0,0.137,0.3,21,7,0,14500.0,3,Group B,Female,1
APP103317,625,95400.0,0.18,5.7,62,8,0,16800.0,1,Group A,Male,1
APP103318,738,62000.0,0.374,5.1,23,8,0,10700.0,2,Group A,Female,0
APP103319,455,81300.0,0.452,7.0,36,4,0,12300.0,1,Group A,Male,0
APP103320,628,76400.0,0.333,3.4,23,5,1,44100.0,3,Group A,Female,0
APP103321,556,63800.0,0.389,4.6,37,4,0,19000.0,3,Group A,Male,0
APP103322,760,70600.0,0.461,17.1,39,7,0,1000.0,4,Group B,Male,1
APP103323,737,94600.0,0.474,3.6,60,4,0,12700.0,2,Group B,Female,1
APP103324,613,106400.0,0.272,19.5,50,2,0,14000.0,5,Group A,Male,1
APP103325,699,62000.0,0.245,5.9,26,2,2,32600.0,5,Group B,Female,0
APP103326,758,36500.0,0.456,6.8,21,8,0,31100.0,1,Group A,Female,0
APP103327,768,107400.0,0.39,2.6,47,6,1,18900.0,5,Group B,Male,1
APP103328,654,107700.0,0.405,1.9,35,6,0,7600.0,3,Group A,Male,1
APP103329,536,77600.0,0.267,6.6,32,8,0,19900.0,1,Group A,Female,0
APP103330,622,111000.0,0.41,8.4,55,2,0,10000.0,4,Group B,Female,0
APP103331,730,75900.0,0.22,7.7,21,10,0,20600.0,3,Group A,Male,1
APP103332,816,46200.0,0.367,6.7,37,4,1,26800.0,1,Group A,Male,0
APP103333,676,36500.0,0.352,3.4,49,8,0,12600.0,3,Group A,Female,1
APP103334,641,36300.0,0.353,0.8,27,5,1,19700.0,1,Group A,Female,0
APP103335,836,68100.0,0.426,0.5,57,10,0,24700.0,1,Group A,Female,0
APP103336,706,56800.0,0.228,4.1,29,6,0,22500.0,3,Group A,Male,0
APP103337,600,54100.0,0.414,7.9,40,11,0,3000.0,4,Group B,Female,0
APP103338,672,65400.0,0.342,5.8,33,5,0,17400.0,4,Group A,Female,1
APP103339,745,88600.0,0.253,1.5,21,8,0,1000.0,3,Group A,Male,1
APP103340,675,54900.0,0.195,5.0,36,7,0,20700.0,1,Group A,Male,0
APP103341,732,50800.0,0.548,4.7,51,7,0,25600.0,2,Group B,Male,1
APP103342,576,56500.0,0.332,25.5,29,4,0,21900.0,2,Group A,Female,1
APP103343,587,90100.0,0.301,0.8,33,7,0,20900.0,1,Group A,Male,0
APP103344,632,66300.0,0.214,2.3,35,5,2,20600.0,2,Group A,Female,0
APP103345,662,74700.0,0.46,3.7,47,3,2,23200.0,5,Group A,Female,1
APP103346,702,105300.0,0.451,0.6,37,6,0,9900.0,4,Group B,Male,1
APP103347,721,136200.0,0.43,15.2,41,5,0,12200.0,2,Group A,Female,1
APP103348,840,83400.0,0.333,1.7,41,6,1,19100.0,3,Group B,Female,1
APP103349,632,81000.0,0.423,9.9,35,6,0,29200.0,2,Group A,Male,0
APP103350,660,39600.0,0.249,0.7,61,8,0,22700.0,1,Group A,Female,1
APP103351,634,76800.0,0.364,9.5,29,6,0,24400.0,3,Group A,Male,1
APP103352,750,69500.0,0.334,9.9,49,4,0,15300.0,4,Group A,Male,1
APP103353,754,89400.0,0.369,1.4,56,9,0,18900.0,3,Group A,Female,1
APP103354,651,58600.0,0.141,6.3,39,5,0,17300.0,1,Group A,Female,1
APP103355,814,72800.0,0.546,1.1,42,9,0,6700.0,2,Group A,Male,1
APP103356,634,82500.0,0.518,5.9,47,3,0,20700.0,1,Group A,Female,0
APP103357,747,113600.0,0.213,8.7,37,8,0,16400.0,2,Group A,Female,1
APP103358,775,105500.0,0.404,0.2,21,10,0,25900.0,3,Group A,Female,1
APP103359,591,98400.0,0.176,6.4,38,10,0,4400.0,2,Group A,Male,1
APP103360,718,85500.0,0.349,4.4,61,1,0,13700.0,4,Group A,Male,1
APP103361,503,57600.0,0.098,16.6,48,6,0,1300.0,2,Group A,Male,0
APP103362,734,85400.0,0.308,5.4,42,12,1,21500.0,3,Group A,Female,1
APP103363,608,49500.0,0.286,0.8,50,4,0,25300.0,4,Group A,Male,0
APP103364,717,63100.0,0.467,1.9,39,5,0,21400.0,3,Group A,Female,1
APP103365,729,110700.0,0.524,1.1,41,5,1,35700.0,4,Group A,Male,1
APP103366,753,80900.0,0.526,4.2,36,8,0,23000.0,3,Group B,Female,0
APP103367,738,73400.0,0.467,9.6,47,7,1,10100.0,3,Group A,Female,1
APP103368,684,76500.0,0.349,2.1,35,2,1,29000.0,2,Group A,Female,1
APP103369,655,65700.0,0.383,9.1,37,7,0,36500.0,2,Group A,Female,0
APP103370,675,18000.0,0.382,3.8,52,13,1,24200.0,4,Group B,Female,0
APP103371,607,37700.0,0.21,5.4,39,6,0,11400.0,1,Group A,Male,0
APP103372,666,82800.0,0.466,2.6,48,6,1,12200.0,5,Group B,Female,0
APP103373,661,45900.0,0.416,0.3,49,6,0,21200.0,2,Group A,Female,0
APP103374,629,65400.0,0.421,1.3,40,7,0,14400.0,3,Group A,Female,0
APP103375,567,38500.0,0.089,0.9,37,4,0,27800.0,2,Group A,Male,1
APP103376,597,50800.0,0.39,4.4,25,5,1,15900.0,5,Group A,Female,0
APP103377,475,67900.0,0.451,3.9,28,6,0,25700.0,2,Group B,Male,0
APP103378,660,90200.0,0.338,7.6,48,7,0,24300.0,2,Group A,Male,0
APP103379,703,95000.0,0.285,2.0,48,6,0,5500.0,5,Group B,Male,1
APP103380,506,50400.0,0.19,6.4,29,7,0,17200.0,1,Group A,Male,0
APP103381,695,75400.0,0.182,2.2,46,7,0,27400.0,4,Group B,Male,1
APP103382,672,33800.0,0.357,1.8,44,9,0,16700.0,2,Group B,Male,1
APP103383,604,69400.0,0.314,7.4,52,6,0,21100.0,4,Group A,Female,0
APP103384,652,90900.0,0.313,2.3,67,5,0,19500.0,1,Group A,Male,0
APP103385,748,66400.0,0.508,3.7,48,7,3,10500.0,2,Group B,Male,0
APP103386,617,99600.0,0.202,1.0,33,5,0,33500.0,1,Group A,Female,0
APP103387,685,88100.0,0.302,6.7,50,6,0,11200.0,4,Group B,Female,1
APP103388,703,73800.0,0.526,4.7,28,4,0,9600.0,3,Group A,Male,0
APP103389,627,62000.0,0.306,15.1,68,6,0,27500.0,1,Group A,Male,0
APP103390,746,55200.0,0.347,6.1,26,7,1,13100.0,2,Group A,Female,1
APP103391,706,33000.0,0.321,0.6,46,7,0,18700.0,5,Group B,Female,0
APP103392,664,36900.0,0.418,8.0,41,7,0,21800.0,2,Group B,Female,0
APP103393,834,91900.0,0.114,7.1,36,5,0,27200.0,3,Group A,Male,1
APP103394,746,104300.0,0.318,5.1,35,6,1,1000.0,3,Group B,Female,1
APP103395,570,42100.0,0.346,,57,5,0,16700.0,2,Group B,Female,0
APP103396,655,69600.0,0.23,2.0,48,6,1,15300.0,4,Group A,Female,1
APP103397,840,30200.0,0.378,2.2,39,8,0,17600.0,1,Group A,Female,1
APP103398,616,44600.0,0.427,0.2,62,7,0,25000.0,5,Group B,Female,0
APP103399,684,74200.0,0.39,7.2,40,2,0,31300.0,1,Group A,Female,1
APP103400,760,55600.0,0.536,4.1,50,5,0,19800.0,2,Group A,Female,0
APP103401,722,22000.0,0.292,3.5,25,5,0,11000.0,4,Group B,Female,0
APP103402,732,109300.0,0.395,2.8,26,6,0,20100.0,1,Group A,Female,0
APP103403,728,66800.0,0.392,4.1,50,5,1,23200.0,4,Group B,Male,1
APP103404,682,41500.0,0.314,2.2,45,6,0,20500.0,1,Group B,Female,0
APP103405,628,71100.0,0.465,10.5,67,10,1,27500.0,1,Group B,Female,0
APP103406,708,66100.0,0.372,13.2,33,7,1,11900.0,1,Group A,Male,1
APP103407,654,78100.0,0.208,0.5,49,6,0,12400.0,1,Group A,Male,1
APP103408,649,59800.0,0.423,14.3,38,4,0,19600.0,2,Group A,Female,0
APP103409,776,75500.0,0.285,6.0,51,5,1,28400.0,1,Group A,Female,0
APP103410,655,90600.0,0.304,9.1,50,11,1,33500.0,5,Group A,Male,0
APP103411,791,36400.0,0.313,14.5,41,6,0,22900.0,3,Group A,Male,1
APP103412,697,51400.0,0.421,0.8,32,2,1,20900.0,4,Group A,Male,0
APP103413,670,88100.0,0.459,10.7,37,7,0,9500.0,3,Group A,Female,1
APP103414,562,54800.0,0.322,2.9,28,8,2,24600.0,1,Group A,Female,0
APP103415,818,66000.0,0.316,3.3,45,7,0,7900.0,1,Group A,Female,1
APP103416,680,56700.0,0.115,0.6,21,5,0,27700.0,2,Group A,Male,0
APP103417,532,58200.0,0.262,5.2,34,7,0,19600.0,5,Group B,Female,0
APP103418,744,56200.0,0.236,7.1,52,9,1,19300.0,2,Group A,Female,0
APP103419,677,37800.0,0.374,13.4,52,4,0,29800.0,5,Group B,Female,1
APP103420,619,79000.0,0.328,0.8,22,8,0,19300.0,5,Group B,Male,0
APP103421,741,93500.0,0.24,0.8,48,5,0,14800.0,1,Group A,Male,1
APP103422,514,63800.0,0.357,1.7,27,7,0,20500.0,2,Group A,Female,0
APP103423,634,90800.0,0.333,0.4,36,5,0,10400.0,1,Group A,Male,1
APP103424,661,56200.0,0.061,18.6,50,7,0,20200.0,2,Group A,Female,0
APP103425,735,54800.0,0.462,1.3,29,5,1,16600.0,2,Group A,Female,1
APP103426,826,77900.0,0.451,4.0,58,9,0,12000.0,4,Group A,Male,1
APP103427,664,78300.0,0.314,1.8,44,4,0,39600.0,5,Group B,Male,0
APP103428,710,65300.0,0.379,6.4,47,6,0,16400.0,5,Group B,Female,1
APP103429,850,84200.0,0.304,1.0,54,9,0,12800.0,1,Group B,Female,1
APP103430,680,37100.0,0.164,6.0,52,6,0,2800.0,4,Group A,Male,1
APP103431,710,60700.0,0.578,24.3,51,4,0,11400.0,3,Group A,Male,0
APP103432,600,91200.0,0.422,19.1,33,7,0,24800.0,2,Group B,Female,1
APP103433,807,91100.0,0.443,3.5,28,7,2,4200.0,4,Group A,Male,1
APP103434,634,88100.0,0.309,2.0,38,4,0,7700.0,1,Group A,Female,1
APP103435,697,92500.0,0.464,0.7,47,5,0,26800.0,2,Group A,Female,0
APP103436,696,59100.0,0.189,5.6,26,4,1,14700.0,2,Group A,Male,1
APP103437,686,27100.0,0.313,4.2,48,1,0,13700.0,2,Group A,Female,1
APP103438,652,61800.0,0.421,9.1,45,6,0,18700.0,5,Group A,Male,0
APP103439,696,83300.0,0.271,1.0,39,8,1,28800.0,3,Group A,Male,1
APP103440,794,87200.0,0.44,6.3,42,5,0,9400.0,2,Group A,Female,1
APP103441,828,55400.0,0.373,0.5,42,9,0,35600.0,5,Group A,Female,1
APP103442,669,44800.0,0.363,0.9,46,3,0,18800.0,3,Group A,Female,0
APP103443,651,47200.0,0.261,0.7,50,9,1,17600.0,1,Group A,Male,0
APP103444,627,55000.0,0.384,2.2,75,8,0,23700.0,4,Group B,Female,0
APP103445,850,22500.0,0.553,7.2,43,6,0,1000.0,2,Group A,Male,1
APP103446,688,55300.0,0.359,4.5,33,4,2,20600.0,2,Group A,Female,1
APP103447,752,69100.0,0.401,3.9,21,5,0,19700.0,4,Group B,Female,0
APP103448,725,65700.0,0.417,4.4,24,5,0,34400.0,5,Group A,Male,0
APP103449,824,60100.0,0.214,11.8,32,7,0,38700.0,4,Group B,Male,1
APP103450,664,51500.0,0.325,8.0,49,7,1,19600.0,2,Group B,Female,0
APP103451,608,54300.0,0.322,,36,3,1,19100.0,3,Group A,Male,0
APP103452,801,54700.0,0.106,13.9,46,4,1,16400.0,4,Group A,Female,1
APP103453,739,84900.0,0.427,1.5,32,6,0,17700.0,1,Group A,Female,0
APP103454,710,68000.0,0.237,11.4,46,7,0,14500.0,5,Group B,Female,0
APP103455,780,144000.0,0.415,4.0,51,3,0,27000.0,5,Group B,Male,0
APP103456,713,60000.0,0.257,1.3,36,8,0,30400.0,4,Group B,Male,0
APP103457,782,78500.0,0.565,1.2,46,9,0,29000.0,5,Group B,Male,0
APP103458,696,60600.0,0.309,1.6,36,10,1,29700.0,2,Group A,Female,0
APP103459,739,60000.0,0.551,15.7,26,1,1,22500.0,1,Group B,Female,1
APP103460,714,105500.0,0.321,3.0,48,8,1,25000.0,3,Group A,Female,1
APP103461,659,91900.0,0.334,3.7,46,3,1,24500.0,5,Group B,Male,1
APP103462,667,25900.0,0.512,5.1,48,4,0,4700.0,4,Group A,Male,0
APP103463,654,43500.0,0.239,1.0,52,8,0,15500.0,1,Group A,Male,0
APP103464,697,64700.0,0.345,3.4,38,4,0,12700.0,2,Group B,Female,0
APP103465,650,55600.0,0.399,11.7,39,6,0,17000.0,2,Group B,Male,1
APP103466,708,31800.0,0.384,2.7,38,5,1,16600.0,4,Group A,Male,1
APP103467,706,70800.0,0.345,2.8,45,9,1,23600.0,1,Group A,Female,1
APP103468,693,22900.0,0.33,0.2,39,8,0,14100.0,1,Group A,Female,0
APP103469,694,71000.0,0.433,2.2,43,5,0,1000.0,1,Group B,Male,0
APP103470,643,85500.0,0.359,2.2,32,4,0,20900.0,1,Group A,Female,0
APP103471,662,88900.0,0.446,14.5,29,9,0,15600.0,2,Group A,Male,1
APP103472,571,64500.0,0.383,10.0,30,8,0,22200.0,3,Group A,Male,0
APP103473,672,104300.0,0.412,8.2,46,5,0,7400.0,4,Group A,Male,1
APP103474,616,76000.0,0.465,0.3,40,4,0,22000.0,2,Group A,Male,0
APP103475,686,88300.0,0.306,4.1,35,4,0,10300.0,2,Group A,Female,1
APP103476,634,50300.0,0.462,4.1,49,7,0,2900.0,4,Group B,Female,0
APP103477,547,104500.0,0.323,2.0,58,5,0,14900.0,2,Group B,Female,0
APP103478,826,67900.0,0.186,6.8,35,10,0,2300.0,5,Group B,Male,1
APP103479,665,105800.0,0.304,0.7,28,8,1,12000.0,2,Group A,Female,0
APP103480,774,100600.0,0.261,4.8,52,6,1,18900.0,1,Group A,Female,1
APP103481,646,74200.0,0.381,2.6,41,9,0,5600.0,5,Group B,Male,1
APP103482,790,77700.0,0.309,2.3,39,4,2,20700.0,2,Group B,Female,1
APP103483,605,63700.0,0.354,4.7,53,8,0,5600.0,1,Group A,Female,1
APP103484,691,48300.0,0.452,10.5,38,10,0,9300.0,4,Group B,Female,0
APP103485,609,82300.0,0.503,0.6,46,3,0,8300.0,4,Group B,Male,0
APP103486,849,81100.0,0.372,1.8,43,11,0,23400.0,1,Group A,Female,1
APP103487,664,29200.0,0.459,6.6,75,5,0,19700.0,4,Group B,Male,0
APP103488,734,66000.0,0.321,5.5,39,10,1,13500.0,2,Group A,Female,0
APP103489,709,88800.0,0.168,2.6,52,8,0,1000.0,4,Group A,Female,1
APP103490,678,103200.0,0.21,6.2,38,10,0,17200.0,3,Group A,Male,0
APP103491,714,85400.0,0.318,3.7,46,4,0,7000.0,1,Group A,Female,1
APP103492,768,31600.0,0.428,4.9,39,8,0,6400.0,5,Group B,Female,0
APP103493,723,42700.0,0.319,3.1,51,8,0,23400.0,2,Group A,Female,0
APP103494,691,59700.0,0.47,0.3,40,2,0,10100.0,2,Group A,Male,1
APP103495,714,101600.0,0.541,1.5,47,7,0,18400.0,2,Group B,Male,0
APP103496,804,53400.0,0.242,3.4,32,7,1,9600.0,4,Group B,Male,0
APP103497,653,93400.0,0.574,1.1,31,5,0,25800.0,3,Group B,Male,0
APP103498,559,53000.0,0.16,13.9,21,8,1,22600.0,2,Group A,Female,0
APP103499,609,80800.0,0.543,17.1,45,10,0,26900.0,4,Group B,Male,1
APP103500,614,45400.0,0.336,4.0,33,4,0,28500.0,3,Group A,Female,0
APP103501,623,63300.0,0.314,7.9,67,13,0,4400.0,5,Group A,Female,1
APP103502,625,40800.0,0.339,0.2,35,9,1,35700.0,2,Group A,Female,0
APP103503,678,102600.0,0.252,3.8,56,5,0,1000.0,5,Group A,Male,1
APP103504,696,51300.0,0.505,3.5,55,8,1,12600.0,3,Group B,Female,0
APP103505,695,30900.0,0.264,1.3,38,4,1,13900.0,4,Group A,Female,0
APP103506,633,29000.0,0.278,3.8,32,9,0,2200.0,5,Group A,Female,0
APP103507,745,65900.0,0.188,6.1,39,9,0,13300.0,4,Group B,Male,1
APP103508,715,57000.0,0.26,5.6,55,4,0,26400.0,5,Group B,Female,1
APP103509,783,83600.0,0.263,,68,4,0,19000.0,2,Group A,Male,1
APP103510,735,62400.0,0.256,0.5,26,9,0,3400.0,5,Group B,Female,0
APP103511,657,96000.0,0.321,6.6,41,5,0,14900.0,4,Group B,Male,1
APP103512,765,58800.0,0.217,2.0,34,10,0,26200.0,5,Group B,Male,1
APP103513,698,92600.0,0.515,0.3,37,4,2,10700.0,3,Group B,Female,0
APP103514,732,45100.0,0.323,3.6,61,10,0,14400.0,4,Group B,Male,1
APP103515,727,31900.0,0.381,12.6,32,4,0,22000.0,4,Group B,Female,0
APP103516,672,48200.0,0.435,0.2,22,7,0,24900.0,3,Group A,Female,1
APP103517,687,40900.0,0.563,1.0,43,4,0,23700.0,3,Group A,Male,1
APP103518,671,38200.0,0.44,3.3,46,10,0,14700.0,1,Group A,Male,1
APP103519,625,77900.0,0.313,3.3,36,5,0,2900.0,5,Group B,Male,0
APP103520,541,61700.0,0.222,0.4,33,4,0,20300.0,1,Group A,Female,0
APP103521,635,71400.0,0.377,1.9,43,3,0,4300.0,5,Group B,Female,0
APP103522,693,80700.0,0.457,4.8,25,5,0,16700.0,2,Group A,Male,0
APP103523,751,27500.0,0.356,8.3,46,2,2,10300.0,1,Group A,Male,0
APP103524,732,81700.0,0.347,1.4,37,5,0,16200.0,3,Group A,Male,1
APP103525,662,39100.0,0.363,3.3,58,3,0,29000.0,3,Group A,Female,0
APP103526,636,54200.0,0.134,5.6,45,13,0,20400.0,2,Group A,Male,0
APP103527,668,22600.0,0.356,0.8,39,7,0,27700.0,4,Group A,Male,0
APP103528,617,83700.0,0.421,4.2,38,7,0,11100.0,5,Group B,Female,1
APP103529,543,27500.0,0.335,17.6,21,14,1,20700.0,2,Group A,Male,0
APP103530,580,39200.0,0.464,1.6,40,1,0,8100.0,5,Group A,Female,1
APP103531,769,40900.0,0.467,9.3,39,10,1,15800.0,5,Group A,Female,0
APP103532,801,64900.0,0.285,0.1,42,7,1,22400.0,1,Group A,Female,1
APP103533,729,64200.0,0.389,4.0,39,8,0,1000.0,5,Group A,Male,0
APP103534,676,87500.0,0.345,4.0,58,3,0,16600.0,3,Group B,Female,1
APP103535,589,65500.0,0.117,4.2,38,10,2,22300.0,3,Group B,Male,0
APP103536,670,91200.0,0.319,6.7,31,1,0,13700.0,2,Group A,Female,0
APP103537,720,77100.0,0.227,3.0,21,4,0,25200.0,1,Group A,Male,0
APP103538,734,45300.0,0.355,4.0,36,5,0,16900.0,3,Group A,Female,0
APP103539,725,52000.0,0.415,2.6,28,7,1,5100.0,5,Group A,Male,1
APP103540,759,104300.0,0.316,4.7,25,6,0,20600.0,4,Group B,Female,1
APP103541,806,97500.0,0.241,6.4,37,5,0,18400.0,2,Group A,Female,1
APP103542,654,87800.0,0.366,7.9,55,8,0,16400.0,1,Group B,Male,0
APP103543,850,90900.0,0.609,3.0,52,5,0,17400.0,2,Group A,Female,1
APP103544,549,79200.0,0.101,5.3,26,5,1,24500.0,4,Group A,Female,0
APP103545,629,76000.0,0.366,7.1,41,4,0,17700.0,1,Group A,Male,1
APP103546,693,69200.0,0.28,25.0,46,4,1,23300.0,3,Group A,Female,1
APP103547,716,108800.0,0.293,7.6,48,2,0,31200.0,4,Group B,Female,1
APP103548,668,56800.0,0.328,7.2,60,10,0,24400.0,3,Group A,Female,1
APP103549,648,73800.0,0.302,6.6,27,9,0,17900.0,4,Group B,Male,0
APP103550,823,27000.0,0.406,7.5,30,7,0,17400.0,2,Group B,Female,0
APP103551,645,33700.0,0.313,4.1,33,4,0,15300.0,2,Group A,Male,1
APP103552,614,111600.0,0.102,16.5,45,10,0,18400.0,3,Group A,Female,1
APP103553,790,82800.0,0.481,9.3,21,4,1,19000.0,3,Group A,Male,0
APP103554,735,62900.0,0.464,3.6,38,9,0,11700.0,3,Group A,Male,1
APP103555,751,69900.0,0.273,7.3,21,9,0,13400.0,4,Group B,Male,1
APP103556,693,35400.0,0.345,12.7,41,2,0,9900.0,4,Group A,Male,1
APP103557,591,57700.0,0.474,1.7,66,4,1,24500.0,2,Group B,Female,0
APP103558,686,33000.0,0.454,2.7,52,9,0,19900.0,1,Group A,Female,1
APP103559,582,60900.0,0.489,0.0,26,7,0,17700.0,5,Group A,Female,1
APP103560,696,84300.0,0.381,3.9,36,9,0,11900.0,2,Group B,Female,1
APP103561,722,78900.0,0.425,2.9,30,4,0,23300.0,4,Group A,Male,0
APP103562,750,106100.0,0.495,2.3,57,9,0,12100.0,2,Group B,Male,1
APP103563,674,75100.0,0.302,11.7,21,8,2,11600.0,5,Group A,Female,0
APP103564,729,18000.0,0.388,4.9,36,9,0,24500.0,4,Group B,Female,0
APP103565,621,114800.0,0.104,6.8,33,6,0,14300.0,4,Group B,Female,0
APP103566,743,47800.0,0.166,0.2,27,6,0,20300.0,4,Group B,Male,0
APP103567,724,71900.0,0.395,3.3,61,5,0,13100.0,2,Group A,Female,1
APP103568,628,70400.0,0.412,2.8,22,10,0,15800.0,4,Group B,Male,0
APP103569,714,73800.0,0.297,4.7,27,9,0,17500.0,1,Group A,Female,1
APP103570,751,69200.0,0.273,,60,4,1,27300.0,4,Group B,Male,1
APP103571,685,69600.0,0.301,0.4,40,9,0,21300.0,5,Group A,Female,0
APP103572,627,36300.0,0.361,2.5,39,8,1,22300.0,1,Group A,Male,0
APP103573,692,130100.0,0.085,3.8,33,6,1,22300.0,3,Group A,Female,1
APP103574,716,83600.0,0.391,1.0,41,8,0,27100.0,2,Group A,Male,1
APP103575,626,69200.0,0.344,0.7,36,8,0,32600.0,2,Group A,Female,0
APP103576,615,112200.0,0.367,0.2,32,5,0,22800.0,4,Group B,Male,1
APP103577,714,42300.0,0.326,2.2,24,2,1,9800.0,1,Group A,Female,0
APP103578,734,88800.0,0.188,2.1,41,4,0,20600.0,4,Group B,Male,0
APP103579,820,54700.0,0.219,7.9,34,7,0,29800.0,2,Group A,Male,1
APP103580,723,77700.0,0.508,1.0,35,7,0,6500.0,3,Group B,Female,0
APP103581,601,78200.0,0.269,5.8,49,7,0,32900.0,5,Group B,Male,0
APP103582,813,18000.0,0.429,7.8,35,6,0,24400.0,3,Group A,Male,0
APP103583,749,33600.0,0.221,16.4,40,3,0,20800.0,3,Group B,Female,1
APP103584,550,106100.0,0.338,2.3,61,5,0,15400.0,1,Group B,Female,0
APP103585,613,61900.0,0.292,4.4,46,7,1,13200.0,3,Group B,Female,0
APP103586,648,116000.0,0.308,1.9,35,6,2,27100.0,1,Group A,Male,0
APP103587,734,99400.0,0.303,3.7,28,9,1,6300.0,2,Group A,Female,1
APP103588,525,62700.0,0.499,2.6,39,7,0,37800.0,5,Group B,Female,0
APP103589,672,60600.0,0.552,0.2,50,7,0,26200.0,4,Group A,Male,0
APP103590,731,107600.0,0.366,1.2,34,7,0,22900.0,3,Group B,Female,1
APP103591,496,118500.0,0.295,,40,1,0,21500.0,1,Group A,Male,0
APP103592,729,61100.0,0.194,5.1,34,10,1,11800.0,1,Group B,Female,1
APP103593,736,104900.0,0.186,6.7,36,4,0,19900.0,2,Group A,Female,0
APP103594,625,92700.0,0.499,3.9,26,9,1,4900.0,3,Group A,Male,1
APP103595,605,96900.0,0.178,7.1,44,5,0,8500.0,3,Group B,Male,1
APP103596,624,70400.0,0.292,5.6,42,3,0,3700.0,4,Group B,Male,0
APP103597,506,51900.0,0.357,3.9,58,4,0,18700.0,3,Group B,Male,0
APP103598,659,42700.0,0.054,2.5,42,7,0,14000.0,4,Group B,Female,0
APP103599,694,36700.0,0.202,7.8,32,6,1,16300.0,3,Group A,Female,0
APP103600,601,113900.0,0.193,0.9,58,6,1,19900.0,1,Group A,Female,1
APP103601,743,68300.0,0.267,7.7,45,4,0,29200.0,1,Group A,Male,0
APP103602,687,40500.0,0.368,0.0,42,5,2,4400.0,3,Group A,Female,0
APP103603,697,92100.0,0.453,12.7,40,3,0,30800.0,1,Group A,Male,0
APP103604,654,56500.0,0.267,11.7,42,6,0,19000.0,3,Group B,Male,1
APP103605,728,52400.0,0.289,0.1,30,10,0,13800.0,2,Group A,Female,0
APP103606,764,117600.0,0.327,7.7,39,5,0,20300.0,1,Group A,Male,1
APP103607,654,36100.0,0.251,2.3,38,4,0,21600.0,2,Group A,Female,1
APP103608,729,73600.0,0.386,13.3,44,7,1,28500.0,1,Group A,Female,1
APP103609,730,53800.0,0.389,6.0,54,6,0,16400.0,3,Group A,Male,1
APP103610,707,50000.0,0.041,3.9,52,2,1,6400.0,1,Group A,Female,1
APP103611,789,32900.0,0.41,10.8,46,2,1,5700.0,2,Group A,Female,1
APP103612,633,69400.0,0.354,12.3,21,8,1,24400.0,2,Group A,Female,0
APP103613,653,47000.0,0.368,0.7,35,12,1,22600.0,2,Group B,Male,0
APP103614,629,82200.0,0.47,13.1,21,6,0,34300.0,3,Group A,Male,0
APP103615,727,66900.0,0.144,1.8,53,8,0,5200.0,3,Group B,Male,1
APP103616,662,60500.0,0.202,11.1,39,2,1,22200.0,5,Group A,Male,1
APP103617,635,47200.0,0.332,2.5,38,8,1,25800.0,1,Group A,Male,0
APP103618,788,102300.0,0.085,2.0,32,2,0,20800.0,1,Group A,Female,1
APP103619,798,85700.0,0.317,2.4,55,5,0,16500.0,3,Group B,Female,1
APP103620,659,51600.0,0.433,2.1,41,6,0,15300.0,4,Group A,Male,1
APP103621,591,35400.0,0.384,3.1,39,5,1,15200.0,2,Group A,Female,0
APP103622,801,22700.0,0.349,1.4,42,8,0,20300.0,2,Group A,Female,1
APP103623,711,95300.0,0.314,18.5,43,2,0,28800.0,5,Group B,Female,1
APP103624,707,89800.0,0.293,0.7,39,4,0,6700.0,1,Group A,Female,1
APP103625,687,93100.0,0.287,4.7,55,6,0,14600.0,2,Group A,Female,1
APP103626,628,65100.0,0.365,1.6,55,7,1,31600.0,3,Group B,Male,1
APP103627,653,87300.0,0.169,5.7,41,8,1,6400.0,3,Group A,Male,0
APP103628,724,92700.0,0.501,24.3,31,15,2,22000.0,3,Group A,Female,0
APP103629,651,66300.0,0.259,10.2,44,8,0,1000.0,2,Group A,Female,0
APP103630,708,59400.0,0.401,0.8,33,4,0,13700.0,3,Group A,Female,1
APP103631,681,44600.0,0.349,14.0,57,7,1,9800.0,2,Group B,Female,1
APP103632,611,78200.0,0.213,10.9,59,9,1,28100.0,1,Group A,Male,1
APP103633,785,81400.0,0.482,35.0,49,3,0,7500.0,4,Group A,Male,1
APP103634,719,58200.0,0.459,,26,10,0,8000.0,3,Group A,Female,1
APP103635,701,61100.0,0.167,7.9,35,6,0,10100.0,5,Group A,Male,1
APP103636,716,62800.0,0.332,11.5,38,5,0,13200.0,2,Group B,Female,1
APP103637,563,87000.0,0.363,6.7,30,8,0,14100.0,1,Group A,Female,0
APP103638,648,35000.0,0.112,1.4,37,7,0,12700.0,5,Group B,Female,1
APP103639,581,41500.0,0.107,8.8,43,7,0,20500.0,2,Group A,Male,1
APP103640,688,41900.0,0.248,1.1,46,9,0,8100.0,1,Group A,Female,0
APP103641,701,64400.0,0.196,4.1,56,9,1,22000.0,2,Group A,Male,1
APP103642,689,75600.0,0.225,1.4,40,12,1,11100.0,4,Group B,Female,0
APP103643,757,42300.0,0.196,21.2,37,8,0,1000.0,1,Group A,Male,1
APP103644,583,89800.0,0.327,3.9,25,7,0,16500.0,4,Group A,Female,0
APP103645,628,103100.0,0.242,11.1,44,4,0,22000.0,4,Group B,Male,0
APP103646,707,77900.0,0.463,3.2,35,2,0,9400.0,2,Group A,Male,1
APP103647,697,94900.0,0.36,0.4,38,6,0,18700.0,4,Group A,Male,1
APP103648,594,46000.0,0.427,0.6,33,5,0,13600.0,3,Group A,Male,0
APP103649,758,46600.0,0.154,12.0,34,4,1,12700.0,5,Group B,Male,1
APP103650,780,80400.0,0.271,1.7,49,4,0,23400.0,3,Group A,Female,1
APP103651,708,67100.0,0.355,1.9,40,4,2,23700.0,3,Group A,Female,0
APP103652,582,46600.0,0.39,7.4,59,5,1,7600.0,4,Group A,Male,0
APP103653,690,102200.0,0.269,4.0,27,6,0,9100.0,2,Group A,Female,0
APP103654,702,75200.0,0.285,12.8,55,4,1,24300.0,1,Group A,Female,1
APP103655,662,84900.0,0.297,2.7,34,11,0,8300.0,3,Group A,Female,0
APP103656,768,51800.0,0.307,8.9,40,5,0,9800.0,1,Group A,Male,1
APP103657,672,108300.0,0.578,12.3,46,8,1,15300.0,4,Group A,Male,1
APP103658,817,64300.0,0.374,6.7,53,6,2,12500.0,4,Group B,Female,1
APP103659,731,92500.0,0.344,1.1,53,4,0,13200.0,4,Group A,Male,0
APP103660,698,54000.0,0.202,5.1,53,5,0,15500.0,5,Group A,Male,1
APP103661,740,72000.0,0.204,11.2,38,5,1,15800.0,5,Group B,Female,0
APP103662,780,81400.0,0.317,10.1,62,1,0,19800.0,4,Group B,Male,1
APP103663,738,115900.0,0.464,0.0,48,4,0,18700.0,3,Group A,Female,1
APP103664,675,57400.0,0.318,1.8,21,8,0,33500.0,1,Group A,Male,0
APP103665,637,72900.0,0.323,1.2,41,5,1,23500.0,4,Group A,Female,0
APP103666,607,82200.0,0.258,7.7,36,5,1,17300.0,3,Group A,Female,1
APP103667,521,34000.0,0.148,4.5,37,2,0,32700.0,5,Group A,Female,0
APP103668,691,18000.0,0.388,0.3,48,4,1,10000.0,1,Group A,Female,0
APP103669,655,44100.0,0.312,4.2,44,6,1,35300.0,2,Group A,Female,0
APP103670,658,91200.0,0.389,1.3,32,7,2,41000.0,4,Group A,Male,0
APP103671,747,109200.0,0.357,1.6,59,7,0,25800.0,1,Group A,Female,0
APP103672,673,45800.0,0.234,3.4,25,8,0,16600.0,3,Group A,Female,0
APP103673,803,38800.0,0.365,5.3,24,8,1,26700.0,2,Group A,Female,1
APP103674,643,104800.0,0.198,28.8,27,11,1,29000.0,3,Group B,Male,1
APP103675,617,54400.0,0.364,11.6,46,5,0,9500.0,5,Group B,Male,1
APP103676,598,59100.0,0.333,0.9,45,4,0,25200.0,4,Group A,Female,0
APP103677,727,103000.0,0.509,0.8,31,10,2,15900.0,1,Group A,Female,1
APP103678,755,99100.0,0.245,0.9,33,3,0,10600.0,3,Group A,Male,0
APP103679,641,90400.0,0.194,3.1,40,6,1,20900.0,3,Group A,Male,1
APP103680,611,26900.0,0.295,0.2,28,6,1,18800.0,3,Group B,Female,0
APP103681,779,37800.0,0.407,14.0,50,4,0,5900.0,2,Group A,Male,0
APP103682,586,94900.0,0.032,1.1,59,9,0,30600.0,1,Group A,Female,0
APP103683,746,75600.0,0.436,4.1,38,4,0,19700.0,4,Group A,Male,1
APP103684,643,49300.0,0.317,6.6,45,3,0,25500.0,1,Group A,Male,0
APP103685,706,59700.0,0.214,18.9,42,6,0,26400.0,2,Group A,Male,1
APP103686,750,94700.0,0.3,0.4,57,7,1,11800.0,5,Group A,Female,1
APP103687,711,104700.0,0.258,2.9,64,6,1,37700.0,4,Group B,Female,0
APP103688,661,67900.0,0.205,2.4,36,7,0,37000.0,1,Group A,Male,1
APP103689,771,51500.0,0.127,9.3,41,4,0,9400.0,5,Group A,Male,1
APP103690,699,61400.0,0.42,1.8,51,5,1,18500.0,1,Group A,Male,1
APP103691,850,100200.0,0.278,2.7,45,8,0,19900.0,1,Group A,Male,1
APP103692,569,99800.0,0.297,0.9,30,6,0,12400.0,2,Group A,Female,1
APP103693,568,72700.0,0.433,0.9,21,9,1,14800.0,4,Group A,Male,0
APP103694,745,55300.0,0.346,,33,7,0,39800.0,4,Group B,Female,0
APP103695,678,94000.0,0.168,7.9,44,2,1,13800.0,3,Group A,Male,0
APP103696,732,107000.0,0.414,7.9,36,3,0,35600.0,5,Group A,Male,0
APP103697,609,33100.0,0.503,1.0,28,5,0,29200.0,1,Group A,Male,0
APP103698,684,62400.0,0.395,6.9,34,7,0,22300.0,3,Group A,Male,1
APP103699,710,95700.0,0.245,3.4,62,5,0,30200.0,1,Group A,Male,1
APP103700,645,69800.0,0.178,3.5,27,5,0,26500.0,2,Group B,Male,1
APP103701,695,56300.0,0.241,7.7,37,9,0,23700.0,5,Group A,Male,1
APP103702,592,72400.0,0.351,2.8,34,7,0,27600.0,2,Group A,Female,1
APP103703,706,76900.0,0.497,4.7,64,4,0,13800.0,4,Group B,Male,1
APP103704,774,41000.0,0.256,7.7,23,9,2,16600.0,3,Group A,Male,1
APP103705,600,70200.0,0.269,1.8,31,6,0,5800.0,1,Group A,Male,0
APP103706,596,76800.0,0.452,11.3,41,4,0,25000.0,3,Group A,Female,0
APP103707,757,56200.0,0.292,13.4,43,3,1,12700.0,5,Group A,Female,1
APP103708,594,49300.0,0.529,11.4,54,3,0,5000.0,2,Group A,Female,1
APP103709,735,55100.0,0.324,0.0,53,5,0,23800.0,5,Group B,Female,0
APP103710,684,44700.0,0.468,2.2,32,7,0,16000.0,5,Group B,Female,0
APP103711,653,88400.0,0.382,6.1,44,6,0,33200.0,5,Group B,Male,0
APP103712,775,44400.0,0.418,3.0,38,9,0,26300.0,4,Group B,Female,1
APP103713,740,72500.0,0.321,0.4,35,3,0,30900.0,3,Group B,Female,1
APP103714,698,59000.0,0.328,6.2,53,5,0,17700.0,5,Group B,Male,1
APP103715,540,51100.0,0.386,4.0,44,6,0,21200.0,3,Group B,Male,0
APP103716,726,100900.0,0.428,1.6,60,5,0,27100.0,2,Group B,Male,0
APP103717,610,64900.0,0.398,0.6,46,8,0,1000.0,3,Group B,Male,0
APP103718,666,51900.0,0.146,2.4,52,6,0,4200.0,3,Group B,Female,1
APP103719,680,49600.0,0.368,6.1,21,4,0,17800.0,3,Group A,Male,0
APP103720,803,76100.0,0.268,4.0,42,6,1,3200.0,4,Group A,Female,1
APP103721,664,87800.0,0.28,0.8,46,8,0,11100.0,1,Group A,Female,0
APP103722,588,98500.0,0.39,0.8,47,5,0,23700.0,3,Group B,Male,1
APP103723,776,64000.0,0.527,7.9,59,5,0,21600.0,3,Group A,Male,1
APP103724,727,62500.0,0.314,0.7,48,11,0,24600.0,2,Group B,Female,0
APP103725,730,71100.0,0.557,4.8,26,11,0,8500.0,1,Group B,Female,0
APP103726,777,72000.0,0.219,0.7,47,4,0,26500.0,5,Group B,Male,1
APP103727,792,49500.0,0.475,0.8,51,6,1,11100.0,3,Group A,Male,1
APP103728,622,103100.0,0.387,3.8,33,2,1,23500.0,4,Group B,Female,1
APP103729,590,68500.0,0.363,0.7,36,6,0,24800.0,3,Group B,Female,0
APP103730,735,80800.0,0.492,6.8,50,6,0,37500.0,4,Group B,Male,0
APP103731,663,78200.0,0.27,9.3,41,3,1,34100.0,5,Group B,Male,0
APP103732,669,77700.0,0.481,1.7,54,7,0,24900.0,1,Group A,Female,0
APP103733,607,43900.0,0.317,3.6,43,6,0,15500.0,3,Group A,Male,0
APP103734,718,67800.0,0.269,12.6,21,1,0,19700.0,4,Group A,Male,1
APP103735,706,122700.0,0.194,2.1,41,5,0,21800.0,4,Group B,Female,1
APP103736,670,106100.0,0.514,2.4,36,3,2,12900.0,2,Group A,Male,1
APP103737,590,71800.0,0.466,1.2,48,12,0,24400.0,2,Group B,Male,0
APP103738,759,59200.0,0.287,6.7,46,8,0,25400.0,1,Group B,Female,0
APP103739,697,18000.0,0.4,3.9,29,3,0,25300.0,2,Group A,Female,0
APP103740,753,56100.0,0.354,0.7,43,5,0,8500.0,3,Group A,Male,0
APP103741,543,66100.0,0.301,4.7,47,8,0,18100.0,2,Group A,Male,0
APP103742,684,60400.0,0.446,1.7,46,5,0,27000.0,1,Group B,Female,1
APP103743,633,62100.0,0.271,1.1,52,11,0,25200.0,3,Group A,Female,0
APP103744,682,82900.0,0.099,,28,4,0,16900.0,1,Group A,Female,1
APP103745,741,44000.0,0.369,7.1,39,7,0,17900.0,5,Group B,Female,0
APP103746,704,74500.0,0.347,1.4,21,3,0,14600.0,2,Group A,Female,1
APP103747,681,65400.0,0.275,2.4,55,8,0,23600.0,5,Group B,Female,0
APP103748,681,46800.0,0.242,11.4,42,5,1,3500.0,2,Group A,Female,0
APP103749,579,108200.0,0.168,5.1,40,6,0,9600.0,2,Group A,Male,0
APP103750,621,85900.0,0.3,3.3,39,5,1,13100.0,1,Group A,Female,0
APP103751,753,49100.0,0.244,3.1,47,5,0,23200.0,4,Group A,Female,1
APP103752,647,80400.0,0.446,17.2,53,9,1,31300.0,2,Group A,Male,0
APP103753,754,34700.0,0.397,14.0,38,6,0,21600.0,1,Group B,Male,1
APP103754,734,52100.0,0.287,10.2,46,4,0,7600.0,2,Group A,Female,1
APP103755,737,99900.0,0.397,5.4,46,6,0,16200.0,1,Group A,Male,1
APP103756,702,76400.0,0.328,14.1,21,3,0,9700.0,1,Group A,Female,1
APP103757,652,74500.0,0.31,3.1,33,8,0,15800.0,1,Group A,Female,1
APP103758,670,91700.0,0.334,8.3,46,3,0,9800.0,3,Group B,Male,1
APP103759,722,82700.0,0.535,3.3,56,3,1,14800.0,1,Group A,Male,1
APP103760,542,61600.0,0.411,10.2,57,5,0,10600.0,3,Group B,Female,0
APP103761,761,90500.0,0.307,4.4,26,9,0,36500.0,5,Group A,Male,1
APP103762,647,27500.0,0.438,10.5,53,3,0,21700.0,2,Group A,Female,1
APP103763,674,52000.0,0.434,9.7,53,7,0,10200.0,2,Group A,Male,1
APP103764,675,65700.0,0.369,5.4,46,5,0,17700.0,2,Group A,Male,1
APP103765,677,81100.0,0.304,5.5,21,10,2,33900.0,3,Group B,Female,0
APP103766,595,60200.0,0.297,0.6,35,3,0,25900.0,1,Group A,Male,0
APP103767,690,25200.0,0.222,1.0,42,4,1,16600.0,4,Group A,Female,1
APP103768,719,21800.0,0.36,1.6,38,7,1,13000.0,2,Group A,Female,1
APP103769,547,66400.0,0.273,2.6,21,4,2,21000.0,3,Group A,Male,0
APP103770,595,56500.0,0.292,5.1,38,6,0,13400.0,5,Group B,Male,1
APP103771,738,46200.0,0.409,1.2,30,6,1,28500.0,3,Group B,Female,0
APP103772,726,42100.0,0.526,0.0,48,7,0,41000.0,3,Group B,Female,0
APP103773,699,71200.0,0.381,11.0,47,4,0,19800.0,2,Group B,Female,0
APP103774,636,99300.0,0.328,0.2,47,4,2,19100.0,3,Group B,Female,0
APP103775,727,71200.0,0.338,12.4,37,8,0,7500.0,4,Group A,Male,1
APP103776,602,99600.0,0.465,1.3,41,4,0,32100.0,1,Group B,Male,0
APP103777,671,59000.0,0.383,6.0,40,7,1,23100.0,5,Group A,Female,0
APP103778,595,78600.0,0.361,2.6,52,7,0,2600.0,4,Group B,Female,1
APP103779,669,100400.0,0.369,14.2,35,10,0,21400.0,3,Group B,Female,0
APP103780,613,64200.0,0.183,8.8,32,11,0,18100.0,1,Group A,Male,1
APP103781,729,68600.0,0.383,5.1,53,5,0,19500.0,3,Group B,Male,0
APP103782,708,59000.0,0.244,0.1,51,3,0,14600.0,4,Group B,Female,0
APP103783,643,82200.0,0.383,4.2,47,2,0,19200.0,1,Group A,Male,1
APP103784,751,89700.0,0.259,2.8,60,5,0,8600.0,2,Group A,Male,1
APP103785,618,76400.0,0.405,5.7,66,7,0,19100.0,5,Group B,Female,1
APP103786,678,62500.0,0.323,2.4,56,7,0,25500.0,2,Group B,Male,0
APP103787,640,32000.0,0.214,8.5,32,3,2,16500.0,2,Group A,Male,1
APP103788,728,66800.0,0.308,2.0,51,3,2,11900.0,2,Group A,Male,0
APP103789,722,63400.0,0.583,1.4,42,5,2,31100.0,5,Group B,Female,0
APP103790,765,73700.0,0.09,3.0,34,6,0,28500.0,3,Group A,Male,1
APP103791,685,70800.0,0.358,1.2,32,5,0,8900.0,4,Group A,Male,1
APP103792,488,105700.0,0.229,1.7,44,9,1,14500.0,5,Group A,Male,0
APP103793,652,51300.0,0.491,5.1,51,5,0,18600.0,1,Group A,Male,1
APP103794,782,30200.0,0.43,1.1,58,7,0,20900.0,2,Group A,Male,0
APP103795,659,40600.0,0.36,6.8,49,10,0,23900.0,3,Group A,Female,0
APP103796,555,52800.0,0.441,1.1,48,7,0,15600.0,1,Group A,Male,0
APP103797,709,94000.0,0.367,10.6,39,7,2,9800.0,4,Group B,Male,1
APP103798,714,36900.0,0.341,9.5,44,4,0,20700.0,1,Group A,Male,1
APP103799,633,40100.0,0.274,0.8,23,11,0,11700.0,5,Group A,Male,0
APP103800,664,77900.0,0.3,1.0,48,6,0,23500.0,3,Group A,Male,1
APP103801,625,88400.0,0.289,8.8,46,2,0,23200.0,3,Group A,Female,1
APP103802,714,30800.0,0.341,11.4,64,4,0,34400.0,2,Group A,Female,1
APP103803,684,25500.0,0.132,5.1,41,5,0,30300.0,5,Group A,Female,0
APP103804,604,49100.0,0.453,10.5,55,4,0,24500.0,3,Group A,Male,1
APP103805,679,83800.0,0.554,4.8,35,11,2,15000.0,4,Group A,Female,0
APP103806,632,71400.0,0.292,5.2,61,5,0,10800.0,4,Group A,Female,0
APP103807,775,50000.0,0.469,4.3,58,3,0,28000.0,1,Group A,Male,1
APP103808,738,85700.0,0.325,4.6,55,9,0,22000.0,4,Group B,Male,1
APP103809,672,71000.0,0.274,6.8,42,8,0,11200.0,3,Group B,Female,0
APP103810,685,65400.0,0.298,1.2,38,10,0,19700.0,3,Group A,Male,1
APP103811,746,29300.0,0.349,7.4,37,9,1,16900.0,3,Group A,Male,0
APP103812,669,49500.0,0.261,1.3,29,6,0,15500.0,2,Group A,Female,0
APP103813,729,115000.0,0.407,3.0,47,4,0,19600.0,5,Group A,Male,1
APP103814,776,59900.0,0.283,7.6,38,3,1,12600.0,1,Group A,Female,1
APP103815,648,45000.0,0.222,2.3,46,5,0,7500.0,4,Group A,Male,1
APP103816,787,58800.0,0.338,23.6,43,7,0,35100.0,2,Group A,Male,1
APP103817,768,70900.0,0.264,4.7,28,6,0,16500.0,2,Group A,Male,0
APP103818,696,89200.0,0.304,12.7,54,7,0,23700.0,2,Group B,Male,1
APP103819,651,82900.0,0.334,7.0,42,2,1,4300.0,5,Group B,Female,1
APP103820,695,51800.0,0.193,2.8,51,2,0,6200.0,1,Group B,Female,1
APP103821,664,98500.0,0.5,8.3,27,6,1,10000.0,2,Group A,Female,0
APP103822,628,87600.0,0.429,2.4,32,7,0,9800.0,2,Group A,Female,1
APP103823,715,57300.0,0.271,2.7,36,2,1,9100.0,3,Group A,Male,0
APP103824,613,64900.0,0.338,19.4,44,9,0,9700.0,2,Group B,Male,1
APP103825,658,82400.0,0.41,7.7,40,6,1,25300.0,3,Group A,Male,1
APP103826,659,93800.0,0.363,1.7,57,9,0,11500.0,2,Group A,Female,0
APP103827,591,31600.0,0.547,2.3,53,8,0,1000.0,4,Group A,Male,0
APP103828,723,69700.0,0.314,2.2,32,9,0,19200.0,4,Group B,Male,0
APP103829,665,67300.0,0.471,9.2,75,3,0,13700.0,1,Group A,Male,1
APP103830,764,54300.0,0.193,4.0,40,7,0,31800.0,4,Group A,Female,0
APP103831,664,54200.0,0.21,14.7,56,8,0,17400.0,2,Group A,Male,1
APP103832,654,93300.0,0.525,8.9,38,7,2,29400.0,5,Group A,Female,0
APP103833,621,80800.0,0.292,5.7,48,5,1,15800.0,3,Group A,Female,0
APP103834,683,118600.0,0.212,3.4,52,4,0,12600.0,1,Group A,Female,1
APP103835,683,54300.0,0.335,7.4,23,6,1,23400.0,3,Group A,Male,1
APP103836,728,71300.0,0.479,2.2,62,4,1,6800.0,4,Group B,Male,0
APP103837,684,75400.0,0.256,1.6,32,5,0,28100.0,4,Group A,Male,0
APP103838,816,89500.0,0.335,3.2,37,10,0,14500.0,4,Group B,Female,1
APP103839,710,100600.0,0.136,8.6,34,7,0,4000.0,3,Group A,Female,1
APP103840,616,70200.0,0.288,5.4,34,6,1,22700.0,4,Group B,Female,0
APP103841,610,41700.0,0.45,2.7,35,3,0,16100.0,3,Group A,Male,1
APP103842,715,50900.0,0.254,6.3,27,7,0,7200.0,2,Group A,Male,0
APP103843,614,71400.0,0.2,1.4,50,6,0,21700.0,1,Group A,Female,0
APP103844,719,94900.0,0.255,0.0,42,5,0,13500.0,4,Group B,Male,1
APP103845,738,33300.0,0.273,3.6,39,5,0,24400.0,2,Group A,Female,0
APP103846,740,39900.0,0.424,3.2,53,4,1,16800.0,1,Group B,Female,1
APP103847,624,86200.0,0.382,4.6,62,8,0,22100.0,2,Group B,Male,0
APP103848,740,37000.0,0.403,6.7,22,5,0,15400.0,5,Group A,Male,0
APP103849,701,41000.0,0.343,2.1,60,8,0,4300.0,5,Group A,Male,0
APP103850,640,95300.0,0.272,13.1,41,9,0,25800.0,2,Group A,Male,0
APP103851,670,62700.0,0.255,1.8,25,4,0,11300.0,1,Group A,Female,1
APP103852,711,60900.0,0.388,15.1,46,6,0,1000.0,4,Group A,Male,1
APP103853,636,100800.0,0.515,1.4,40,5,2,14400.0,2,Group A,Male,1
APP103854,700,42500.0,0.237,6.0,51,12,0,11800.0,5,Group A,Male,1
APP103855,774,37700.0,0.228,0.0,43,5,0,26100.0,4,Group A,Male,0
APP103856,743,107100.0,0.215,0.2,45,10,0,12000.0,5,Group B,Female,1
APP103857,685,73600.0,0.431,2.2,36,4,0,16900.0,1,Group A,Female,1
APP103858,695,84300.0,0.335,0.8,29,6,1,22900.0,3,Group B,Male,0
APP103859,645,60500.0,0.401,5.8,50,10,1,18500.0,5,Group A,Male,0
APP103860,647,65400.0,0.284,5.5,35,6,1,27100.0,2,Group A,Male,0
APP103861,580,51100.0,0.408,2.9,46,2,0,27500.0,4,Group A,Male,1
APP103862,696,75600.0,0.308,2.2,59,7,0,9600.0,2,Group A,Male,1
APP103863,724,88000.0,0.17,2.2,39,5,0,21300.0,5,Group A,Female,1
APP103864,675,72700.0,0.442,1.2,49,5,0,32600.0,4,Group B,Male,1
APP103865,623,93500.0,0.336,5.6,41,10,2,10300.0,1,Group A,Male,1
APP103866,684,83900.0,0.306,14.6,37,4,1,7600.0,2,Group A,Male,0
APP103867,767,42800.0,0.371,1.8,22,7,0,24200.0,1,Group A,Female,1
APP103868,738,64500.0,0.181,1.0,41,6,0,11200.0,2,Group A,Male,1
APP103869,678,57200.0,0.387,12.2,39,9,1,35900.0,5,Group A,Female,1
APP103870,813,86100.0,0.274,5.5,31,9,0,14900.0,1,Group A,Male,0
APP103871,850,79100.0,0.323,6.9,21,4,0,9800.0,5,Group A,Female,1
APP103872,649,71100.0,0.465,5.9,21,5,0,13200.0,1,Group A,Female,1
APP103873,664,92300.0,0.411,3.2,62,6,0,30900.0,3,Group A,Male,1
APP103874,725,23200.0,0.321,1.8,41,6,1,6500.0,2,Group B,Male,0
APP103875,621,53500.0,0.329,13.2,24,8,0,14900.0,3,Group A,Male,0
APP103876,735,55600.0,0.058,3.9,34,0,1,15700.0,4,Group A,Female,0
APP103877,687,74000.0,0.25,1.0,41,10,0,1000.0,2,Group B,Female,1
APP103878,704,81300.0,0.358,3.2,46,6,0,13700.0,3,Group A,Male,1
APP103879,643,68000.0,0.256,1.5,38,6,1,16300.0,4,Group A,Male,0
APP103880,629,36400.0,0.194,13.6,65,4,0,10200.0,4,Group B,Male,0
APP103881,551,77800.0,0.393,7.6,66,3,1,24500.0,3,Group B,Male,0
APP103882,777,71100.0,0.484,0.4,46,5,2,25100.0,4,Group B,Female,1
APP103883,741,32800.0,0.261,3.0,37,6,0,19300.0,4,Group A,Male,0
APP103884,724,60900.0,0.436,4.8,46,7,0,7600.0,3,Group B,Male,0
APP103885,703,77000.0,0.42,2.9,25,8,0,9900.0,3,Group A,Female,0
APP103886,530,107700.0,0.233,1.6,53,6,0,27700.0,5,Group B,Female,0
APP103887,631,41900.0,0.26,13.8,43,8,0,38900.0,4,Group B,Female,0
APP103888,663,87000.0,0.538,0.1,27,3,1,26300.0,3,Group B,Male,1
APP103889,610,42200.0,0.217,3.2,34,4,0,22200.0,1,Group A,Female,1
APP103890,570,37500.0,0.273,,48,9,1,9200.0,2,Group A,Female,0
APP103891,616,38900.0,0.556,,21,4,0,18900.0,3,Group A,Male,1
APP103892,683,82500.0,0.277,6.0,30,6,2,6200.0,2,Group A,Male,1
APP103893,683,71100.0,0.489,2.4,35,3,0,23000.0,3,Group A,Female,0
APP103894,739,60400.0,0.228,1.5,53,4,0,14600.0,5,Group B,Female,0
APP103895,814,79000.0,0.355,4.9,62,7,1,7300.0,4,Group A,Female,1
APP103896,725,69000.0,0.459,1.3,46,6,0,13900.0,1,Group A,Female,1
APP103897,669,70700.0,0.289,1.9,21,8,0,21500.0,1,Group A,Female,0
APP103898,797,60700.0,0.351,5.9,28,5,1,19800.0,1,Group A,Female,0
APP103899,577,43300.0,0.422,1.2,75,4,0,18400.0,2,Group A,Female,0
APP103900,545,108600.0,0.241,2.6,43,14,0,21000.0,1,Group A,Male,0
APP103901,622,101600.0,0.586,1.5,21,10,0,8100.0,2,Group B,Male,0
APP103902,733,106200.0,0.454,3.5,69,2,0,8800.0,5,Group B,Female,0
APP103903,691,55100.0,0.301,5.8,25,8,0,10000.0,5,Group A,Male,1
APP103904,607,51600.0,0.314,7.6,48,5,0,5900.0,4,Group A,Female,0
APP103905,633,58100.0,0.55,1.0,27,3,0,17900.0,1,Group A,Female,0
APP103906,599,93800.0,0.301,3.6,67,5,0,4600.0,2,Group B,Female,0
APP103907,599,68000.0,0.288,3.8,24,3,0,20000.0,3,Group B,Female,0
APP103908,781,55000.0,0.466,2.3,34,3,1,3700.0,2,Group A,Male,0
APP103909,671,76700.0,0.186,9.6,54,3,1,24500.0,1,Group B,Female,1
APP103910,795,50300.0,0.331,4.4,34,1,1,20200.0,5,Group A,Male,1
APP103911,622,35500.0,0.349,1.0,47,12,0,4300.0,3,Group A,Female,0
APP103912,712,71100.0,0.263,2.4,51,6,0,22100.0,3,Group B,Female,0
APP103913,695,55600.0,0.168,0.2,43,7,0,16900.0,3,Group A,Male,0
APP103914,737,67700.0,0.348,11.1,28,8,0,28100.0,5,Group A,Male,0
APP103915,697,18000.0,0.416,5.3,32,5,0,16800.0,1,Group A,Male,1
APP103916,744,46600.0,0.265,2.8,36,4,1,2900.0,4,Group A,Female,1
APP103917,716,66900.0,0.21,1.3,48,8,0,14000.0,1,Group A,Male,0
APP103918,609,31600.0,0.478,3.5,51,8,0,16200.0,1,Group A,Male,0
APP103919,728,32400.0,0.398,22.2,43,6,0,13200.0,4,Group A,Female,0
APP103920,673,68900.0,0.3,6.9,49,3,0,22700.0,1,Group A,Male,1
APP103921,630,84800.0,0.441,5.3,22,5,0,27200.0,3,Group B,Female,0
APP103922,725,46600.0,0.367,5.7,45,4,0,22300.0,1,Group A,Female,0
APP103923,740,61700.0,0.537,4.0,40,6,2,8800.0,5,Group B,Male,0
APP103924,649,62300.0,0.413,4.5,47,8,0,21100.0,3,Group A,Male,0
APP103925,657,30500.0,0.187,7.7,50,3,0,17300.0,4,Group A,Female,0
APP103926,590,96400.0,0.268,4.8,28,5,0,10900.0,4,Group A,Female,1
APP103927,563,63600.0,0.273,7.7,40,5,3,30900.0,2,Group B,Male,0
APP103928,664,63900.0,0.374,4.2,57,7,0,18700.0,2,Group A,Female,1
APP103929,731,77000.0,0.307,4.3,45,5,2,10700.0,4,Group B,Male,0
APP103930,643,30600.0,0.216,3.0,40,6,0,16800.0,3,Group A,Male,1
APP103931,773,90100.0,0.405,9.2,26,7,1,19900.0,2,Group A,Female,0
APP103932,667,93200.0,0.45,0.9,48,7,1,33000.0,1,Group A,Male,1
APP103933,667,71400.0,0.329,5.5,24,7,1,22600.0,5,Group A,Male,1
APP103934,661,79100.0,0.363,3.4,39,9,1,12100.0,2,Group A,Female,1
APP103935,744,60200.0,0.234,2.1,35,10,1,24000.0,1,Group A,Male,1
APP103936,618,88700.0,0.283,0.7,46,7,0,19300.0,4,Group A,Male,0
APP103937,672,48200.0,0.287,5.6,34,4,0,4000.0,3,Group A,Male,1
APP103938,644,67200.0,0.401,5.8,37,7,1,5900.0,3,Group A,Female,1
APP103939,643,68700.0,0.368,2.0,30,8,0,10900.0,1,Group A,Female,1
APP103940,682,67100.0,0.304,3.2,38,4,0,9100.0,2,Group A,Female,1
APP103941,673,93700.0,0.299,0.6,44,6,1,8200.0,3,Group A,Male,0
APP103942,748,120500.0,0.124,,37,6,0,22100.0,1,Group A,Female,1
APP103943,679,65400.0,0.517,2.6,37,8,0,26500.0,3,Group A,Female,0
APP103944,716,79300.0,0.111,3.9,43,4,1,6300.0,1,Group A,Male,1
APP103945,691,48700.0,0.386,1.3,53,6,0,16700.0,5,Group B,Male,0
APP103946,771,92800.0,0.344,15.2,50,9,0,28800.0,1,Group A,Female,1
APP103947,660,55600.0,0.311,6.2,25,9,0,25900.0,2,Group A,Male,1
APP103948,661,143500.0,0.339,9.1,50,3,0,15100.0,3,Group B,Female,1
APP103949,728,27900.0,0.267,0.9,57,6,0,13600.0,3,Group A,Female,1
APP103950,659,119500.0,0.412,5.2,49,10,0,31700.0,3,Group A,Male,0
APP103951,712,91800.0,0.196,3.5,21,10,0,30400.0,3,Group B,Female,0
APP103952,832,41100.0,0.376,4.6,44,5,0,31500.0,5,Group B,Female,0
APP103953,616,123700.0,0.265,0.5,58,6,0,16100.0,2,Group B,Male,0
APP103954,780,45700.0,0.293,7.2,36,8,0,16000.0,2,Group A,Female,1
APP103955,648,60500.0,0.296,12.9,75,4,1,8000.0,4,Group A,Male,1
APP103956,767,36900.0,0.322,3.4,21,9,1,20300.0,4,Group B,Female,1
APP103957,725,64500.0,0.395,1.3,43,8,1,14100.0,4,Group B,Male,1
APP103958,719,66700.0,0.336,0.2,50,7,1,18000.0,2,Group A,Male,0
APP103959,670,87900.0,0.443,,43,6,0,1000.0,1,Group A,Male,1
APP103960,664,126500.0,0.455,14.7,43,9,0,14300.0,3,Group A,Male,0
APP103961,633,55700.0,0.374,,29,4,1,29900.0,3,Group A,Male,0
APP103962,680,18000.0,0.415,7.2,34,5,0,19400.0,2,Group B,Male,0
APP103963,668,83600.0,0.563,9.3,48,3,0,1000.0,5,Group A,Female,1
APP103964,692,54800.0,0.185,13.4,21,6,0,24100.0,2,Group A,Male,0
APP103965,588,111600.0,0.458,13.6,52,5,4,29300.0,4,Group A,Male,1
APP103966,681,67200.0,0.51,3.6,40,4,0,4300.0,3,Group A,Male,0
APP103967,762,49800.0,0.388,11.0,48,8,1,20100.0,1,Group A,Female,0
APP103968,741,43700.0,0.549,8.5,51,8,0,15300.0,1,Group A,Male,1
APP103969,681,82900.0,0.535,8.6,75,10,1,22400.0,3,Group A,Female,1
APP103970,847,61400.0,0.303,2.6,58,4,0,24300.0,3,Group B,Female,1
APP103971,642,103200.0,0.311,2.4,27,5,1,16500.0,3,Group A,Male,1
APP103972,674,62900.0,0.398,6.8,67,3,0,18600.0,3,Group A,Female,0
APP103973,586,102000.0,0.271,1.9,21,8,0,34200.0,2,Group A,Male,0
APP103974,654,34900.0,0.638,7.9,36,12,0,54400.0,2,Group A,Female,0
APP103975,796,26300.0,0.427,3.4,43,5,1,25200.0,3,Group A,Male,0
APP103976,656,87900.0,0.345,4.3,37,6,0,20700.0,2,Group A,Female,0
APP103977,581,56900.0,0.185,4.2,44,3,0,13100.0,4,Group A,Female,0
APP103978,737,61700.0,0.368,3.3,39,4,2,17600.0,1,Group A,Male,0
APP103979,705,43700.0,0.21,21.3,56,10,0,18900.0,5,Group A,Male,1
APP103980,734,41900.0,0.424,6.2,35,4,0,19600.0,1,Group A,Male,1
APP103981,661,83300.0,0.065,3.3,40,7,0,1000.0,1,Group A,Male,1
APP103982,615,67500.0,0.492,3.1,62,8,0,12900.0,3,Group A,Female,0
APP103983,668,42600.0,0.293,0.4,53,5,0,16100.0,1,Group A,Female,0
APP103984,716,87000.0,0.154,1.2,39,5,0,15100.0,1,Group A,Female,1
APP103985,675,96200.0,0.338,5.2,47,7,0,21600.0,1,Group A,Female,0
APP103986,705,65400.0,0.342,0.5,63,5,0,34500.0,3,Group A,Female,0
APP103987,645,92100.0,0.333,1.8,24,3,0,23600.0,3,Group A,Female,1
APP103988,708,44000.0,0.492,6.8,28,5,0,22500.0,4,Group B,Male,1
APP103989,680,81900.0,0.382,8.5,34,10,1,25200.0,1,Group B,Male,0
APP103990,634,71900.0,0.428,3.1,44,6,0,31000.0,1,Group B,Male,0
APP103991,689,49000.0,0.313,0.2,53,2,0,44300.0,5,Group A,Male,0
APP103992,655,117300.0,0.387,2.0,32,10,1,21000.0,1,Group A,Male,1
APP103993,720,73600.0,0.196,3.8,30,5,1,20800.0,3,Group A,Male,1
APP103994,737,53800.0,0.368,8.4,25,3,0,21700.0,2,Group A,Male,0
APP103995,713,68500.0,0.257,7.1,30,3,0,21900.0,3,Group A,Male,0
APP103996,574,47100.0,0.485,0.3,33,8,0,12100.0,5,Group A,Male,0
APP103997,617,40200.0,0.348,10.3,21,7,0,19300.0,2,Group A,Male,1
APP103998,639,57200.0,0.413,3.7,34,5,0,12000.0,3,Group A,Male,0
APP103999,628,58800.0,0.369,7.4,28,4,1,27500.0,2,Group A,Male,0
APP104000,645,48700.0,0.539,0.1,39,3,1,47100.0,4,Group B,Female,0
APP104001,740,98000.0,0.168,5.6,61,5,0,21400.0,2,Group A,Female,1
APP104002,725,49600.0,0.327,9.5,22,7,0,26300.0,3,Group B,Male,0
APP104003,652,45600.0,0.234,8.0,53,10,0,29700.0,1,Group A,Male,1
APP104004,718,39500.0,0.115,2.9,61,5,0,9100.0,1,Group A,Male,1
APP104005,701,37200.0,0.227,3.7,53,2,0,25600.0,5,Group A,Male,1
APP104006,678,92700.0,0.469,3.3,45,3,0,22400.0,4,Group A,Male,0
APP104007,755,74200.0,0.337,2.4,57,8,1,5000.0,1,Group A,Female,0
APP104008,637,84600.0,0.316,4.6,49,12,0,16900.0,2,Group A,Male,0
APP104009,683,92400.0,0.425,0.2,54,5,0,1000.0,3,Group A,Male,0
APP104010,612,60000.0,0.353,0.7,42,3,0,2800.0,2,Group A,Female,1
APP104011,615,103300.0,0.407,0.6,28,6,0,6800.0,2,Group A,Male,1
APP104012,592,53000.0,0.376,2.6,55,9,0,5100.0,4,Group B,Male,0
APP104013,616,41700.0,0.4,0.5,72,7,1,30900.0,1,Group A,Male,1
APP104014,685,77000.0,0.291,15.5,37,4,0,7400.0,2,Group A,Female,1
APP104015,660,71500.0,0.455,2.5,41,7,0,20600.0,1,Group A,Male,1
APP104016,662,71400.0,0.207,1.2,42,3,0,17100.0,1,Group A,Female,0
APP104017,661,92400.0,0.331,1.8,23,7,0,16800.0,3,Group A,Female,0
APP104018,795,70500.0,0.461,4.4,31,5,0,13800.0,3,Group A,Male,1
APP104019,606,75500.0,0.323,1.9,45,2,0,11600.0,3,Group B,Female,0
APP104020,599,100600.0,0.293,2.1,40,6,0,24800.0,1,Group A,Male,0
APP104021,625,74400.0,0.592,6.7,41,7,0,1000.0,3,Group A,Male,0
APP104022,675,79900.0,0.496,2.1,41,5,1,27300.0,5,Group A,Male,0
APP104023,713,34000.0,0.356,2.8,40,3,0,14100.0,5,Group B,Female,0
APP104024,720,157300.0,0.233,0.5,32,3,0,20000.0,4,Group B,Male,0
APP104025,741,29800.0,0.116,7.8,46,3,0,24100.0,2,Group B,Male,0
APP104026,673,55100.0,0.418,1.4,45,10,0,29800.0,4,Group A,Female,0
APP104027,654,54300.0,0.479,15.3,30,4,1,11300.0,5,Group A,Male,1
APP104028,786,118600.0,0.384,0.5,46,4,1,14100.0,3,Group A,Female,1
APP104029,499,53600.0,0.152,5.1,34,9,0,3800.0,4,Group B,Female,0
APP104030,684,78600.0,0.358,9.7,49,3,0,21400.0,5,Group A,Female,0
APP104031,708,54500.0,0.286,8.7,40,4,1,36300.0,4,Group A,Female,1
APP104032,802,43000.0,0.358,4.3,46,6,0,13200.0,1,Group A,Female,1
APP104033,572,81700.0,0.554,1.8,43,3,0,15800.0,2,Group A,Male,0
APP104034,653,50700.0,0.427,3.6,40,11,1,22300.0,1,Group A,Female,1
APP104035,592,73000.0,0.403,1.6,45,9,1,17200.0,4,Group A,Female,0
APP104036,563,83000.0,0.335,8.3,51,4,1,25200.0,1,Group A,Female,1
APP104037,667,113800.0,0.386,13.3,42,2,1,17600.0,5,Group B,Female,1
APP104038,734,37700.0,0.26,6.3,42,6,0,26800.0,2,Group A,Female,0
APP104039,758,64300.0,0.401,7.5,37,7,0,13800.0,5,Group B,Female,0
APP104040,645,65300.0,0.319,5.2,21,4,0,18900.0,5,Group A,Male,0
APP104041,723,68000.0,0.25,1.1,41,4,0,9400.0,3,Group B,Male,1
APP104042,667,129700.0,0.43,14.0,26,3,1,12200.0,1,Group A,Female,1
APP104043,716,63800.0,0.095,0.5,34,3,1,19000.0,1,Group B,Female,1
APP104044,755,18000.0,0.28,5.5,31,10,0,18000.0,4,Group A,Male,1
APP104045,667,63200.0,0.407,15.2,32,6,0,26800.0,3,Group A,Male,0
APP104046,750,65200.0,0.475,2.7,33,6,0,21000.0,2,Group A,Female,1
APP104047,601,62200.0,0.392,6.3,47,7,0,16900.0,2,Group A,Male,0
APP104048,723,50800.0,0.266,1.0,45,9,0,13800.0,4,Group A,Female,1
APP104049,747,36300.0,0.334,4.4,42,4,0,19400.0,5,Group B,Female,0
APP104050,740,119800.0,0.372,7.5,56,7,1,26400.0,5,Group B,Male,1
APP104051,603,75600.0,0.512,6.4,75,6,0,11900.0,2,Group A,Male,0
APP104052,667,63400.0,0.441,4.0,47,8,0,42900.0,5,Group A,Female,0
APP104053,700,119100.0,0.442,2.2,52,9,0,5800.0,3,Group A,Male,1
APP104054,709,47200.0,0.347,0.5,44,15,0,10700.0,5,Group B,Female,1
APP104055,688,82500.0,0.222,6.0,49,11,0,13800.0,2,Group B,Male,0
APP104056,773,38000.0,0.185,4.2,22,5,0,26400.0,4,Group A,Male,1
APP104057,596,86000.0,0.307,0.1,21,7,0,31100.0,5,Group B,Male,0
APP104058,664,40800.0,0.417,2.8,21,9,1,15000.0,3,Group A,Female,0
APP104059,570,79300.0,0.285,0.1,34,6,0,10200.0,5,Group B,Female,0
APP104060,720,114900.0,0.403,2.5,57,4,1,9800.0,3,Group B,Female,0
APP104061,716,70200.0,0.253,10.0,44,6,1,26600.0,3,Group B,Male,1
APP104062,850,18000.0,0.27,4.3,36,8,0,7000.0,3,Group A,Female,0
APP104063,747,68900.0,0.495,3.4,48,6,1,20700.0,2,Group A,Male,0
APP104064,702,79500.0,0.424,5.2,45,5,0,21500.0,2,Group A,Female,1
APP104065,697,89600.0,0.306,25.2,25,6,0,21100.0,3,Group B,Female,1
APP104066,659,103400.0,0.249,2.6,47,5,2,10900.0,1,Group A,Male,1
APP104067,688,104600.0,0.444,5.5,51,4,0,6700.0,5,Group B,Female,0
APP104068,698,64900.0,0.436,8.0,66,7,1,18000.0,2,Group B,Male,1
APP104069,552,52200.0,0.41,7.9,40,7,1,23600.0,1,Group A,Male,0
APP104070,693,41200.0,0.32,3.3,61,9,1,14700.0,1,Group A,Female,1
APP104071,687,55000.0,0.22,1.0,36,2,0,23700.0,2,Group A,Female,0
APP104072,794,79400.0,0.338,5.5,69,2,0,16700.0,2,Group A,Male,0
APP104073,671,35600.0,0.495,21.5,34,3,0,23400.0,2,Group A,Female,0
APP104074,630,45800.0,0.24,1.0,49,9,1,8600.0,3,Group A,Male,1
APP104075,697,81500.0,0.345,,44,6,0,16000.0,2,Group A,Female,1
APP104076,685,52500.0,0.52,6.5,59,2,0,33300.0,1,Group A,Female,0
APP104077,672,76900.0,0.307,0.1,57,4,1,12700.0,2,Group A,Male,1
APP104078,597,48500.0,0.326,4.1,28,6,0,21200.0,1,Group A,Female,0
APP104079,670,74900.0,0.191,0.1,37,8,1,17800.0,1,Group A,Female,0
APP104080,642,49500.0,0.409,1.5,67,4,0,13400.0,1,Group A,Male,0
APP104081,666,22400.0,0.259,2.2,42,5,1,25500.0,3,Group A,Male,0
APP104082,728,90900.0,0.169,2.4,51,4,1,11900.0,5,Group B,Male,0
APP104083,636,51300.0,0.235,6.6,28,5,0,27800.0,4,Group A,Female,0
APP104084,666,62000.0,0.363,0.1,38,6,0,24400.0,3,Group A,Female,0
APP104085,715,51400.0,0.166,4.8,32,10,0,5600.0,3,Group B,Female,0
APP104086,662,81100.0,0.188,0.2,52,5,0,25200.0,2,Group A,Female,0
APP104087,850,76000.0,0.402,15.5,50,6,0,19000.0,1,Group A,Female,1
APP104088,696,81000.0,0.332,3.6,56,2,0,8300.0,3,Group A,Male,1
APP104089,599,54800.0,0.239,1.1,28,8,0,13200.0,2,Group A,Male,0
APP104090,625,66800.0,0.305,7.6,48,7,0,10600.0,1,Group A,Female,0
APP104091,619,78000.0,0.531,0.6,41,6,1,21100.0,5,Group B,Male,0
APP104092,626,105100.0,0.481,0.2,21,11,1,35300.0,5,Group B,Male,0
APP104093,715,75400.0,0.328,8.3,47,7,0,17800.0,1,Group A,Female,1
APP104094,608,43900.0,0.43,6.6,57,6,0,13100.0,5,Group A,Female,0
APP104095,658,74400.0,0.353,2.3,60,6,1,17800.0,2,Group A,Female,0
APP104096,754,64000.0,0.145,11.7,41,8,0,16900.0,2,Group A,Male,0
APP104097,646,20000.0,0.125,0.0,51,4,1,22900.0,1,Group A,Female,0
APP104098,724,23700.0,0.24,18.4,48,7,0,14100.0,5,Group B,Male,0
APP104099,571,66400.0,0.167,,32,7,0,1000.0,2,Group B,Male,0
APP104100,656,68400.0,0.37,3.4,30,4,0,18800.0,3,Group A,Female,0
APP104101,622,60900.0,0.28,5.2,40,7,1,15300.0,2,Group A,Female,0
APP104102,699,89200.0,0.387,8.7,38,8,0,8100.0,2,Group A,Female,1
APP104103,613,45600.0,0.388,1.9,42,8,0,15600.0,2,Group A,Female,0
APP104104,815,34700.0,0.416,9.4,36,12,1,29100.0,2,Group B,Female,0
APP104105,573,48200.0,0.238,27.5,44,3,0,10200.0,1,Group A,Male,1
APP104106,754,53400.0,0.397,6.4,28,6,0,16900.0,4,Group B,Male,1
APP104107,737,66600.0,0.235,1.2,59,6,1,14100.0,1,Group B,Female,1
APP104108,700,48900.0,0.418,4.5,21,6,0,5500.0,5,Group B,Female,1
APP104109,684,18000.0,0.474,5.4,40,7,0,20300.0,4,Group A,Male,0
APP104110,801,18000.0,0.42,2.4,39,6,0,17400.0,4,Group A,Male,1
APP104111,841,71000.0,0.321,4.8,39,6,3,38400.0,4,Group B,Male,1
APP104112,667,40900.0,0.402,1.3,31,3,0,24400.0,1,Group B,Male,1
APP104113,690,19900.0,0.171,5.0,23,6,1,25400.0,5,Group A,Female,0
APP104114,644,83000.0,0.147,4.1,44,3,1,10500.0,4,Group B,Male,0
APP104115,604,105100.0,0.391,2.8,39,7,0,24700.0,2,Group A,Male,0
APP104116,710,65700.0,0.484,13.7,46,5,0,23000.0,1,Group A,Female,0
APP104117,696,74400.0,0.205,3.7,21,4,1,1000.0,5,Group B,Female,1
APP104118,575,74600.0,0.342,1.3,62,7,1,28200.0,5,Group A,Male,0
APP104119,710,18000.0,0.388,13.7,40,6,0,17000.0,4,Group A,Male,1
APP104120,698,89300.0,0.272,2.0,21,10,0,9900.0,4,Group B,Male,1
APP104121,641,97800.0,0.303,3.0,43,4,0,17100.0,5,Group B,Male,1
APP104122,637,112100.0,0.407,7.1,35,8,0,12400.0,5,Group B,Male,1
APP104123,708,57500.0,0.352,9.6,27,6,1,21000.0,1,Group A,Male,0
APP104124,785,40800.0,0.352,4.8,56,10,0,14400.0,3,Group B,Male,0
APP104125,706,100600.0,0.232,3.8,52,4,0,33400.0,4,Group A,Male,0
APP104126,731,80000.0,0.337,23.4,45,7,0,33500.0,4,Group A,Male,1
APP104127,626,89000.0,0.296,4.6,42,7,0,20300.0,2,Group A,Female,1
APP104128,653,52500.0,0.302,4.5,47,3,0,23100.0,4,Group B,Male,0
APP104129,720,74500.0,0.28,3.4,22,12,1,33200.0,5,Group B,Male,0
APP104130,592,42700.0,0.337,0.1,43,5,1,15100.0,5,Group B,Female,0
APP104131,693,67900.0,0.244,3.5,56,7,1,16400.0,4,Group A,Male,0
APP104132,712,59700.0,0.341,5.6,53,2,0,23500.0,2,Group A,Male,0
APP104133,677,124200.0,0.3,4.7,28,7,0,17500.0,1,Group A,Female,1
APP104134,701,81200.0,0.237,2.4,43,5,0,20400.0,2,Group A,Female,0
APP104135,684,18000.0,0.126,0.9,28,4,0,15000.0,3,Group A,Male,0
APP104136,640,68000.0,0.444,0.2,43,5,0,9100.0,4,Group A,Female,1
APP104137,603,76800.0,0.422,6.5,32,7,0,8900.0,2,Group B,Female,0
APP104138,674,56600.0,0.251,2.9,31,3,0,28700.0,5,Group B,Male,1
APP104139,765,41500.0,0.415,3.0,45,6,0,21500.0,3,Group B,Male,1
APP104140,747,83900.0,0.227,15.3,32,6,0,26200.0,3,Group A,Male,1
APP104141,658,44900.0,0.306,2.0,31,8,1,9900.0,2,Group A,Female,0
APP104142,656,81800.0,0.282,2.9,45,3,1,22200.0,1,Group A,Male,0
APP104143,651,42900.0,0.309,3.8,23,7,0,23500.0,5,Group A,Male,0
APP104144,651,55200.0,0.411,0.2,37,4,0,12200.0,3,Group A,Male,1
APP104145,699,90900.0,0.296,1.3,23,7,0,13700.0,1,Group A,Female,0
APP104146,749,79700.0,0.303,5.3,25,3,0,31200.0,1,Group A,Male,0
APP104147,827,68800.0,0.422,24.0,55,9,0,16200.0,1,Group B,Male,1
APP104148,626,67300.0,0.347,0.4,36,9,0,24500.0,1,Group A,Male,0
APP104149,722,70200.0,0.275,16.6,32,5,1,10600.0,1,Group A,Female,1
APP104150,715,49000.0,0.366,9.2,51,6,1,31000.0,1,Group A,Male,1
APP104151,659,31600.0,0.449,12.7,60,4,0,14700.0,1,Group A,Female,0
APP104152,613,81700.0,0.456,3.0,44,9,1,16700.0,2,Group A,Male,0
APP104153,698,104700.0,0.194,14.1,53,7,0,22400.0,2,Group A,Male,1
APP104154,818,82500.0,0.2,2.9,34,2,0,43300.0,2,Group A,Male,1
APP104155,697,74100.0,0.45,0.1,42,8,0,13700.0,4,Group A,Male,1
APP104156,629,39000.0,0.308,3.1,41,6,0,18500.0,1,Group B,Male,1
APP104157,670,89100.0,0.098,5.7,45,5,0,29500.0,4,Group A,Female,1
APP104158,606,79600.0,0.26,0.1,53,9,0,19400.0,4,Group A,Male,0
APP104159,681,86200.0,0.292,1.3,23,5,2,19000.0,5,Group A,Female,0
APP104160,724,92800.0,0.306,9.7,30,5,0,37500.0,1,Group A,Male,1
APP104161,635,106100.0,0.424,13.0,35,8,0,30100.0,1,Group A,Female,0
APP104162,468,41200.0,0.238,9.4,29,5,0,38200.0,2,Group B,Male,0
APP104163,698,37100.0,0.443,4.6,44,6,1,13100.0,1,Group A,Female,1
APP104164,647,71600.0,0.371,2.9,44,12,0,26500.0,1,Group A,Male,0
APP104165,631,45900.0,0.198,9.2,42,7,0,19200.0,1,Group A,Female,1
APP104166,631,41700.0,0.305,4.5,36,8,0,17700.0,3,Group A,Female,0
APP104167,706,97300.0,0.394,3.2,57,14,0,18600.0,4,Group A,Female,1
APP104168,653,43800.0,0.344,7.2,44,8,1,25200.0,1,Group A,Female,1
APP104169,740,67700.0,0.382,7.4,39,6,0,19100.0,5,Group A,Male,1
APP104170,742,28800.0,0.275,2.4,42,8,0,11100.0,5,Group B,Male,0
APP104171,662,69500.0,0.401,2.7,50,9,0,11300.0,4,Group B,Male,0
APP104172,646,96400.0,0.296,1.0,44,8,0,8300.0,5,Group B,Female,0
APP104173,688,97100.0,0.62,4.4,31,2,0,18700.0,1,Group A,Male,0
APP104174,671,93100.0,0.195,5.3,62,5,1,24400.0,1,Group B,Male,0
APP104175,566,66100.0,0.637,0.9,47,6,1,28700.0,3,Group A,Female,0
APP104176,804,94700.0,0.235,1.7,27,7,0,23000.0,3,Group A,Male,1
APP104177,726,78300.0,0.48,2.3,21,4,0,20800.0,2,Group B,Female,1
APP104178,650,57500.0,0.431,0.4,49,4,0,29100.0,2,Group A,Male,0
APP104179,555,77200.0,0.24,2.9,57,5,0,6100.0,4,Group B,Female,0
APP104180,668,89300.0,0.406,5.1,46,5,0,23400.0,5,Group B,Female,0
APP104181,642,36100.0,0.285,6.4,48,4,2,22600.0,3,Group A,Female,0
APP104182,676,42500.0,0.37,16.9,49,8,0,8100.0,4,Group B,Male,1
APP104183,539,64600.0,0.356,4.2,41,5,2,1800.0,1,Group A,Male,0
APP104184,649,38700.0,0.302,21.3,21,5,0,18000.0,5,Group B,Male,0
APP104185,653,38300.0,0.292,7.2,33,5,0,24600.0,1,Group B,Male,0
APP104186,668,57900.0,0.377,2.2,51,4,0,6400.0,3,Group A,Female,0
APP104187,665,91800.0,0.241,3.4,48,7,1,12600.0,4,Group A,Male,1
APP104188,683,91400.0,0.245,2.9,39,3,0,17900.0,5,Group A,Male,1
APP104189,779,75700.0,0.445,10.3,34,7,0,27700.0,1,Group A,Male,1
APP104190,647,72300.0,0.387,18.3,43,7,0,22300.0,1,Group A,Female,0
APP104191,621,118100.0,0.196,1.0,37,3,3,22100.0,2,Group B,Male,0
APP104192,568,55100.0,0.23,2.6,40,8,1,15900.0,5,Group A,Male,0
APP104193,647,73800.0,0.105,3.8,43,5,1,31900.0,1,Group B,Male,1
APP104194,589,53900.0,0.44,1.8,32,4,0,22000.0,2,Group A,Male,0
APP104195,742,37100.0,0.416,13.9,51,9,1,13400.0,3,Group A,Female,1
APP104196,674,96400.0,0.22,0.7,39,5,0,14400.0,3,Group A,Male,1
APP104197,741,60700.0,0.411,0.2,47,5,0,17000.0,2,Group B,Female,0
APP104198,775,84700.0,0.558,2.2,42,4,0,15700.0,1,Group A,Female,0
APP104199,624,62100.0,0.171,21.6,60,4,2,2900.0,2,Group A,Female,1
APP104200,657,97900.0,0.272,,48,9,1,13400.0,1,Group A,Female,0
APP104201,767,44100.0,0.168,0.6,46,7,1,22400.0,5,Group B,Female,1
APP104202,692,95900.0,0.444,1.5,45,3,1,11100.0,2,Group A,Male,1
APP104203,714,89500.0,0.329,9.1,66,7,0,19200.0,3,Group A,Male,1
APP104204,747,24900.0,0.296,2.6,40,5,2,8100.0,2,Group B,Female,1
APP104205,738,55600.0,0.365,0.6,43,5,0,1000.0,5,Group B,Female,0
APP104206,707,92500.0,0.279,0.7,42,4,0,15400.0,5,Group A,Male,1
APP104207,771,107300.0,0.296,2.6,21,6,0,19900.0,2,Group A,Male,1
APP104208,676,85200.0,0.37,6.6,42,8,0,13400.0,3,Group A,Male,1
APP104209,714,58500.0,0.273,3.4,53,6,0,9100.0,1,Group A,Male,0
APP104210,669,44800.0,0.288,6.6,47,7,0,23800.0,2,Group B,Male,0
APP104211,746,81600.0,0.323,7.8,59,4,0,17700.0,2,Group A,Male,1
APP104212,634,57800.0,0.35,7.3,50,7,1,23800.0,1,Group A,Male,0
APP104213,571,58800.0,0.406,1.3,47,4,0,35100.0,1,Group A,Female,0
APP104214,723,62600.0,0.404,3.3,52,7,1,22200.0,3,Group A,Female,0
APP104215,614,89200.0,0.175,1.5,45,1,0,22300.0,3,Group A,Female,0
APP104216,607,111400.0,0.495,3.6,38,6,0,11600.0,3,Group A,Female,0
APP104217,762,92600.0,0.347,5.0,39,8,2,17800.0,2,Group A,Male,1
APP104218,743,68200.0,0.304,0.7,21,3,0,6900.0,2,Group B,Male,0
APP104219,658,46400.0,0.241,2.0,60,3,1,9100.0,3,Group B,Female,0
APP104220,482,84000.0,0.559,2.0,39,3,0,20600.0,1,Group A,Female,0
APP104221,715,108000.0,0.6,6.8,28,2,0,15300.0,2,Group A,Female,1
APP104222,723,92100.0,0.545,,37,5,0,12700.0,2,Group A,Female,1
APP104223,714,73000.0,0.353,0.2,62,7,1,19100.0,4,Group A,Female,1
APP104224,711,56300.0,0.378,0.0,42,7,0,13000.0,2,Group A,Female,0
APP104225,668,76300.0,0.504,34.8,44,9,1,15700.0,3,Group B,Female,0
APP104226,653,95700.0,0.314,24.0,66,1,0,20600.0,5,Group A,Female,1
APP104227,608,73600.0,0.4,0.8,51,8,0,13800.0,4,Group A,Male,0
APP104228,635,65500.0,0.365,17.4,38,7,1,9500.0,1,Group A,Male,0
APP104229,701,51500.0,0.551,4.3,21,7,1,29200.0,5,Group A,Male,1
APP104230,702,130100.0,0.498,0.1,49,4,0,35500.0,5,Group B,Female,1
APP104231,731,46600.0,0.325,6.2,33,12,0,18000.0,4,Group A,Female,0
APP104232,589,44400.0,0.508,11.2,49,5,1,16500.0,5,Group B,Male,0
APP104233,572,71900.0,0.34,13.2,40,4,0,18300.0,4,Group B,Male,0
APP104234,655,63200.0,0.28,0.3,46,2,0,11800.0,5,Group A,Female,0
APP104235,614,92600.0,0.309,2.3,52,3,0,28400.0,1,Group A,Male,1
APP104236,692,93400.0,0.356,3.8,21,9,0,26500.0,4,Group A,Female,1
APP104237,595,38900.0,0.254,2.0,43,7,0,13800.0,2,Group B,Male,0
APP104238,757,49900.0,0.283,2.8,41,8,0,15000.0,1,Group A,Male,0
APP104239,627,47000.0,0.181,4.7,44,7,0,21400.0,5,Group A,Male,1
APP104240,784,86800.0,0.25,0.4,47,10,0,28600.0,3,Group B,Male,1
APP104241,714,78300.0,0.366,0.3,43,4,0,22000.0,4,Group B,Male,1
APP104242,611,59100.0,0.455,0.9,33,5,0,23100.0,4,Group A,Male,0
APP104243,816,73200.0,0.441,0.3,27,8,0,21800.0,1,Group A,Male,1
APP104244,697,41000.0,0.387,1.1,22,6,0,19900.0,5,Group B,Male,0
APP104245,691,50200.0,0.172,2.6,42,6,0,21500.0,2,Group A,Female,1
APP104246,676,36800.0,0.245,1.1,47,2,0,25200.0,1,Group B,Male,0
APP104247,710,71500.0,0.318,0.3,37,11,4,21000.0,1,Group A,Male,1
APP104248,714,71400.0,0.446,2.6,51,7,0,16200.0,2,Group A,Male,0
APP104249,624,44400.0,0.279,0.7,40,7,0,39300.0,4,Group B,Female,0
APP104250,666,78100.0,0.206,1.7,40,9,0,3800.0,1,Group A,Female,1
APP104251,688,93400.0,0.499,5.0,24,5,0,26100.0,3,Group A,Female,1
APP104252,718,43300.0,0.259,7.9,36,3,2,13700.0,2,Group A,Female,0
APP104253,719,60200.0,0.216,1.3,52,6,0,3300.0,1,Group A,Male,1
APP104254,691,80300.0,0.365,9.5,58,4,1,1000.0,4,Group B,Female,0
APP104255,644,67800.0,0.334,5.4,39,11,1,16400.0,1,Group A,Male,0
APP104256,641,35100.0,0.285,8.5,51,6,0,36500.0,3,Group A,Female,0
APP104257,603,57400.0,0.34,8.1,58,7,1,34600.0,1,Group A,Male,1
APP104258,719,56600.0,0.238,6.1,30,8,3,13100.0,1,Group B,Male,0
APP104259,640,63900.0,0.284,17.5,45,7,1,12700.0,4,Group A,Female,0
APP104260,668,64900.0,0.336,3.8,43,3,1,14600.0,4,Group B,Female,0
APP104261,695,105600.0,0.116,8.9,54,12,0,20000.0,5,Group B,Female,1
APP104262,680,63000.0,0.445,4.2,31,6,0,35500.0,5,Group A,Male,0
APP104263,680,26800.0,0.189,9.2,45,3,1,26700.0,5,Group B,Male,0
APP104264,621,70200.0,0.237,3.2,38,4,0,24000.0,4,Group B,Male,0
APP104265,697,109900.0,0.45,4.0,46,6,0,20400.0,1,Group A,Male,1
APP104266,660,64000.0,0.403,2.9,56,7,0,1000.0,3,Group A,Male,0
APP104267,674,57500.0,0.35,15.4,59,7,0,1000.0,2,Group B,Male,1
APP104268,755,60700.0,0.152,4.7,56,5,0,11200.0,4,Group B,Female,1
APP104269,713,82000.0,0.273,4.5,29,1,0,7200.0,3,Group B,Male,1
APP104270,643,60600.0,0.316,0.9,35,15,0,3100.0,2,Group B,Female,0
APP104271,670,31600.0,0.324,1.2,53,8,1,26800.0,5,Group A,Female,0
APP104272,784,51900.0,0.466,0.5,48,10,0,16000.0,3,Group B,Female,1
APP104273,660,66400.0,0.559,5.6,38,3,0,10400.0,2,Group B,Male,0
APP104274,683,80900.0,0.408,10.9,30,4,0,6500.0,1,Group A,Male,1
APP104275,723,54000.0,0.281,5.8,21,7,0,24700.0,1,Group A,Male,0
APP104276,694,60900.0,0.474,1.6,22,6,1,17500.0,1,Group A,Female,1
APP104277,656,69100.0,0.275,3.8,37,5,0,4700.0,5,Group B,Male,1
APP104278,632,49300.0,0.051,0.9,38,4,0,14000.0,3,Group A,Male,1
APP104279,679,65800.0,0.203,2.6,46,4,0,34900.0,5,Group B,Female,0
APP104280,723,79200.0,0.079,4.2,48,5,1,27300.0,5,Group A,Female,1
APP104281,766,39500.0,0.298,5.8,68,10,1,18500.0,4,Group A,Female,0
APP104282,585,75400.0,0.32,5.3,32,3,1,21400.0,2,Group A,Male,0
APP104283,795,41800.0,0.165,8.4,21,2,1,14000.0,2,Group A,Female,1
APP104284,661,42300.0,0.246,4.3,30,4,0,15600.0,3,Group B,Male,1
APP104285,740,52100.0,0.183,23.2,61,8,0,7800.0,3,Group A,Male,1
APP104286,632,100800.0,0.326,7.9,41,4,0,11900.0,5,Group B,Female,0
APP104287,575,26800.0,0.246,6.6,53,6,0,22400.0,2,Group A,Female,0
APP104288,595,56900.0,0.451,8.8,34,3,0,30900.0,1,Group B,Male,0
APP104289,658,67400.0,0.359,15.7,35,5,0,21200.0,2,Group A,Male,1
APP104290,714,96000.0,0.517,3.4,21,5,0,26800.0,2,Group A,Male,0
APP104291,682,114800.0,0.29,,37,5,0,1000.0,2,Group A,Female,1
APP104292,664,57900.0,0.576,4.4,41,7,0,22300.0,1,Group A,Female,0
APP104293,753,80900.0,0.34,16.3,51,3,0,21000.0,3,Group A,Male,1
APP104294,680,65700.0,0.282,15.8,48,3,0,11000.0,3,Group B,Male,1
APP104295,698,65600.0,0.605,7.6,65,6,0,17400.0,2,Group A,Female,0
APP104296,850,74600.0,0.139,3.0,39,5,0,30000.0,1,Group A,Female,1
APP104297,679,29900.0,0.279,6.4,44,12,0,21800.0,5,Group A,Male,0
APP104298,635,66900.0,0.157,1.4,41,9,0,15100.0,1,Group A,Female,0
APP104299,711,78800.0,0.138,3.3,33,8,0,34500.0,3,Group B,Female,0
APP104300,728,47400.0,0.113,5.9,46,2,0,18200.0,1,Group A,Male,1
APP104301,700,79000.0,0.408,8.2,38,4,0,31700.0,1,Group B,Female,0
APP104302,690,26500.0,0.194,5.7,61,5,0,14500.0,2,Group B,Female,0
APP104303,776,70200.0,0.312,3.5,32,6,0,18300.0,2,Group A,Female,0
APP104304,768,100200.0,0.438,0.4,37,6,0,31400.0,4,Group A,Female,1
APP104305,672,62800.0,0.391,4.5,26,9,0,9200.0,3,Group A,Female,0
APP104306,638,44500.0,0.386,0.2,45,3,1,39300.0,2,Group A,Male,0
APP104307,708,33800.0,0.474,0.0,25,5,2,11300.0,2,Group A,Male,0
APP104308,638,77400.0,0.517,1.9,41,7,0,24100.0,5,Group B,Female,0
APP104309,738,90300.0,0.202,2.0,27,17,0,22800.0,5,Group A,Male,0
APP104310,708,66700.0,0.393,16.1,29,10,0,7900.0,3,Group A,Male,0
APP104311,850,56900.0,0.31,10.0,32,9,0,4200.0,5,Group B,Male,1
APP104312,776,21700.0,0.324,3.0,50,9,0,6500.0,4,Group A,Female,0
APP104313,610,71000.0,0.174,9.4,40,4,0,16200.0,5,Group B,Female,1
APP104314,646,51500.0,0.281,1.9,40,3,1,24200.0,1,Group A,Female,1
APP104315,556,52800.0,0.293,2.4,48,8,0,15500.0,5,Group A,Female,1
APP104316,541,106800.0,0.497,1.5,33,6,0,13100.0,5,Group B,Male,0
APP104317,687,24800.0,0.213,0.1,21,8,0,12200.0,4,Group B,Male,1
APP104318,602,28000.0,0.078,5.2,28,8,0,16100.0,3,Group B,Female,1
APP104319,787,73600.0,0.339,0.9,38,4,2,14900.0,2,Group A,Male,1
APP104320,755,58800.0,0.202,0.7,40,5,0,13900.0,5,Group B,Female,1
APP104321,662,55500.0,0.325,6.0,48,9,0,8800.0,3,Group A,Female,0
APP104322,659,74500.0,0.413,0.3,39,6,0,10600.0,1,Group A,Male,1
APP104323,777,74100.0,0.329,8.8,53,4,0,25500.0,3,Group A,Female,1
APP104324,791,44600.0,0.293,5.9,45,5,0,11800.0,1,Group A,Male,1
APP104325,619,53800.0,0.323,16.9,24,3,0,25300.0,2,Group A,Male,1
APP104326,611,69200.0,0.433,2.3,21,10,1,19000.0,3,Group A,Male,1
APP104327,660,72000.0,0.213,4.2,29,6,0,35200.0,5,Group B,Male,0
APP104328,708,79600.0,0.42,0.4,43,6,0,19400.0,4,Group B,Male,0
APP104329,647,54000.0,0.23,2.6,45,7,0,23200.0,3,Group B,Female,0
APP104330,709,76300.0,0.406,2.5,40,2,0,8500.0,1,Group A,Male,1
APP104331,807,90800.0,0.17,4.7,42,6,0,5600.0,3,Group B,Female,1
APP104332,589,69100.0,0.4,13.8,57,6,1,35100.0,5,Group A,Female,0
APP104333,651,65500.0,0.329,1.2,41,4,1,26200.0,4,Group A,Male,0
APP104334,590,62300.0,0.351,0.5,45,5,0,6400.0,4,Group B,Male,0
APP104335,626,53200.0,0.445,0.5,60,5,0,23800.0,2,Group A,Female,0
APP104336,661,45500.0,0.25,5.9,21,6,0,24700.0,1,Group A,Female,1
APP104337,633,60800.0,0.337,15.4,62,7,0,32500.0,4,Group A,Female,0
APP104338,714,78800.0,0.373,9.9,21,9,0,10300.0,2,Group A,Male,1
APP104339,690,46700.0,0.307,4.6,31,4,1,16600.0,3,Group B,Female,1
APP104340,699,66200.0,0.419,0.7,34,6,0,13400.0,2,Group A,Female,0
APP104341,660,63400.0,0.376,0.7,21,5,1,20000.0,3,Group A,Female,1
APP104342,666,110700.0,0.276,8.1,39,8,0,14500.0,2,Group A,Male,0
APP104343,657,85300.0,0.479,1.0,40,8,1,24400.0,1,Group A,Female,0
APP104344,664,85000.0,0.402,0.6,50,4,0,5500.0,2,Group B,Male,0
APP104345,707,90100.0,0.247,1.8,49,6,1,19500.0,5,Group B,Female,1
APP104346,555,54900.0,0.246,17.2,43,11,0,5400.0,4,Group B,Female,0
APP104347,699,101000.0,0.316,2.5,54,8,0,28500.0,5,Group B,Female,0
APP104348,624,71800.0,0.389,5.2,49,4,0,15600.0,5,Group A,Male,1
APP104349,658,66900.0,0.097,11.8,37,6,3,16500.0,4,Group B,Female,0
APP104350,579,38800.0,0.252,6.4,42,2,0,25500.0,1,Group A,Male,1
APP104351,657,58400.0,0.276,1.6,33,4,0,19900.0,2,Group A,Male,0
APP104352,698,25600.0,0.182,2.4,26,4,0,18000.0,1,Group A,Female,1
APP104353,710,62000.0,0.228,2.4,46,3,0,12600.0,4,Group A,Female,1
APP104354,603,54200.0,0.355,8.1,23,6,0,16100.0,5,Group B,Male,1
APP104355,707,58400.0,0.286,19.3,39,4,1,9300.0,3,Group B,Female,1
APP104356,754,34700.0,0.295,4.0,21,7,0,9000.0,4,Group B,Male,1
APP104357,648,84900.0,0.188,13.4,42,5,0,21100.0,2,Group A,Female,0
APP104358,680,82200.0,0.317,0.2,32,7,0,6000.0,2,Group A,Female,1
APP104359,546,108600.0,0.175,0.6,48,8,1,16100.0,4,Group B,Female,0
APP104360,622,107900.0,0.5,5.8,38,6,1,20100.0,1,Group A,Female,1
APP104361,698,71700.0,0.532,0.2,39,5,0,21100.0,2,Group A,Female,0
APP104362,742,92600.0,0.288,2.4,42,2,1,1000.0,4,Group A,Male,1
APP104363,641,74300.0,0.217,0.4,34,6,0,12000.0,5,Group B,Female,1
APP104364,850,57700.0,0.434,12.6,34,6,0,25400.0,4,Group B,Male,1
APP104365,700,61300.0,0.405,35.0,34,9,0,23200.0,1,Group A,Male,1
APP104366,597,83300.0,0.546,4.3,39,2,0,18400.0,2,Group A,Female,1
APP104367,764,166100.0,0.576,1.4,34,8,0,13300.0,2,Group A,Male,1
APP104368,599,96000.0,0.117,1.3,46,9,0,16200.0,2,Group A,Male,1
APP104369,701,73900.0,0.467,0.6,21,5,0,21400.0,1,Group A,Female,1
APP104370,620,79600.0,0.316,1.7,23,7,2,14700.0,2,Group A,Male,0
APP104371,592,79400.0,0.4,3.0,64,9,0,22500.0,3,Group A,Male,0
APP104372,743,65800.0,0.426,1.1,36,8,1,26500.0,4,Group A,Male,0
APP104373,663,86200.0,0.421,0.4,29,5,0,14900.0,3,Group A,Male,1
APP104374,792,64300.0,0.45,14.5,41,5,1,23100.0,3,Group A,Female,0
APP104375,614,43700.0,0.278,10.6,50,5,0,13300.0,4,Group A,Female,1
APP104376,579,79600.0,0.235,8.3,49,2,0,14800.0,3,Group B,Female,0
APP104377,649,82800.0,0.471,3.8,32,5,0,23300.0,2,Group A,Male,0
APP104378,850,64500.0,0.244,3.6,35,4,0,35500.0,3,Group B,Female,1
APP104379,734,75400.0,0.545,2.5,37,5,1,16100.0,2,Group A,Male,0
APP104380,716,91100.0,0.256,2.8,45,3,1,39400.0,5,Group A,Female,0
APP104381,718,66800.0,0.298,3.0,42,10,0,13100.0,2,Group A,Female,1
APP104382,648,57300.0,0.319,2.4,30,4,1,27500.0,4,Group A,Male,1
APP104383,850,51000.0,0.17,7.1,35,2,0,27300.0,1,Group A,Female,1
APP104384,710,61900.0,0.171,2.1,38,8,0,29300.0,5,Group B,Female,0
APP104385,704,104800.0,0.44,,59,4,0,14700.0,1,Group B,Male,1
APP104386,744,63200.0,0.151,1.7,39,9,0,22700.0,1,Group A,Female,0
APP104387,597,76600.0,0.617,0.8,75,5,0,19600.0,2,Group A,Female,0
APP104388,623,60200.0,0.33,3.9,38,9,1,16700.0,1,Group B,Male,0
APP104389,664,58200.0,0.227,6.8,21,4,0,17400.0,2,Group A,Male,1
APP104390,744,46900.0,0.386,4.4,45,8,0,5600.0,4,Group A,Female,1
APP104391,596,70400.0,0.069,6.3,54,4,0,17400.0,5,Group B,Female,0
APP104392,676,55600.0,0.303,4.7,47,7,1,14300.0,2,Group A,Female,1
APP104393,666,98600.0,0.317,2.3,43,5,1,16000.0,5,Group A,Female,1
APP104394,578,65400.0,0.201,3.8,36,5,1,7100.0,1,Group A,Female,1
APP104395,647,66900.0,0.271,1.9,38,4,0,15300.0,1,Group A,Male,0
APP104396,715,63700.0,0.508,14.7,21,9,1,20600.0,2,Group A,Male,0
APP104397,584,76900.0,0.36,6.9,51,7,0,10000.0,5,Group B,Male,1
APP104398,772,103800.0,0.384,3.1,36,5,0,20900.0,2,Group A,Female,1
APP104399,710,43000.0,0.253,5.6,55,2,0,19000.0,3,Group B,Female,1
APP104400,702,74700.0,0.194,7.1,35,4,1,14900.0,3,Group B,Female,1
APP104401,681,30300.0,0.313,4.8,40,8,0,23200.0,4,Group B,Male,0
APP104402,609,97400.0,0.07,2.8,56,6,0,26700.0,4,Group A,Male,0
APP104403,638,65400.0,0.219,2.3,57,1,0,14000.0,3,Group A,Female,1
APP104404,704,32100.0,0.202,5.7,51,7,0,11700.0,2,Group A,Male,1
APP104405,638,37400.0,0.116,2.5,21,5,0,23600.0,2,Group A,Male,1
APP104406,692,87500.0,0.411,2.7,26,7,0,12600.0,5,Group B,Female,1
APP104407,622,28000.0,0.326,4.8,49,8,0,7200.0,2,Group A,Female,0
APP104408,709,74700.0,0.272,1.0,33,11,0,24300.0,3,Group B,Female,0
APP104409,714,57700.0,0.414,2.5,42,3,0,13200.0,2,Group A,Male,0
APP104410,574,63300.0,0.159,3.1,43,5,0,22600.0,1,Group A,Male,0
APP104411,684,51800.0,0.192,0.9,44,4,0,6100.0,3,Group A,Male,0
APP104412,581,45100.0,0.463,2.2,28,6,0,20200.0,5,Group B,Male,0
APP104413,559,56300.0,0.591,3.6,53,4,0,18100.0,5,Group A,Male,0
APP104414,641,81700.0,0.415,0.5,35,6,0,25300.0,2,Group A,Male,0
APP104415,850,61000.0,0.392,4.4,48,6,2,2400.0,4,Group B,Female,1
APP104416,730,78100.0,0.276,1.1,39,10,1,6300.0,2,Group A,Male,0
APP104417,770,62200.0,0.279,8.7,64,8,1,29000.0,3,Group A,Male,0
APP104418,720,82700.0,0.365,1.9,58,2,0,17100.0,2,Group A,Male,0
APP104419,693,78000.0,0.491,0.1,67,10,0,7600.0,1,Group A,Female,0
APP104420,738,55000.0,0.387,0.7,61,3,0,21600.0,5,Group A,Male,0
APP104421,638,45100.0,0.445,4.3,39,7,2,13400.0,3,Group A,Male,0
APP104422,711,90900.0,0.239,12.7,35,8,0,11600.0,3,Group A,Male,1
APP104423,757,48500.0,0.408,2.9,27,7,0,32900.0,2,Group A,Male,1
APP104424,725,80000.0,0.266,1.7,44,6,0,13900.0,3,Group A,Female,1
APP104425,761,68700.0,0.355,0.1,41,10,0,1000.0,1,Group A,Male,1
APP104426,692,56900.0,0.408,0.1,40,3,0,14900.0,2,Group A,Male,1
APP104427,790,78300.0,0.282,3.0,31,5,0,10800.0,1,Group A,Female,0
APP104428,666,100800.0,0.228,2.7,45,7,0,1000.0,1,Group A,Male,1
APP104429,818,83000.0,0.38,2.6,36,8,0,23900.0,1,Group A,Female,1
APP104430,717,71100.0,0.325,0.6,35,9,1,29200.0,3,Group A,Male,1
APP104431,655,106900.0,0.355,2.1,43,8,0,21100.0,5,Group B,Female,0
APP104432,603,27800.0,0.412,13.8,40,7,0,16300.0,5,Group B,Male,0
APP104433,627,41300.0,0.484,9.6,24,7,0,13800.0,4,Group A,Male,0
APP104434,618,56900.0,0.413,4.7,32,9,0,16100.0,1,Group A,Male,0
APP104435,674,102100.0,0.399,2.6,47,7,0,25600.0,3,Group A,Female,1
APP104436,597,90600.0,0.285,3.8,40,11,1,1000.0,3,Group B,Male,0
APP104437,764,26800.0,0.302,0.4,21,7,0,17600.0,5,Group A,Female,0
APP104438,687,57500.0,0.39,0.3,49,10,1,27300.0,2,Group A,Female,0
APP104439,685,36200.0,0.3,6.6,40,7,0,5800.0,2,Group A,Male,1
APP104440,604,67000.0,0.39,2.8,28,7,1,26100.0,2,Group A,Male,0
APP104441,630,89600.0,0.25,7.9,33,4,1,32300.0,4,Group A,Male,1
APP104442,536,91400.0,0.552,4.4,43,3,0,12600.0,4,Group B,Female,0
APP104443,785,74400.0,0.361,11.6,21,7,0,5600.0,5,Group B,Female,1
APP104444,588,57800.0,0.354,1.1,46,4,0,12300.0,1,Group A,Female,0
APP104445,593,65700.0,0.287,12.3,53,7,0,21000.0,3,Group A,Male,0
APP104446,772,84400.0,0.55,1.0,52,5,1,40200.0,2,Group A,Female,0
APP104447,705,124300.0,0.202,6.5,55,9,0,10900.0,1,Group A,Male,1
APP104448,688,39600.0,0.263,11.0,32,1,0,11300.0,1,Group A,Male,0
APP104449,702,106100.0,0.434,2.9,53,4,0,16900.0,2,Group A,Male,0
APP104450,742,73900.0,0.366,1.9,44,11,0,19100.0,2,Group B,Male,0
APP104451,686,87700.0,0.277,2.6,31,8,0,17800.0,3,Group B,Female,1
APP104452,580,72400.0,0.28,2.2,47,3,0,2900.0,1,Group A,Female,1
APP104453,728,101700.0,0.308,11.1,46,7,0,6900.0,2,Group A,Male,1
APP104454,707,75900.0,0.351,0.4,59,8,0,25200.0,1,Group A,Male,1
APP104455,756,52400.0,0.511,13.0,55,6,0,29500.0,3,Group A,Female,1
APP104456,599,78800.0,0.407,2.9,33,4,1,6000.0,4,Group A,Female,0
APP104457,633,95000.0,0.453,4.0,45,12,0,28900.0,4,Group A,Male,0
APP104458,705,68000.0,0.292,2.1,45,7,1,1000.0,4,Group A,Male,1
APP104459,619,18200.0,0.397,9.1,44,5,0,20300.0,5,Group B,Female,0
APP104460,527,65200.0,0.169,0.0,37,1,0,14900.0,1,Group A,Female,0
APP104461,693,70400.0,0.36,1.6,62,5,2,21100.0,4,Group A,Female,0
APP104462,738,66900.0,0.353,,34,6,0,5700.0,1,Group A,Male,1
APP104463,672,56100.0,0.54,1.1,61,5,0,25200.0,5,Group B,Female,1
APP104464,716,99800.0,0.511,3.0,24,5,1,15100.0,2,Group A,Male,0
APP104465,706,18000.0,0.312,0.8,36,5,1,10900.0,3,Group A,Female,1
APP104466,681,70300.0,0.25,5.3,50,8,1,13800.0,3,Group A,Male,1
APP104467,689,70600.0,0.253,1.1,28,9,2,24500.0,5,Group A,Male,0
APP104468,768,118300.0,0.308,5.3,32,8,1,17300.0,2,Group B,Male,1
APP104469,617,67700.0,0.483,2.3,47,9,0,20800.0,1,Group A,Male,0
APP104470,730,78700.0,0.386,16.6,21,4,0,24100.0,1,Group B,Male,1
APP104471,603,71000.0,0.397,2.9,54,6,0,11400.0,4,Group A,Female,0
APP104472,628,70300.0,0.429,1.9,59,5,0,12200.0,1,Group A,Female,1
APP104473,758,110300.0,0.231,0.1,59,5,3,41200.0,5,Group A,Female,1
APP104474,601,41300.0,0.262,3.0,45,3,0,5800.0,2,Group A,Male,0
APP104475,664,52000.0,0.397,25.8,36,6,1,1000.0,4,Group A,Male,0
APP104476,833,86100.0,0.254,4.6,37,6,1,10800.0,4,Group A,Male,1
APP104477,747,74200.0,0.172,1.8,44,5,0,15000.0,2,Group A,Male,1
APP104478,632,61200.0,0.221,6.4,43,6,1,24500.0,3,Group B,Male,1
APP104479,643,66300.0,0.456,3.1,36,6,0,11800.0,4,Group B,Female,0
APP104480,669,89900.0,0.299,3.5,60,8,1,24800.0,4,Group A,Female,1
APP104481,765,79600.0,0.365,1.4,38,6,0,13500.0,4,Group A,Male,1
APP104482,615,50900.0,0.226,,58,8,0,22400.0,4,Group B,Female,0
APP104483,611,73700.0,0.382,6.4,42,5,2,27800.0,1,Group A,Female,0
APP104484,726,66800.0,0.31,0.8,41,4,0,12200.0,4,Group B,Male,0
APP104485,571,79300.0,0.389,1.6,47,5,0,25400.0,5,Group A,Female,0
APP104486,621,60300.0,0.287,7.6,47,10,0,7400.0,2,Group B,Male,1
APP104487,674,39000.0,0.395,8.6,39,10,0,18400.0,5,Group A,Male,1
APP104488,678,84100.0,0.282,0.6,48,4,2,19500.0,2,Group A,Female,1
APP104489,591,81200.0,0.331,22.1,49,6,0,19000.0,2,Group A,Female,0
APP104490,703,102000.0,0.31,1.3,61,6,0,20000.0,2,Group A,Male,0
APP104491,716,36400.0,0.343,3.0,42,7,1,19600.0,1,Group B,Male,1
APP104492,637,66300.0,0.371,0.8,32,7,0,1000.0,5,Group B,Female,0
APP104493,788,62500.0,0.286,1.5,33,7,0,19400.0,3,Group A,Male,0
APP104494,702,58500.0,0.327,4.6,69,14,0,2800.0,1,Group A,Female,1
APP104495,615,31000.0,0.361,2.1,21,4,0,12400.0,1,Group A,Female,1
APP104496,785,42400.0,0.396,2.7,27,2,0,25000.0,3,Group A,Male,1
APP104497,646,74500.0,0.332,19.1,41,6,1,22300.0,4,Group A,Female,1
APP104498,692,56000.0,0.242,12.3,34,5,0,31000.0,4,Group B,Female,1
APP104499,648,48200.0,0.35,0.7,51,9,0,21300.0,3,Group B,Female,1
APP104500,721,102300.0,0.414,2.9,50,8,1,10700.0,4,Group A,Male,1
APP104501,649,125000.0,0.193,0.7,35,10,0,6000.0,1,Group A,Male,1
APP104502,653,66600.0,0.195,0.5,59,3,0,28400.0,1,Group A,Male,1
APP104503,670,31900.0,0.267,1.3,28,3,0,8000.0,3,Group A,Female,1
APP104504,647,77500.0,0.319,3.1,32,4,0,7100.0,2,Group A,Female,1
APP104505,750,18000.0,0.098,1.5,60,8,0,18200.0,4,Group A,Female,0
APP104506,598,35600.0,0.403,2.3,25,13,0,28400.0,2,Group A,Female,0
APP104507,678,77900.0,0.32,1.7,45,8,1,18300.0,1,Group A,Male,1
APP104508,686,34800.0,0.081,0.7,60,11,0,14800.0,4,Group B,Male,1
APP104509,672,60900.0,0.218,2.3,21,4,1,10900.0,1,Group A,Female,0
APP104510,743,32400.0,0.307,3.5,37,2,1,21100.0,1,Group A,Female,0
APP104511,582,69400.0,0.145,0.4,52,5,2,1500.0,1,Group A,Female,1
APP104512,717,95000.0,0.447,0.6,38,6,0,4800.0,3,Group B,Male,0
APP104513,599,53300.0,0.361,2.5,42,7,0,10400.0,3,Group A,Male,0
APP104514,647,67500.0,0.415,4.7,43,10,0,10700.0,1,Group A,Female,0
APP104515,592,48400.0,0.227,2.6,45,5,0,12300.0,3,Group A,Male,0
APP104516,658,50100.0,0.385,,31,6,0,26300.0,3,Group A,Male,0
APP104517,642,48000.0,0.267,5.9,50,4,0,29300.0,2,Group A,Female,0
APP104518,786,86900.0,0.319,8.1,44,2,0,9300.0,3,Group B,Female,1
APP104519,696,34100.0,0.379,5.5,27,4,0,15200.0,3,Group A,Female,0
APP104520,709,60000.0,0.332,6.6,35,11,2,10700.0,4,Group A,Female,1
APP104521,608,77800.0,0.429,,24,7,0,12300.0,1,Group A,Female,1
APP104522,728,89800.0,0.355,0.5,44,7,0,22400.0,4,Group B,Male,0
APP104523,786,78600.0,0.289,1.9,47,6,0,27800.0,2,Group B,Male,1
APP104524,737,66300.0,0.433,1.6,44,6,0,28800.0,5,Group B,Female,0
APP104525,595,54300.0,0.456,1.8,48,7,0,18000.0,2,Group A,Male,0
APP104526,650,90200.0,0.35,3.2,43,11,0,1200.0,4,Group B,Female,0
APP104527,687,47200.0,0.487,0.4,50,4,0,5400.0,4,Group B,Female,0
APP104528,642,47500.0,0.314,0.0,39,5,0,2200.0,1,Group A,Male,1
APP104529,845,100500.0,0.326,7.7,49,5,0,26800.0,1,Group A,Male,1
APP104530,649,76600.0,0.34,6.1,26,9,0,11900.0,5,Group B,Female,1
APP104531,677,77500.0,0.326,,24,5,0,18800.0,1,Group A,Male,1
APP104532,641,82400.0,0.306,8.8,42,9,0,31300.0,4,Group A,Male,0
APP104533,695,65700.0,0.261,4.1,49,6,1,8000.0,4,Group A,Female,1
APP104534,770,33500.0,0.231,0.7,38,3,1,14900.0,2,Group A,Male,1
APP104535,687,74000.0,0.352,1.3,49,6,0,18300.0,1,Group A,Male,1
APP104536,666,67600.0,0.472,5.9,45,8,0,4600.0,2,Group A,Female,1
APP104537,610,47400.0,0.43,4.3,21,5,0,25000.0,3,Group B,Female,1
APP104538,759,41900.0,0.383,10.9,69,5,1,28500.0,2,Group A,Male,1
APP104539,671,66900.0,0.477,1.2,26,7,0,23800.0,1,Group A,Female,0
APP104540,668,35400.0,0.342,2.0,30,5,0,23900.0,5,Group A,Female,0
APP104541,528,64600.0,0.231,0.0,55,5,0,18600.0,2,Group A,Male,0
APP104542,672,61700.0,0.302,0.8,41,7,1,20900.0,4,Group B,Male,1
APP104543,654,65100.0,0.333,1.0,32,5,0,28600.0,4,Group A,Female,0
APP104544,561,77700.0,0.284,4.1,35,3,0,27500.0,5,Group A,Male,0
APP104545,744,82900.0,0.407,0.1,30,6,0,21500.0,2,Group A,Female,1
APP104546,645,50900.0,0.443,8.6,31,3,0,10100.0,3,Group B,Female,0
APP104547,803,88900.0,0.149,7.9,50,5,1,1000.0,2,Group A,Male,1
APP104548,772,62700.0,0.324,3.7,35,5,0,29900.0,5,Group B,Female,1
APP104549,633,110100.0,0.021,8.1,28,6,1,32900.0,2,Group A,Female,1
APP104550,769,53900.0,0.33,0.6,32,2,0,12500.0,1,Group A,Female,1
APP104551,785,29300.0,0.329,2.5,39,8,2,28100.0,4,Group B,Male,1
APP104552,644,88000.0,0.535,4.9,32,5,0,1000.0,3,Group A,Female,0
APP104553,613,78200.0,0.502,1.4,37,2,0,24300.0,5,Group A,Male,0
APP104554,540,96800.0,0.443,2.1,45,7,1,21500.0,4,Group A,Female,0
APP104555,705,75400.0,0.234,6.5,35,2,1,12000.0,3,Group B,Female,0
APP104556,617,124200.0,0.228,5.2,31,8,0,35600.0,4,Group B,Male,0
APP104557,707,63500.0,0.219,0.1,33,7,0,15600.0,5,Group B,Male,0
APP104558,643,93100.0,0.508,2.6,58,3,1,26300.0,1,Group A,Female,0
APP104559,629,55400.0,0.24,7.0,67,4,2,34800.0,5,Group B,Female,0
APP104560,644,79800.0,0.298,0.1,42,6,0,16900.0,5,Group B,Male,0
APP104561,596,84300.0,0.241,17.3,50,6,1,25900.0,2,Group A,Male,1
APP104562,643,88000.0,0.202,0.2,30,5,0,17600.0,1,Group A,Female,0
APP104563,632,86600.0,0.377,2.8,34,8,0,20900.0,2,Group B,Male,0
APP104564,679,18000.0,0.357,7.0,46,6,0,9200.0,5,Group A,Female,0
APP104565,687,66400.0,0.095,3.3,21,4,2,19200.0,3,Group A,Male,1
APP104566,610,54200.0,0.197,7.8,50,15,1,19500.0,3,Group B,Male,1
APP104567,752,58900.0,0.368,0.2,34,6,0,19000.0,2,Group A,Female,1
APP104568,670,61200.0,0.332,2.2,28,4,0,28400.0,4,Group A,Male,0
APP104569,778,91500.0,0.296,1.1,46,8,1,20500.0,1,Group A,Female,1
APP104570,696,72900.0,0.407,1.1,58,7,0,8700.0,3,Group A,Female,1
APP104571,684,55800.0,0.181,2.5,37,7,1,22800.0,3,Group B,Male,0
APP104572,648,32800.0,0.275,3.1,45,5,1,12700.0,3,Group A,Male,1
APP104573,720,104800.0,0.397,0.5,46,2,0,19600.0,1,Group A,Male,1
APP104574,682,52500.0,0.269,5.8,44,4,0,19200.0,5,Group B,Female,0
APP104575,736,64900.0,0.374,2.1,29,8,0,24400.0,2,Group A,Female,0
APP104576,784,119300.0,0.214,1.9,44,7,1,19800.0,3,Group B,Female,1
APP104577,633,53100.0,0.249,5.4,43,6,1,23400.0,1,Group A,Male,0
APP104578,720,61400.0,0.144,10.9,21,3,0,19300.0,2,Group A,Male,1
APP104579,718,73600.0,0.114,5.3,51,11,0,38700.0,1,Group A,Male,1
APP104580,710,29500.0,0.288,0.5,23,4,2,15000.0,4,Group A,Female,0
APP104581,652,26700.0,0.39,1.1,43,7,1,13200.0,5,Group B,Male,0
APP104582,653,56400.0,0.327,0.1,59,14,0,23600.0,5,Group B,Male,0
APP104583,642,57300.0,0.468,2.8,38,8,0,14100.0,5,Group B,Male,0
APP104584,641,71200.0,0.297,3.9,28,3,1,25200.0,5,Group A,Male,0
APP104585,625,44500.0,0.107,2.2,48,5,0,7100.0,4,Group B,Female,0
APP104586,673,78400.0,0.378,2.4,58,6,0,19500.0,3,Group A,Female,1
APP104587,631,18000.0,0.221,1.2,28,11,0,22300.0,4,Group B,Female,0
APP104588,708,66300.0,0.354,1.7,21,6,0,8100.0,4,Group A,Male,1
APP104589,684,76600.0,0.089,7.3,55,2,0,21600.0,3,Group B,Female,1
APP104590,691,75900.0,0.31,6.1,51,2,0,1000.0,4,Group A,Male,1
APP104591,662,64100.0,0.417,6.6,46,5,0,18400.0,3,Group A,Female,0
APP104592,684,52200.0,0.404,3.2,21,3,0,28800.0,1,Group B,Female,0
APP104593,664,63400.0,0.312,18.6,48,4,0,10400.0,1,Group A,Male,0
APP104594,731,97600.0,0.334,7.6,53,10,0,17500.0,2,Group A,Female,0
APP104595,651,53600.0,0.285,3.9,67,6,0,10600.0,2,Group B,Male,1
APP104596,704,91500.0,0.307,2.6,38,7,0,24400.0,2,Group A,Male,1
APP104597,595,95300.0,0.409,2.6,43,8,1,25400.0,1,Group A,Male,1
APP104598,726,26300.0,0.258,12.0,21,11,0,23000.0,4,Group A,Male,0
APP104599,644,64900.0,0.268,7.6,53,7,1,24900.0,3,Group A,Female,1
APP104600,621,44500.0,0.166,3.9,52,3,1,12100.0,2,Group A,Female,0
APP104601,606,32000.0,0.411,0.9,46,12,0,17200.0,4,Group B,Female,0
APP104602,601,87000.0,0.305,1.1,55,6,1,7700.0,3,Group B,Female,0
APP104603,649,79400.0,0.201,5.1,32,7,0,9900.0,1,Group A,Female,1
APP104604,777,74300.0,0.43,6.3,38,5,0,16400.0,2,Group B,Male,1
APP104605,638,41900.0,0.329,6.6,39,5,2,28800.0,1,Group A,Male,0
APP104606,536,73100.0,0.252,7.0,54,6,0,10300.0,2,Group B,Male,1
APP104607,704,36500.0,0.432,7.9,54,3,1,20900.0,1,Group A,Female,0
APP104608,608,69900.0,0.296,7.0,45,7,0,10200.0,1,Group A,Female,0
APP104609,733,52100.0,0.161,0.7,44,3,0,7300.0,2,Group B,Female,0
APP104610,653,93200.0,0.439,,48,4,0,30500.0,4,Group B,Male,0
APP104611,662,59300.0,0.242,2.9,37,4,0,28400.0,2,Group A,Male,0
APP104612,758,73500.0,0.666,6.1,57,4,2,11100.0,1,Group A,Female,1
APP104613,720,73600.0,0.285,15.4,36,6,1,15100.0,3,Group A,Male,1
APP104614,599,66200.0,0.112,6.2,46,0,0,19600.0,2,Group A,Female,1
APP104615,609,70500.0,0.527,10.1,34,4,0,9000.0,4,Group A,Male,0
APP104616,564,75300.0,0.328,0.6,52,5,0,22600.0,3,Group A,Male,0
APP104617,849,46500.0,0.362,4.1,40,3,0,3700.0,4,Group A,Female,1
APP104618,624,77700.0,0.376,6.1,66,4,2,13300.0,3,Group A,Female,0
APP104619,756,88700.0,0.184,0.1,39,6,0,14900.0,4,Group A,Female,0
APP104620,645,77500.0,0.096,2.8,52,5,0,22100.0,3,Group A,Male,0
APP104621,610,59500.0,0.549,3.9,33,9,0,29300.0,1,Group B,Male,0
APP104622,681,72200.0,0.162,0.3,37,4,0,8500.0,3,Group A,Female,1
APP104623,659,59300.0,0.514,8.6,40,6,0,16700.0,1,Group B,Female,1
APP104624,732,65200.0,0.392,4.3,45,7,2,23100.0,1,Group A,Male,0
APP104625,733,39500.0,0.353,1.7,32,10,0,17100.0,3,Group A,Female,0
APP104626,642,101100.0,0.283,1.8,34,6,1,16100.0,3,Group B,Male,1
APP104627,586,114500.0,0.588,4.0,42,5,0,25100.0,2,Group A,Male,0
APP104628,602,51100.0,0.258,12.1,46,5,1,1000.0,1,Group A,Female,0
APP104629,532,86900.0,0.261,4.2,41,5,2,15800.0,1,Group A,Female,0
APP104630,662,103000.0,0.408,2.2,39,4,2,18300.0,1,Group A,Male,0
APP104631,679,45000.0,0.26,3.7,25,7,0,17500.0,1,Group A,Male,0
APP104632,606,18000.0,0.223,0.7,47,4,0,10700.0,1,Group A,Female,0
APP104633,598,104400.0,0.328,6.4,51,7,3,25800.0,1,Group A,Female,0
APP104634,679,67800.0,0.41,0.2,53,1,2,20400.0,3,Group A,Female,0
APP104635,639,55500.0,0.541,,43,5,0,1000.0,2,Group A,Male,0
APP104636,666,69100.0,0.563,7.9,34,4,0,23300.0,5,Group A,Female,0
APP104637,656,59100.0,0.137,3.6,37,3,1,16400.0,3,Group B,Female,1
APP104638,696,139000.0,0.449,2.7,43,7,0,25700.0,1,Group A,Female,1
APP104639,643,55300.0,0.226,7.0,41,3,1,29900.0,2,Group A,Male,0
APP104640,648,75900.0,0.231,13.2,31,8,0,18600.0,2,Group A,Female,0
APP104641,558,99000.0,0.275,0.3,21,8,1,11000.0,2,Group A,Female,0
APP104642,677,98900.0,0.268,4.6,34,6,1,26100.0,2,Group A,Female,0
APP104643,686,94300.0,0.217,2.4,38,6,0,31200.0,3,Group A,Female,0
APP104644,668,57800.0,0.078,8.7,45,7,0,20900.0,3,Group A,Female,1
APP104645,804,64300.0,0.493,1.7,36,10,0,17500.0,5,Group B,Male,1
APP104646,691,18000.0,0.433,13.9,38,9,0,26500.0,5,Group B,Male,1
APP104647,670,66200.0,0.333,6.6,42,4,0,10300.0,2,Group A,Female,0
APP104648,712,68800.0,0.228,12.9,60,1,0,18900.0,4,Group A,Male,1
APP104649,817,85800.0,0.47,1.3,39,3,1,14000.0,5,Group A,Male,1
APP104650,696,111100.0,0.327,0.8,22,11,0,23100.0,5,Group B,Female,0
APP104651,535,85100.0,0.271,1.6,33,5,0,16100.0,3,Group B,Male,0
APP104652,708,93700.0,0.154,9.3,63,9,2,16400.0,4,Group A,Female,0
APP104653,623,67600.0,0.394,6.2,58,9,0,23100.0,2,Group A,Male,0
APP104654,555,98800.0,0.298,3.7,52,8,0,30400.0,1,Group A,Male,0
APP104655,790,68300.0,0.363,5.9,49,5,2,23800.0,5,Group B,Male,0
APP104656,776,95400.0,0.353,14.5,50,8,0,25400.0,1,Group B,Female,1
APP104657,621,87300.0,0.404,0.7,38,7,0,27400.0,1,Group A,Female,0
APP104658,622,77400.0,0.358,8.0,51,6,0,15300.0,3,Group A,Male,0
APP104659,690,31000.0,0.301,1.4,52,8,0,19900.0,2,Group A,Male,0
APP104660,622,94200.0,0.395,3.1,51,6,0,17000.0,4,Group B,Male,1
APP104661,671,77100.0,0.439,1.2,34,3,0,18100.0,4,Group B,Female,0
APP104662,634,84900.0,0.505,1.2,37,3,0,14800.0,1,Group A,Female,0
APP104663,654,75500.0,0.211,7.3,33,3,0,16600.0,2,Group A,Female,1
APP104664,589,79700.0,0.457,0.4,53,8,0,15500.0,3,Group A,Male,0
APP104665,734,99200.0,0.16,7.8,45,2,0,11400.0,1,Group A,Female,1
APP104666,758,56600.0,0.446,1.2,46,9,0,1000.0,4,Group B,Male,0
APP104667,673,79200.0,0.27,3.0,48,5,0,18300.0,3,Group A,Male,1
APP104668,678,49300.0,0.427,2.7,24,8,0,32000.0,3,Group B,Male,0
APP104669,721,81800.0,0.499,1.1,52,2,1,22700.0,2,Group A,Male,0
APP104670,680,74000.0,0.36,6.9,35,9,0,16700.0,5,Group A,Male,1
APP104671,792,52900.0,0.335,0.6,36,3,0,6100.0,5,Group A,Female,1
APP104672,594,70200.0,0.329,6.7,31,12,1,10200.0,1,Group A,Male,0
APP104673,736,54400.0,0.288,13.5,42,1,1,1600.0,2,Group A,Female,1
APP104674,673,58900.0,0.464,3.6,40,5,0,21600.0,2,Group A,Female,1
APP104675,607,76500.0,0.328,1.1,24,8,0,10800.0,5,Group A,Female,0
APP104676,826,74400.0,0.101,0.0,21,3,0,28000.0,4,Group A,Male,1
APP104677,835,21900.0,0.437,4.4,39,10,2,1000.0,2,Group A,Female,1
APP104678,666,76900.0,0.431,0.6,51,8,0,13100.0,4,Group A,Male,0
APP104679,709,60700.0,0.345,4.1,50,5,0,26900.0,4,Group B,Male,1
APP104680,649,58100.0,0.253,0.9,53,3,0,6100.0,4,Group B,Male,1
APP104681,660,40900.0,0.212,4.3,39,7,0,6000.0,3,Group A,Female,0
APP104682,606,66900.0,0.254,1.7,37,8,0,12500.0,4,Group B,Female,1
APP104683,597,55400.0,0.362,4.0,40,5,1,7500.0,2,Group B,Female,0
APP104684,800,98600.0,0.137,1.2,51,9,0,14000.0,4,Group B,Female,1
APP104685,677,26000.0,0.387,6.0,60,6,0,1000.0,4,Group A,Female,0
APP104686,683,44900.0,0.348,0.2,35,4,1,28300.0,5,Group A,Female,0
APP104687,627,43200.0,0.482,4.7,38,7,0,24700.0,1,Group A,Female,0
APP104688,692,74200.0,0.417,6.3,41,6,0,12600.0,2,Group B,Male,0
APP104689,582,96200.0,0.26,15.0,38,3,0,1000.0,4,Group B,Female,1
APP104690,630,80100.0,0.154,1.8,34,6,0,9500.0,1,Group A,Female,1
APP104691,602,41700.0,0.25,3.8,39,6,0,24100.0,4,Group A,Male,1
APP104692,764,57700.0,0.492,0.3,32,5,1,24500.0,4,Group B,Male,0
APP104693,573,48600.0,0.372,1.1,50,4,0,11800.0,1,Group B,Male,0
APP104694,603,80200.0,0.406,2.0,59,8,0,21500.0,4,Group A,Female,0
APP104695,547,57200.0,0.271,0.4,38,4,0,3700.0,2,Group A,Male,0
APP104696,622,34100.0,0.393,19.8,61,3,0,16600.0,1,Group A,Male,1
APP104697,650,82000.0,0.173,1.2,40,2,1,5800.0,1,Group A,Female,0
APP104698,744,98300.0,0.443,0.1,33,6,1,20700.0,4,Group A,Female,1
APP104699,666,63700.0,0.213,3.6,49,6,2,13500.0,5,Group B,Female,0
APP104700,653,70900.0,0.123,5.1,30,3,0,15000.0,3,Group B,Female,0
APP104701,699,31800.0,0.589,,48,5,0,17300.0,1,Group A,Male,0
APP104702,651,18600.0,0.355,1.8,44,6,0,1300.0,1,Group A,Male,0
APP104703,837,23600.0,0.352,2.5,36,4,0,17700.0,3,Group A,Female,1
APP104704,642,66900.0,0.134,0.2,35,5,0,27800.0,2,Group A,Male,1
APP104705,707,60600.0,0.408,6.4,31,6,0,18500.0,2,Group A,Female,1
APP104706,734,81100.0,0.437,3.7,53,1,0,27200.0,2,Group A,Female,1
APP104707,640,63300.0,0.318,9.4,38,4,0,14100.0,2,Group A,Female,0
APP104708,691,91700.0,0.438,0.4,45,4,0,20000.0,3,Group A,Female,0
APP104709,647,88900.0,0.469,2.2,41,3,0,21100.0,2,Group A,Female,0
APP104710,698,60300.0,0.398,6.2,38,8,2,23500.0,4,Group B,Female,0
APP104711,687,43900.0,0.102,7.5,45,10,0,26300.0,2,Group A,Male,1
APP104712,671,22000.0,0.213,5.0,47,9,0,5400.0,2,Group A,Male,1
APP104713,605,102400.0,0.526,9.1,43,6,0,10900.0,3,Group B,Male,0
APP104714,801,45400.0,0.349,2.1,39,8,0,22400.0,1,Group A,Female,1
APP104715,718,32100.0,0.35,1.3,28,10,0,21300.0,1,Group A,Male,0
APP104716,577,71100.0,0.249,2.4,34,8,0,17800.0,2,Group A,Male,0
APP104717,653,32300.0,0.27,13.2,37,5,0,41500.0,1,Group A,Female,0
APP104718,578,71100.0,0.471,4.6,41,6,1,18800.0,3,Group A,Male,0
APP104719,730,59900.0,0.505,8.2,21,5,0,20600.0,2,Group A,Female,0
APP104720,679,90200.0,0.428,3.8,48,7,1,5800.0,1,Group A,Male,1
APP104721,680,88100.0,0.401,1.5,45,5,0,26500.0,3,Group A,Male,1
APP104722,625,94500.0,0.409,4.1,34,5,1,18800.0,2,Group A,Male,0
APP104723,659,73000.0,0.332,2.7,30,3,0,18600.0,1,Group A,Male,1
APP104724,731,47400.0,0.208,6.4,33,7,1,35100.0,4,Group A,Female,0
APP104725,749,43100.0,0.184,0.1,25,2,0,16500.0,2,Group A,Female,0
APP104726,735,55300.0,0.485,1.0,37,5,0,28000.0,2,Group B,Female,0
APP104727,579,115900.0,0.336,8.8,39,7,0,27900.0,1,Group A,Female,0
APP104728,668,62000.0,0.392,3.0,52,2,0,16300.0,4,Group A,Female,0
APP104729,696,71900.0,0.363,0.7,47,11,1,5100.0,4,Group A,Female,1
APP104730,632,104400.0,0.369,9.5,56,3,1,12300.0,1,Group A,Male,0
APP104731,572,74100.0,0.378,1.2,42,5,0,28000.0,5,Group B,Male,0
APP104732,596,50000.0,0.417,14.3,30,3,1,14500.0,3,Group A,Female,1
APP104733,777,85500.0,0.256,1.3,62,6,1,6700.0,2,Group A,Female,1
APP104734,603,57700.0,0.47,5.4,37,7,0,19300.0,5,Group B,Male,0
APP104735,683,74900.0,0.259,0.6,22,7,0,8300.0,4,Group B,Male,1
APP104736,670,80300.0,0.366,4.9,44,5,0,9600.0,3,Group B,Male,1
APP104737,670,56100.0,0.21,4.1,22,6,0,8900.0,5,Group A,Male,1
APP104738,659,72500.0,0.322,11.6,40,5,1,26800.0,4,Group A,Female,1
APP104739,731,106400.0,0.267,0.6,35,0,1,29300.0,4,Group A,Male,1
APP104740,682,53000.0,0.343,0.2,47,7,0,5700.0,3,Group A,Female,0
APP104741,639,99600.0,0.421,3.1,52,4,1,19800.0,3,Group A,Female,0
APP104742,683,53800.0,0.348,3.6,37,5,0,22500.0,5,Group B,Male,1
APP104743,597,111200.0,0.556,1.9,36,5,0,11700.0,3,Group A,Female,0
APP104744,711,47500.0,0.428,9.4,50,1,0,10700.0,1,Group A,Female,0
APP104745,636,58500.0,0.315,0.3,32,3,0,32800.0,3,Group A,Male,1
APP104746,639,104200.0,0.331,4.2,42,6,0,6600.0,1,Group A,Male,1
APP104747,713,105300.0,0.382,2.9,47,4,1,23400.0,5,Group A,Female,0
APP104748,654,87600.0,0.417,6.4,32,3,0,22000.0,3,Group B,Male,0
APP104749,657,42000.0,0.204,5.6,37,8,0,39500.0,3,Group A,Male,0
APP104750,756,70000.0,0.41,0.9,42,10,1,28100.0,1,Group A,Male,0
APP104751,617,68000.0,0.207,1.8,57,5,1,3800.0,2,Group A,Male,0
APP104752,712,47500.0,0.399,9.5,26,2,1,6900.0,2,Group A,Female,1
APP104753,742,84700.0,0.461,0.8,39,6,0,11700.0,3,Group A,Male,0
APP104754,756,49400.0,0.373,11.7,57,10,0,18700.0,2,Group B,Female,0
APP104755,821,37000.0,0.084,1.0,53,6,0,2300.0,2,Group A,Male,1
APP104756,638,29100.0,0.144,0.2,38,5,0,21100.0,1,Group A,Female,0
APP104757,624,109100.0,0.402,3.7,40,7,0,20300.0,5,Group B,Male,0
APP104758,733,55700.0,0.07,8.4,47,6,0,14000.0,2,Group A,Female,1
APP104759,741,56300.0,0.407,15.9,47,3,0,28400.0,3,Group B,Female,1
APP104760,629,43300.0,0.448,3.3,58,6,0,23200.0,4,Group A,Male,0
APP104761,712,100800.0,0.465,8.9,55,2,0,28700.0,3,Group A,Female,1
APP104762,850,34900.0,0.313,1.9,24,5,1,41500.0,5,Group B,Male,1
APP104763,687,39100.0,0.388,1.6,22,5,0,9800.0,1,Group A,Female,1
APP104764,740,60300.0,0.363,10.8,34,12,0,22600.0,5,Group A,Female,1
APP104765,782,67500.0,0.178,8.4,21,4,1,12800.0,5,Group A,Male,1
APP104766,843,83800.0,0.422,0.7,57,6,0,24400.0,1,Group A,Male,1
APP104767,696,51800.0,0.493,17.8,23,8,0,14400.0,3,Group A,Male,0
APP104768,761,105100.0,0.416,2.9,37,5,0,14700.0,2,Group A,Female,1
APP104769,629,51900.0,0.285,8.4,31,5,0,8500.0,4,Group B,Female,0
APP104770,682,43800.0,0.421,2.5,22,4,1,22700.0,5,Group A,Male,1
APP104771,651,41500.0,0.483,1.3,55,6,0,33400.0,5,Group A,Male,1
APP104772,557,49400.0,0.468,10.6,34,6,0,8700.0,5,Group A,Male,0
APP104773,576,40000.0,0.453,16.3,64,7,2,1000.0,1,Group A,Female,0
APP104774,708,86000.0,0.165,3.5,58,1,1,24200.0,2,Group A,Male,1
APP104775,709,44000.0,0.384,1.5,41,6,0,29600.0,4,Group A,Male,1
APP104776,612,64800.0,0.411,10.4,21,2,1,41300.0,3,Group A,Female,0
APP104777,781,43300.0,0.454,7.2,37,13,0,16900.0,2,Group A,Male,0
APP104778,608,39800.0,0.397,0.2,68,5,0,16900.0,2,Group A,Female,0
APP104779,697,94600.0,0.511,0.1,46,2,0,23500.0,1,Group A,Male,1
APP104780,653,106500.0,0.139,4.3,39,4,0,10200.0,3,Group A,Male,1
APP104781,687,98500.0,0.401,3.4,34,8,0,11600.0,1,Group B,Female,1
APP104782,738,32700.0,0.393,6.4,52,7,1,26200.0,5,Group B,Male,0
APP104783,729,36000.0,0.439,1.9,45,7,1,5700.0,1,Group A,Male,1
APP104784,726,115500.0,0.51,0.5,44,5,1,8900.0,3,Group B,Female,1
APP104785,718,61900.0,0.242,10.6,55,8,0,4700.0,4,Group B,Female,1
APP104786,597,35000.0,0.506,2.5,54,6,0,11500.0,2,Group A,Female,0
APP104787,754,94000.0,0.43,3.7,46,7,1,14900.0,3,Group B,Male,1
APP104788,611,69600.0,0.319,5.2,22,5,0,15600.0,3,Group A,Male,0
APP104789,673,81700.0,0.24,3.5,29,2,0,16000.0,4,Group B,Male,1
APP104790,657,18000.0,0.362,6.0,34,4,0,24900.0,3,Group A,Female,0
APP104791,703,60200.0,0.371,11.9,41,7,0,16500.0,3,Group A,Female,1
APP104792,648,90800.0,0.378,1.7,59,2,0,10700.0,2,Group A,Female,0
APP104793,670,52600.0,0.271,7.3,66,5,0,7300.0,3,Group B,Female,1
APP104794,785,97600.0,0.407,13.8,46,8,0,14600.0,3,Group A,Male,1
APP104795,596,36400.0,0.295,2.2,48,6,0,35300.0,3,Group A,Female,0
APP104796,680,65300.0,0.474,15.8,23,4,0,20300.0,3,Group A,Male,0
APP104797,608,107500.0,0.528,2.7,36,6,0,33400.0,2,Group A,Male,0
APP104798,724,40400.0,0.251,7.5,34,5,0,1000.0,2,Group B,Female,1
APP104799,633,74500.0,0.347,2.9,33,8,0,9500.0,3,Group B,Female,0
APP104800,683,82000.0,0.447,2.2,48,12,0,1600.0,2,Group A,Male,0
APP104801,594,70200.0,0.37,5.6,36,6,0,16800.0,2,Group A,Male,0
APP104802,764,62000.0,0.191,0.4,21,4,0,22200.0,1,Group A,Female,1
APP104803,685,47000.0,0.435,1.1,51,2,0,26400.0,3,Group A,Male,0
APP104804,689,72700.0,0.273,3.4,55,4,0,24700.0,2,Group B,Female,1
APP104805,734,65500.0,0.362,10.9,44,5,0,26600.0,3,Group B,Female,0
APP104806,599,33500.0,0.231,1.3,39,5,0,15900.0,3,Group A,Male,1
APP104807,640,94400.0,0.427,13.3,30,6,0,13000.0,1,Group A,Male,0
APP104808,691,46200.0,0.294,3.2,31,8,0,9600.0,3,Group A,Male,1
APP104809,565,34200.0,0.439,8.9,54,5,0,32000.0,2,Group A,Female,0
APP104810,572,53700.0,0.316,3.3,32,9,1,25000.0,5,Group A,Male,0
APP104811,627,46600.0,0.287,3.3,65,1,0,14500.0,4,Group B,Female,0
APP104812,606,61800.0,0.385,4.4,52,6,0,18500.0,4,Group A,Male,0
APP104813,658,38200.0,0.222,1.0,45,3,2,27200.0,4,Group B,Female,0
APP104814,714,78800.0,0.538,6.1,74,8,0,11700.0,5,Group A,Male,0
APP104815,729,101100.0,0.36,3.4,56,4,0,20400.0,3,Group A,Male,1
APP104816,798,70500.0,0.278,1.6,36,7,0,16300.0,4,Group A,Female,1
APP104817,679,33300.0,0.296,0.4,29,6,0,29400.0,1,Group A,Female,0
APP104818,690,46100.0,0.342,7.0,36,5,0,15200.0,4,Group A,Male,0
APP104819,678,73300.0,0.45,1.4,40,7,0,24200.0,3,Group A,Male,0
APP104820,701,20800.0,0.242,7.2,32,5,0,9100.0,3,Group B,Female,0
APP104821,706,38400.0,0.299,3.6,28,5,0,8100.0,5,Group A,Male,0
APP104822,740,28500.0,0.335,,44,7,0,7000.0,3,Group A,Male,1
APP104823,740,70800.0,0.51,3.0,52,4,0,26800.0,5,Group B,Male,1
APP104824,714,119900.0,0.45,0.7,63,7,0,23800.0,1,Group A,Male,1
APP104825,778,37700.0,0.515,1.5,42,5,0,30000.0,3,Group A,Female,1
APP104826,682,87600.0,0.343,6.0,48,8,0,23700.0,3,Group A,Female,1
APP104827,640,54500.0,0.498,14.4,21,6,0,19200.0,1,Group A,Female,0
APP104828,651,36300.0,0.479,0.3,51,10,0,15500.0,3,Group B,Female,1
APP104829,673,105500.0,0.417,0.2,29,8,2,27200.0,1,Group B,Male,1
APP104830,610,119800.0,0.425,17.4,45,3,0,23600.0,1,Group A,Female,1
APP104831,640,77900.0,0.275,5.7,40,4,1,10800.0,3,Group A,Male,1
APP104832,606,76700.0,0.541,12.8,38,13,0,12900.0,1,Group B,Male,1
APP104833,702,69500.0,0.313,9.2,23,4,1,19500.0,4,Group B,Female,1
APP104834,703,64400.0,0.402,2.8,32,6,0,18100.0,4,Group A,Male,1
APP104835,565,76200.0,0.414,10.3,30,3,0,25100.0,3,Group B,Male,0
APP104836,637,84200.0,0.189,1.0,34,10,1,24100.0,2,Group A,Male,0
APP104837,799,107900.0,0.334,1.0,55,10,0,11100.0,2,Group A,Female,1
APP104838,721,55500.0,0.362,0.8,37,6,0,8300.0,2,Group A,Male,1
APP104839,710,71100.0,0.328,7.5,33,5,0,3200.0,4,Group A,Female,0
APP104840,637,65900.0,0.336,1.9,49,10,0,18000.0,2,Group B,Female,0
APP104841,699,92600.0,0.504,17.2,45,1,1,34300.0,2,Group A,Female,1
APP104842,679,125600.0,0.249,10.8,65,8,2,16100.0,2,Group A,Male,0
APP104843,628,93400.0,0.2,6.6,53,3,0,17800.0,3,Group A,Female,0
APP104844,648,87200.0,0.275,3.4,21,3,0,20300.0,4,Group A,Male,0
APP104845,649,89800.0,0.422,3.7,51,4,0,18200.0,1,Group A,Female,1
APP104846,583,98400.0,0.433,6.6,49,10,0,7000.0,1,Group A,Female,1
APP104847,594,125900.0,0.407,0.3,61,7,1,11800.0,1,Group A,Male,0
APP104848,667,27600.0,0.44,2.0,39,3,0,15700.0,1,Group A,Female,0
APP104849,625,82400.0,0.368,12.8,54,5,0,32200.0,4,Group B,Male,1
APP104850,660,18000.0,0.283,7.3,37,7,0,28800.0,4,Group A,Male,0
APP104851,576,90800.0,0.236,5.1,44,7,0,7700.0,3,Group B,Male,1
APP104852,732,81200.0,0.201,0.9,28,8,0,30100.0,3,Group B,Female,0
APP104853,815,54900.0,0.315,3.5,25,7,0,33700.0,3,Group A,Female,0
APP104854,747,18000.0,0.427,12.3,51,3,0,22000.0,4,Group A,Female,0
APP104855,753,67700.0,0.366,1.7,41,7,0,12600.0,3,Group B,Male,0
APP104856,721,73300.0,0.343,8.4,26,4,1,18600.0,1,Group A,Female,1
APP104857,697,66500.0,0.224,15.1,51,3,0,32100.0,3,Group A,Female,1
APP104858,686,53100.0,0.624,1.9,21,5,0,7800.0,1,Group A,Female,0
APP104859,621,46500.0,0.249,,31,6,0,14300.0,4,Group A,Male,0
APP104860,725,66800.0,0.353,5.8,21,4,1,21600.0,4,Group A,Male,0
APP104861,721,48800.0,0.45,3.5,55,7,2,14800.0,5,Group B,Female,0
APP104862,650,87400.0,0.345,6.4,36,8,0,2800.0,1,Group A,Male,1
APP104863,714,66100.0,0.251,4.3,42,6,1,7600.0,1,Group B,Male,1
APP104864,635,26600.0,0.429,3.6,45,6,1,5700.0,4,Group A,Female,0
APP104865,639,72200.0,0.193,3.2,51,4,1,14000.0,2,Group A,Male,0
APP104866,730,77900.0,0.532,1.6,49,4,1,34200.0,2,Group A,Male,1
APP104867,708,106800.0,0.371,1.9,51,8,0,30500.0,3,Group A,Male,1
APP104868,665,90300.0,0.312,0.7,38,4,0,18300.0,1,Group A,Female,0
APP104869,657,46400.0,0.184,2.5,51,3,0,23800.0,3,Group A,Female,1
APP104870,691,102200.0,0.213,8.3,33,6,1,19600.0,5,Group A,Male,1
APP104871,561,34700.0,0.334,0.9,36,8,1,16300.0,3,Group A,Male,0
APP104872,631,68700.0,0.548,9.4,23,7,0,18300.0,5,Group B,Female,0
APP104873,598,86100.0,0.366,0.9,61,8,1,15100.0,5,Group A,Male,0
APP104874,681,103000.0,0.378,5.9,29,2,0,6600.0,3,Group A,Female,1
APP104875,751,113300.0,0.382,0.2,58,7,0,18300.0,1,Group A,Female,1
APP104876,711,98600.0,0.6,4.5,47,4,0,10800.0,3,Group A,Male,1
APP104877,647,64700.0,0.291,7.9,43,11,0,13300.0,2,Group B,Male,0
APP104878,634,81900.0,0.512,8.0,45,5,1,22100.0,2,Group A,Male,0
APP104879,631,73400.0,0.296,1.7,28,2,0,3700.0,3,Group A,Female,0
APP104880,810,51000.0,0.263,5.8,60,10,1,8000.0,1,Group A,Male,0
APP104881,684,65200.0,0.331,11.1,37,4,0,17900.0,1,Group A,Female,1
APP104882,693,111100.0,0.331,3.0,53,3,0,7300.0,3,Group A,Female,1
APP104883,543,83500.0,0.402,4.3,34,8,0,12200.0,2,Group A,Female,1
APP104884,603,117400.0,0.084,9.7,24,7,0,25700.0,1,Group B,Female,0
APP104885,677,42000.0,0.356,13.1,65,5,1,15500.0,4,Group B,Male,0
APP104886,648,58800.0,0.274,7.5,34,5,0,11200.0,3,Group A,Female,1
APP104887,689,78000.0,0.26,8.1,47,5,0,25000.0,1,Group B,Female,1
APP104888,688,85800.0,0.197,0.0,21,9,0,2400.0,1,Group A,Male,1
APP104889,719,65200.0,0.3,4.6,40,8,0,4900.0,3,Group B,Male,1
APP104890,559,87200.0,0.283,0.6,48,5,1,5600.0,1,Group A,Male,1
APP104891,608,87000.0,0.293,4.9,43,8,1,11900.0,2,Group A,Male,1
APP104892,674,34700.0,0.16,1.5,40,7,0,3800.0,2,Group A,Female,1
APP104893,638,86100.0,0.351,5.5,38,4,1,34600.0,1,Group A,Male,1
APP104894,660,93800.0,0.253,11.0,51,5,1,1000.0,3,Group B,Female,0
APP104895,687,75100.0,0.16,1.3,25,5,0,21700.0,3,Group A,Female,0
APP104896,632,23800.0,0.28,6.4,38,4,0,14300.0,4,Group A,Male,0
APP104897,692,61400.0,0.255,0.8,58,8,0,18500.0,5,Group A,Female,0
APP104898,715,78500.0,0.345,0.0,23,10,0,12800.0,2,Group B,Male,1
APP104899,684,47200.0,0.278,1.1,40,5,0,15900.0,4,Group B,Male,0
APP104900,727,90000.0,0.181,0.6,28,7,0,9000.0,1,Group A,Male,1
APP104901,539,85500.0,0.242,4.1,45,4,0,28600.0,1,Group A,Male,0
APP104902,642,71200.0,0.15,1.2,41,5,0,6100.0,2,Group A,Male,1
APP104903,738,68400.0,0.465,5.2,30,6,1,16500.0,5,Group B,Male,1
APP104904,624,72600.0,0.483,0.4,41,8,1,39500.0,3,Group B,Male,0
APP104905,615,67900.0,0.496,8.4,42,7,0,25000.0,1,Group A,Male,0
APP104906,672,37100.0,0.275,11.2,34,5,0,6800.0,4,Group B,Female,1
APP104907,679,57700.0,0.483,3.4,36,6,0,29500.0,4,Group A,Male,0
APP104908,645,69700.0,0.385,18.0,33,3,0,20800.0,3,Group B,Female,1
APP104909,800,102000.0,0.25,4.2,21,4,0,13900.0,3,Group A,Female,1
APP104910,699,84600.0,0.271,5.3,52,4,0,25200.0,2,Group A,Female,0
APP104911,621,103300.0,0.321,0.5,55,5,1,29900.0,2,Group A,Female,0
APP104912,586,34300.0,0.351,10.1,21,6,0,11300.0,2,Group A,Female,0
APP104913,706,59500.0,0.38,5.5,55,9,0,13800.0,5,Group B,Female,0
APP104914,620,117800.0,0.34,2.6,46,1,0,13500.0,3,Group A,Female,1
APP104915,820,50200.0,0.302,7.4,28,7,2,23000.0,1,Group B,Female,1
APP104916,708,49700.0,0.489,0.0,38,4,1,25900.0,5,Group B,Male,1
APP104917,716,61500.0,0.327,0.4,33,10,0,23700.0,1,Group A,Female,1
APP104918,696,116400.0,0.321,1.4,52,7,0,9300.0,1,Group B,Female,0
APP104919,753,51900.0,0.316,3.2,30,8,0,35000.0,1,Group A,Male,0
APP104920,524,81400.0,0.328,5.2,66,9,0,10500.0,1,Group A,Female,0
APP104921,602,77400.0,0.19,5.2,55,8,1,20400.0,3,Group A,Female,0
APP104922,747,21700.0,0.23,0.2,26,6,0,16400.0,4,Group A,Female,1
APP104923,778,67600.0,0.609,0.2,61,5,0,8500.0,4,Group B,Male,1
APP104924,600,54700.0,0.158,10.1,50,5,0,20200.0,3,Group A,Male,1
APP104925,562,84300.0,0.37,1.1,39,4,0,18700.0,5,Group A,Male,0
APP104926,691,109700.0,0.378,11.0,49,6,1,24300.0,5,Group A,Female,0
APP104927,712,59700.0,0.451,16.6,52,7,0,17700.0,1,Group A,Female,0
APP104928,690,59700.0,0.38,3.0,32,3,1,20100.0,3,Group B,Female,0
APP104929,676,128400.0,0.548,2.3,51,8,0,34300.0,1,Group A,Male,0
APP104930,560,50900.0,0.366,4.1,36,4,0,16300.0,1,Group B,Male,0
APP104931,656,35800.0,0.488,1.1,51,6,0,3200.0,1,Group A,Female,0
APP104932,665,101100.0,0.454,2.3,39,10,0,26400.0,4,Group B,Female,0
APP104933,644,66800.0,0.51,3.6,29,5,0,25800.0,2,Group A,Male,0
APP104934,555,74800.0,0.343,1.7,49,3,0,5400.0,3,Group A,Male,1
APP104935,718,121600.0,0.384,1.9,36,3,0,7000.0,3,Group A,Male,1
APP104936,736,34300.0,0.299,4.4,43,6,1,13500.0,4,Group A,Female,1
APP104937,628,63300.0,0.358,1.1,46,6,1,9700.0,1,Group B,Female,0
APP104938,668,38300.0,0.364,0.0,59,6,0,14800.0,4,Group A,Male,1
APP104939,648,76000.0,0.111,1.8,36,11,0,15300.0,1,Group A,Female,1
APP104940,648,54700.0,0.324,0.1,31,4,0,17100.0,1,Group B,Female,0
APP104941,712,39800.0,0.438,1.7,61,3,1,29400.0,3,Group A,Female,1
APP104942,714,85600.0,0.191,7.3,41,6,0,36900.0,1,Group A,Male,0
APP104943,750,68200.0,0.232,6.6,34,8,0,6700.0,4,Group B,Male,1
APP104944,749,38000.0,0.467,0.9,45,4,1,19000.0,5,Group A,Female,0
APP104945,669,39400.0,0.488,5.0,37,7,0,27900.0,3,Group B,Female,0
APP104946,850,73000.0,0.272,2.0,38,8,0,29100.0,5,Group A,Female,1
APP104947,781,27900.0,0.359,1.9,72,6,2,5000.0,4,Group B,Female,0
APP104948,637,73500.0,0.331,0.5,29,11,0,18000.0,1,Group A,Male,0
APP104949,688,100100.0,0.469,6.8,24,7,0,26300.0,5,Group B,Male,1
APP104950,551,84000.0,0.281,3.7,56,6,0,10500.0,4,Group A,Male,0
APP104951,682,53000.0,0.298,7.0,36,4,1,12400.0,5,Group B,Female,0
APP104952,789,74600.0,0.487,12.7,45,6,1,26400.0,5,Group A,Male,1
APP104953,850,38000.0,0.23,1.8,49,10,0,13800.0,5,Group B,Female,1
APP104954,672,71300.0,0.285,2.2,21,9,1,23500.0,3,Group A,Female,0
APP104955,702,60200.0,0.355,0.3,55,6,0,33400.0,1,Group A,Female,0
APP104956,719,43100.0,0.508,1.1,34,6,0,20000.0,4,Group B,Female,1
APP104957,809,83000.0,0.209,1.2,64,2,0,14900.0,2,Group A,Female,1
APP104958,616,20500.0,0.262,27.3,31,8,1,23900.0,3,Group A,Male,0
APP104959,850,39500.0,0.405,0.5,60,7,0,21900.0,5,Group B,Female,1
APP104960,659,42400.0,0.422,0.9,62,6,1,13600.0,5,Group A,Male,1
APP104961,604,55900.0,0.363,0.9,35,3,0,18900.0,3,Group A,Male,0
APP104962,660,99200.0,0.327,3.8,39,8,0,25100.0,2,Group A,Female,0
APP104963,627,86100.0,0.354,0.4,37,7,0,20400.0,4,Group A,Female,1
APP104964,707,70500.0,0.174,1.7,59,8,2,10100.0,3,Group A,Female,1
APP104965,573,69400.0,0.351,2.6,43,8,1,25400.0,3,Group A,Male,0
APP104966,689,67700.0,0.503,5.9,47,6,0,16200.0,2,Group A,Male,0
APP104967,723,100900.0,0.195,1.9,39,6,0,15200.0,2,Group A,Female,0
APP104968,776,24400.0,0.254,15.0,47,6,0,3400.0,1,Group A,Female,1
APP104969,724,86500.0,0.296,0.6,47,6,1,30200.0,2,Group A,Male,1
APP104970,772,55800.0,0.303,0.2,34,6,0,22900.0,3,Group A,Female,1
APP104971,641,80100.0,0.543,0.2,62,5,0,14500.0,5,Group A,Female,0
APP104972,706,80200.0,0.237,3.7,39,6,0,23700.0,4,Group A,Female,0
APP104973,535,85600.0,0.216,0.2,53,8,1,28100.0,2,Group B,Male,0
APP104974,673,106000.0,0.425,2.7,26,4,2,26000.0,5,Group A,Female,1
APP104975,705,35100.0,0.269,2.0,49,3,0,15000.0,1,Group A,Male,1
APP104976,711,92100.0,0.427,5.8,54,6,0,9500.0,1,Group A,Male,1
APP104977,578,66500.0,0.318,2.6,44,2,0,13000.0,3,Group A,Male,0
APP104978,655,56900.0,0.39,2.6,54,6,0,21200.0,1,Group B,Female,0
APP104979,664,116800.0,0.168,3.4,33,7,0,6400.0,1,Group B,Female,1
APP104980,652,84800.0,0.39,16.4,47,6,0,34200.0,5,Group B,Male,0
APP104981,727,58000.0,0.364,9.0,23,5,0,20900.0,1,Group A,Male,1
APP104982,666,91000.0,0.312,6.9,43,6,0,27700.0,1,Group A,Male,1
APP104983,686,66900.0,0.204,7.5,31,4,1,10000.0,1,Group A,Male,1
APP104984,648,57600.0,0.364,1.2,40,6,0,19400.0,3,Group A,Female,0
APP104985,749,53500.0,0.42,7.9,58,5,0,12800.0,2,Group A,Male,0
APP104986,754,75300.0,0.282,3.3,62,8,1,1700.0,1,Group A,Male,1
APP104987,660,53300.0,0.284,8.9,26,11,1,23500.0,2,Group A,Female,1
APP104988,850,71700.0,0.427,1.7,56,5,0,29400.0,3,Group B,Male,1
APP104989,630,89300.0,0.528,9.8,58,5,1,39400.0,3,Group A,Female,0
APP104990,745,70700.0,0.443,2.6,45,8,0,20700.0,2,Group A,Female,1
APP104991,618,115400.0,0.365,1.2,57,3,1,14300.0,3,Group B,Female,1
APP104992,730,68300.0,0.313,2.4,36,5,0,26200.0,5,Group B,Female,0
APP104993,725,100400.0,0.337,5.9,35,9,0,11700.0,3,Group A,Male,1
APP104994,614,91400.0,0.194,1.3,35,6,1,12700.0,1,Group A,Female,0
APP104995,672,104600.0,0.323,1.6,50,6,0,17400.0,1,Group A,Female,1
APP104996,801,115300.0,0.463,10.1,40,9,1,9700.0,5,Group A,Male,0
APP104997,627,25700.0,0.344,2.4,32,6,0,10100.0,3,Group A,Female,0
APP104998,706,74400.0,0.271,21.0,33,6,1,31700.0,1,Group A,Female,1
APP104999,702,65300.0,0.261,1.3,41,6,0,10100.0,3,Group A,Female,1
APP105000,677,70700.0,0.337,0.5,31,3,0,23200.0,3,Group A,Female,0
APP105001,567,58500.0,0.204,1.3,49,6,1,10500.0,1,Group A,Male,1
APP105002,734,55000.0,0.24,3.7,55,5,0,16700.0,3,Group B,Female,1
APP105003,681,41600.0,0.509,5.0,53,5,1,21200.0,5,Group A,Female,0
APP105004,752,70300.0,0.226,0.3,75,6,1,19000.0,2,Group A,Female,0
APP105005,695,90400.0,0.252,6.5,46,7,1,10500.0,1,Group A,Male,0
APP105006,684,56200.0,0.372,0.2,61,10,0,26000.0,5,Group B,Female,0
APP105007,704,60100.0,0.291,8.4,43,3,0,19100.0,2,Group A,Female,1
APP105008,616,51200.0,0.35,1.3,38,7,0,2700.0,4,Group B,Male,0
APP105009,781,44100.0,0.435,0.4,42,10,0,26200.0,2,Group A,Female,0
APP105010,656,62300.0,0.17,2.2,43,3,0,18700.0,1,Group A,Female,1
APP105011,656,76200.0,0.423,2.1,40,6,0,16600.0,1,Group A,Female,1
APP105012,764,98200.0,0.276,27.9,28,7,0,20300.0,5,Group A,Female,1
APP105013,696,39400.0,0.309,1.8,29,9,0,2900.0,4,Group B,Male,0
APP105014,665,67300.0,0.551,1.0,55,3,0,10700.0,4,Group A,Female,0
APP105015,707,96300.0,0.186,10.3,51,7,1,19600.0,1,Group A,Female,1
APP105016,721,39700.0,0.405,1.2,62,3,0,9000.0,3,Group A,Male,0
APP105017,672,98400.0,0.464,15.5,36,3,0,24300.0,2,Group A,Male,0
APP105018,740,57500.0,0.265,16.6,35,7,0,6500.0,3,Group A,Male,0
APP105019,597,85100.0,0.267,2.4,27,4,0,16600.0,2,Group A,Female,0
APP105020,697,62800.0,0.299,1.9,54,7,0,30300.0,5,Group B,Male,0
APP105021,732,79000.0,0.264,5.3,30,3,2,10200.0,3,Group B,Female,0
APP105022,720,106600.0,0.347,7.6,41,7,0,18100.0,4,Group B,Female,0
APP105023,534,65100.0,0.438,2.2,45,7,0,9800.0,4,Group A,Female,0
APP105024,672,91900.0,0.3,7.1,22,5,0,4100.0,1,Group A,Male,1
APP105025,601,74600.0,0.442,6.8,50,4,0,23500.0,1,Group A,Female,0
APP105026,764,49100.0,0.494,3.6,53,5,1,17500.0,5,Group A,Male,0
APP105027,655,64500.0,0.387,1.2,44,5,1,18600.0,1,Group A,Female,0
APP105028,756,63000.0,0.398,1.1,40,5,2,20700.0,3,Group A,Male,0
APP105029,601,34100.0,0.275,2.0,41,2,0,10500.0,4,Group A,Female,1
APP105030,705,79000.0,0.051,5.1,58,6,0,7100.0,3,Group A,Male,1
APP105031,681,83800.0,0.404,7.9,42,5,0,19700.0,5,Group B,Male,0
APP105032,850,87500.0,0.428,5.3,41,5,2,31300.0,3,Group A,Female,1
APP105033,757,102300.0,0.367,11.0,33,6,3,20900.0,2,Group A,Female,1
APP105034,752,90900.0,0.44,11.2,21,9,0,5300.0,2,Group A,Female,0
APP105035,812,53500.0,0.28,0.1,54,9,0,44400.0,3,Group A,Female,0
APP105036,698,58600.0,0.397,0.0,41,4,0,6900.0,5,Group B,Male,1
APP105037,674,88100.0,0.502,1.3,30,3,0,1500.0,1,Group A,Male,0
APP105038,666,77400.0,0.413,5.8,66,5,0,33800.0,1,Group B,Female,0
APP105039,701,67600.0,0.488,13.3,46,8,1,10700.0,3,Group B,Female,1
APP105040,500,47000.0,0.488,7.1,39,7,1,13500.0,2,Group A,Female,0
APP105041,680,55300.0,0.206,6.7,53,6,0,28400.0,4,Group A,Male,0
APP105042,695,82000.0,0.419,12.1,45,5,1,33000.0,1,Group A,Female,1
APP105043,670,21200.0,0.27,0.5,45,5,0,16400.0,1,Group A,Male,1
APP105044,580,18000.0,0.218,1.4,34,6,1,24700.0,3,Group A,Female,0
APP105045,670,84600.0,0.309,10.3,49,9,2,34300.0,5,Group B,Female,0
APP105046,580,55200.0,0.533,1.8,52,3,1,7400.0,1,Group A,Female,1
APP105047,795,79200.0,0.28,,34,6,1,20600.0,3,Group B,Male,1
APP105048,663,105800.0,0.147,5.9,21,12,0,14500.0,2,Group A,Male,0
APP105049,546,43700.0,0.181,6.1,52,7,1,7100.0,3,Group B,Male,0
APP105050,667,27900.0,0.393,12.1,49,6,1,26400.0,2,Group A,Male,0
APP105051,738,61400.0,0.257,7.4,51,4,0,28800.0,1,Group A,Male,1
APP105052,691,51600.0,0.115,6.7,42,4,0,23800.0,3,Group A,Female,0
APP105053,621,67400.0,0.185,12.2,53,3,0,23200.0,2,Group A,Male,1
APP105054,636,80900.0,0.358,2.0,33,6,0,15500.0,3,Group B,Male,1
APP105055,661,75800.0,0.426,11.7,39,5,0,20900.0,1,Group A,Female,1
APP105056,651,69100.0,0.291,0.5,28,5,0,23000.0,4,Group A,Male,0
APP105057,598,93400.0,0.411,1.5,55,4,1,39100.0,5,Group A,Male,0
APP105058,676,84100.0,0.441,3.7,40,9,0,3500.0,2,Group A,Female,1
APP105059,593,63600.0,0.254,4.3,44,4,2,12500.0,2,Group A,Male,0
APP105060,742,83200.0,0.327,,46,7,1,16300.0,5,Group A,Male,0
APP105061,750,30900.0,0.274,6.2,38,6,0,22300.0,1,Group A,Female,0
APP105062,615,93500.0,0.399,4.0,51,5,0,31400.0,4,Group A,Male,1
APP105063,633,68500.0,0.273,10.3,61,4,0,27200.0,3,Group A,Male,1
APP105064,653,39200.0,0.207,0.4,53,7,1,15400.0,2,Group B,Male,1
APP105065,678,58000.0,0.346,11.1,21,5,0,23800.0,2,Group A,Male,0
APP105066,697,92900.0,0.462,0.5,42,9,1,17000.0,2,Group A,Female,0
APP105067,710,49600.0,0.396,1.6,43,5,0,20300.0,2,Group A,Male,0
APP105068,709,77900.0,0.451,11.4,56,5,1,27300.0,1,Group A,Male,1
APP105069,781,89100.0,0.441,2.0,34,0,0,1000.0,1,Group A,Male,1
APP105070,684,68600.0,0.345,5.0,29,3,1,15600.0,5,Group A,Female,1
APP105071,595,47200.0,0.274,0.8,51,3,0,9200.0,1,Group A,Male,0
APP105072,575,66500.0,0.244,16.0,41,5,0,10100.0,1,Group A,Female,1
APP105073,786,34200.0,0.165,1.2,34,5,0,12500.0,1,Group A,Male,1
APP105074,713,56300.0,0.471,1.0,38,5,0,1200.0,2,Group B,Female,1
APP105075,693,41400.0,0.304,1.3,24,6,0,29600.0,2,Group A,Male,0
APP105076,709,66900.0,0.152,14.0,43,10,0,41000.0,1,Group A,Male,1
APP105077,690,37500.0,0.476,0.3,37,10,0,19700.0,4,Group A,Female,0
APP105078,708,70000.0,0.35,3.0,47,7,0,32600.0,4,Group A,Male,0
APP105079,656,95200.0,0.446,14.5,39,6,0,12100.0,2,Group B,Female,0
APP105080,749,96700.0,0.311,1.9,41,2,0,30000.0,4,Group A,Female,1
APP105081,646,38100.0,0.253,10.9,36,5,1,13800.0,2,Group A,Female,1
APP105082,621,52000.0,0.389,0.4,38,7,0,12900.0,2,Group A,Male,1
APP105083,570,88500.0,0.398,1.4,27,5,0,19500.0,5,Group A,Female,0
APP105084,665,84900.0,0.309,1.4,53,4,0,34300.0,1,Group B,Male,1
APP105085,762,53200.0,0.484,10.9,40,12,0,28400.0,2,Group A,Female,1
APP105086,650,56300.0,0.444,5.5,21,12,1,31200.0,5,Group B,Female,0
APP105087,590,70000.0,0.402,9.5,22,4,0,5200.0,2,Group A,Female,0
APP105088,699,24000.0,0.218,4.0,53,4,0,8100.0,5,Group B,Female,0
APP105089,638,80600.0,0.202,4.9,40,9,0,13600.0,3,Group A,Female,1
APP105090,781,94000.0,0.472,5.5,41,6,1,31400.0,1,Group A,Female,1
APP105091,750,58700.0,0.099,3.6,41,7,0,24300.0,3,Group B,Male,1
APP105092,597,33900.0,0.33,10.9,47,8,1,2000.0,3,Group A,Female,0
APP105093,669,101900.0,0.356,6.3,59,4,0,15500.0,1,Group A,Male,1
APP105094,631,73300.0,0.286,8.6,46,8,0,12000.0,2,Group B,Male,1
APP105095,605,85000.0,0.336,0.3,45,5,1,16800.0,3,Group A,Female,0
APP105096,676,36300.0,0.386,0.1,34,7,0,38500.0,5,Group B,Male,0
APP105097,733,36400.0,0.275,4.1,22,9,1,16300.0,2,Group A,Female,0
APP105098,675,77900.0,0.437,8.1,47,14,0,14400.0,4,Group B,Male,1
APP105099,646,92700.0,0.404,1.3,48,6,1,7400.0,3,Group B,Male,0
APP105100,537,40900.0,0.32,0.4,54,2,1,25600.0,2,Group A,Female,0
APP105101,637,65600.0,0.249,5.4,62,7,1,16900.0,3,Group A,Male,0
APP105102,716,29900.0,0.33,6.1,27,8,0,10300.0,4,Group A,Female,1
APP105103,593,51200.0,0.572,0.1,34,8,1,23900.0,5,Group A,Female,0
APP105104,763,61800.0,0.257,3.5,49,6,0,14700.0,2,Group B,Female,1
APP105105,642,79700.0,0.508,1.2,41,9,0,16100.0,2,Group A,Male,0
APP105106,693,18000.0,0.147,1.2,58,9,4,8800.0,4,Group A,Female,0
APP105107,654,99700.0,0.245,12.0,39,10,0,1000.0,1,Group A,Male,0
APP105108,604,63900.0,0.28,8.7,65,7,1,25300.0,2,Group A,Male,0
APP105109,709,99100.0,0.444,6.1,42,5,0,21600.0,1,Group B,Male,0
APP105110,641,84800.0,0.346,0.2,61,5,0,20700.0,2,Group A,Male,0
APP105111,626,88500.0,0.484,0.9,21,4,0,16700.0,3,Group A,Male,0
APP105112,526,116500.0,0.303,1.2,47,6,0,12900.0,4,Group B,Male,0
APP105113,765,49200.0,0.334,3.2,41,6,0,18800.0,3,Group B,Male,0
APP105114,680,71300.0,0.304,14.8,21,7,1,24100.0,2,Group A,Female,1
APP105115,752,44200.0,0.563,4.9,41,8,2,21500.0,5,Group B,Male,1
APP105116,720,65500.0,0.217,6.0,26,7,0,11600.0,2,Group A,Male,1
APP105117,752,85300.0,0.284,0.1,35,5,0,26700.0,2,Group B,Male,0
APP105118,643,95100.0,0.232,1.8,45,5,0,18500.0,5,Group A,Male,0
APP105119,591,58800.0,0.403,12.0,40,6,0,18300.0,4,Group A,Female,1
APP105120,730,39100.0,0.214,19.1,45,4,0,13000.0,2,Group A,Female,0
APP105121,688,69800.0,0.54,0.8,43,6,0,13800.0,1,Group A,Female,1
APP105122,650,47500.0,0.349,2.8,69,7,0,19900.0,3,Group A,Female,1
APP105123,728,54100.0,0.385,1.6,44,3,0,6000.0,5,Group A,Male,0
APP105124,700,84100.0,0.391,4.9,42,4,1,14300.0,2,Group A,Female,1
APP105125,722,79700.0,0.338,2.3,46,5,1,13200.0,5,Group A,Male,1
APP105126,614,88000.0,0.353,2.4,41,4,0,16100.0,2,Group A,Male,0
APP105127,744,59900.0,0.349,5.7,22,5,0,20500.0,3,Group A,Male,1
APP105128,680,92200.0,0.397,2.1,49,7,0,5400.0,3,Group B,Male,0
APP105129,751,68300.0,0.25,3.1,56,3,0,33200.0,3,Group B,Female,1
APP105130,743,61200.0,0.231,0.6,60,6,1,17700.0,5,Group A,Male,0
APP105131,725,41600.0,0.43,1.9,49,6,0,23200.0,1,Group A,Male,1
APP105132,673,18000.0,0.34,10.9,38,8,0,26500.0,5,Group A,Male,0
APP105133,726,30500.0,0.119,0.1,44,4,0,34500.0,1,Group A,Female,1
APP105134,752,73200.0,0.288,14.3,62,1,2,19500.0,4,Group B,Female,1
APP105135,719,46200.0,0.508,3.5,38,3,1,9900.0,5,Group A,Female,1
APP105136,693,28500.0,0.322,,27,4,0,6700.0,3,Group A,Female,0
APP105137,726,57900.0,0.282,2.9,68,7,0,22100.0,1,Group A,Female,1
APP105138,646,74700.0,0.176,6.1,29,3,0,14900.0,3,Group A,Male,1
APP105139,778,78000.0,0.278,7.4,22,3,0,32700.0,2,Group B,Male,1
APP105140,571,67300.0,0.212,0.3,45,5,0,11600.0,4,Group A,Male,0
APP105141,682,66500.0,0.387,14.9,46,8,0,9000.0,1,Group A,Male,0
APP105142,654,55100.0,0.345,0.9,46,8,1,8400.0,2,Group A,Female,0
APP105143,638,83200.0,0.3,0.1,52,5,0,39100.0,3,Group B,Male,0
APP105144,700,63800.0,0.256,1.1,39,11,0,32400.0,3,Group A,Male,0
APP105145,607,66200.0,0.508,0.1,39,6,0,8900.0,2,Group B,Female,0
APP105146,820,92900.0,0.262,3.0,34,6,0,15000.0,3,Group B,Male,1
APP105147,592,87000.0,0.263,12.3,43,4,0,14500.0,2,Group A,Male,1
APP105148,618,63600.0,0.313,15.1,48,9,0,2200.0,4,Group B,Male,1
APP105149,612,60200.0,0.329,3.6,52,8,0,17000.0,1,Group A,Female,0
APP105150,693,60000.0,0.393,19.1,30,11,0,24000.0,4,Group A,Male,0
APP105151,746,19500.0,0.442,5.0,26,7,0,18700.0,1,Group A,Male,0
APP105152,714,94300.0,0.434,0.2,52,5,0,15700.0,3,Group A,Male,1
APP105153,776,51600.0,0.607,4.7,35,6,0,14500.0,2,Group A,Female,0
APP105154,626,88500.0,0.154,4.6,29,6,1,14300.0,5,Group A,Male,0
APP105155,723,69000.0,0.365,5.9,21,6,1,19800.0,2,Group A,Male,1
APP105156,660,101400.0,0.283,0.2,58,5,0,31000.0,2,Group A,Female,1
APP105157,695,80700.0,0.561,0.1,44,6,0,14700.0,5,Group A,Female,0
APP105158,752,89900.0,0.359,6.9,48,4,1,11200.0,5,Group A,Male,1
APP105159,570,53800.0,0.117,11.7,46,4,0,9900.0,3,Group A,Male,0
APP105160,809,37200.0,0.388,1.8,44,5,0,35000.0,3,Group B,Male,0
APP105161,671,71500.0,0.369,0.1,41,4,0,34700.0,3,Group B,Female,1
APP105162,576,22000.0,0.423,2.3,40,5,1,17600.0,2,Group A,Male,0
APP105163,635,56800.0,0.26,4.0,29,8,1,19100.0,1,Group A,Female,0
APP105164,687,39500.0,0.376,0.8,21,11,2,15800.0,3,Group A,Female,0
APP105165,635,47800.0,0.31,14.6,68,7,0,8000.0,3,Group B,Female,1
APP105166,547,82300.0,0.266,2.6,41,4,0,17800.0,1,Group A,Male,0
APP105167,686,80700.0,0.378,2.7,36,4,1,4800.0,4,Group B,Female,0
APP105168,633,64100.0,0.357,3.2,31,8,0,10800.0,3,Group A,Female,0
APP105169,722,75700.0,0.456,1.9,54,8,0,13600.0,1,Group A,Female,1
APP105170,611,55000.0,0.343,3.7,43,5,0,27700.0,3,Group B,Male,0
APP105171,827,126200.0,0.406,6.4,31,7,0,18600.0,3,Group A,Female,1
APP105172,713,75200.0,0.207,0.9,37,8,0,9200.0,5,Group B,Female,1
APP105173,693,53800.0,0.493,10.4,45,8,0,27900.0,1,Group A,Female,1
APP105174,721,89000.0,0.255,4.0,36,8,0,16900.0,2,Group A,Female,0
APP105175,562,97800.0,0.439,9.2,51,3,1,9100.0,2,Group A,Male,1
APP105176,648,49400.0,0.369,6.1,66,6,0,23600.0,3,Group A,Male,1
APP105177,796,34000.0,0.355,1.8,36,4,0,19500.0,3,Group A,Female,0
APP105178,659,38700.0,0.424,2.6,38,9,0,1000.0,4,Group A,Female,0
APP105179,676,51900.0,0.105,2.0,31,5,0,19400.0,1,Group A,Female,0
APP105180,650,66700.0,0.277,1.0,39,9,0,11800.0,3,Group A,Male,0
APP105181,775,28900.0,0.422,10.3,21,5,1,10600.0,2,Group A,Male,1
APP105182,664,58000.0,0.551,0.4,54,6,0,15100.0,4,Group A,Female,0
APP105183,599,63000.0,0.337,18.4,25,7,0,1500.0,1,Group A,Female,0
APP105184,848,75800.0,0.072,16.4,31,7,0,15800.0,3,Group A,Male,1
APP105185,591,82700.0,0.305,11.0,42,13,0,20400.0,3,Group B,Male,1
APP105186,674,77600.0,0.333,0.5,58,8,0,10500.0,2,Group A,Female,0
APP105187,625,111000.0,0.462,4.8,31,9,0,15300.0,5,Group A,Male,0
APP105188,634,94300.0,0.345,0.7,39,8,0,18400.0,4,Group B,Male,1
APP105189,611,73300.0,0.2,1.0,45,6,0,22200.0,1,Group A,Male,0
APP105190,645,44700.0,0.446,1.0,33,5,0,23500.0,3,Group A,Male,0
APP105191,744,51800.0,0.403,5.9,40,6,0,12400.0,3,Group B,Male,1
APP105192,556,33700.0,0.263,0.1,22,5,0,15500.0,1,Group A,Female,0
APP105193,762,71700.0,0.419,1.9,35,8,0,4100.0,2,Group A,Female,0
APP105194,751,76000.0,0.28,0.2,56,5,0,12100.0,3,Group B,Female,0
APP105195,713,89400.0,0.307,2.0,51,2,0,29800.0,1,Group B,Female,0
APP105196,688,74400.0,0.282,1.5,36,7,1,9100.0,3,Group A,Male,1
APP105197,698,93300.0,0.306,3.3,29,4,1,28500.0,1,Group A,Male,0
APP105198,773,93800.0,0.44,8.6,38,6,0,7900.0,5,Group B,Male,1
APP105199,567,43300.0,0.144,3.7,23,9,0,24300.0,4,Group A,Male,1
APP105200,727,55600.0,0.461,6.3,39,6,0,20100.0,4,Group A,Female,1
APP105201,631,67700.0,0.359,3.4,36,7,0,32900.0,1,Group A,Male,1
APP105202,734,51100.0,0.297,3.6,36,5,0,1000.0,3,Group A,Female,1
APP105203,640,62200.0,0.342,2.0,39,8,0,10800.0,1,Group A,Male,1
APP105204,726,75200.0,0.24,5.2,47,8,1,33000.0,1,Group A,Male,0
APP105205,579,65000.0,0.161,3.3,29,3,1,18900.0,4,Group A,Male,0
APP105206,570,68000.0,0.243,0.0,52,6,1,22900.0,4,Group A,Male,0
APP105207,673,45400.0,0.131,0.5,55,5,0,10400.0,5,Group B,Female,1
APP105208,773,80200.0,0.191,0.4,67,7,0,8300.0,4,Group A,Female,1
APP105209,715,78400.0,0.161,1.0,45,8,1,28800.0,3,Group A,Male,0
APP105210,714,49700.0,0.475,9.2,59,3,0,17500.0,4,Group A,Female,1
APP105211,736,37000.0,0.199,5.3,53,6,0,47200.0,4,Group A,Female,0
APP105212,654,97500.0,0.335,7.6,43,10,1,19300.0,4,Group B,Male,0
APP105213,720,110000.0,0.463,11.6,26,5,0,25000.0,3,Group B,Male,1
APP105214,642,73600.0,0.434,14.3,52,5,0,27500.0,1,Group A,Male,1
APP105215,660,59300.0,0.308,3.4,44,7,0,22400.0,2,Group A,Male,0
APP105216,668,93100.0,0.308,3.2,62,2,0,25300.0,2,Group A,Female,1
APP105217,645,79300.0,0.36,0.5,50,5,1,29900.0,4,Group A,Male,0
APP105218,676,62900.0,0.572,4.4,54,7,0,17700.0,1,Group A,Female,0
APP105219,663,91200.0,0.385,2.5,34,10,1,12900.0,2,Group A,Female,1
APP105220,634,48600.0,0.414,0.4,44,8,0,26900.0,4,Group A,Male,0
APP105221,671,51400.0,0.589,7.0,21,8,0,32600.0,2,Group A,Female,0
APP105222,690,76700.0,0.371,0.5,48,7,0,11600.0,1,Group A,Male,0
APP105223,609,70700.0,0.466,15.6,56,4,0,33200.0,1,Group A,Male,0
APP105224,707,83300.0,0.393,0.8,58,5,0,7600.0,3,Group A,Male,0
APP105225,648,96600.0,0.391,5.1,37,7,0,18500.0,2,Group A,Male,0
APP105226,693,30700.0,0.234,1.0,21,2,0,4300.0,2,Group A,Male,0
APP105227,637,68900.0,0.216,5.8,35,4,0,1300.0,2,Group A,Female,0
APP105228,748,113600.0,0.284,12.0,40,8,0,15900.0,5,Group A,Female,1
APP105229,742,53700.0,0.437,7.1,46,12,1,22500.0,4,Group A,Female,0
APP105230,612,50800.0,0.432,2.0,21,2,0,17000.0,2,Group B,Male,0
APP105231,714,18000.0,0.487,3.5,40,7,0,34800.0,4,Group B,Female,0
APP105232,774,70400.0,0.339,0.3,29,5,0,7100.0,4,Group A,Male,1
APP105233,618,81900.0,0.399,0.3,58,8,0,18000.0,3,Group A,Female,0
APP105234,624,81900.0,0.4,3.2,21,4,0,11500.0,5,Group B,Female,0
APP105235,728,43100.0,0.328,3.6,53,6,1,14100.0,1,Group A,Female,1
APP105236,595,67800.0,0.305,1.2,39,3,0,12200.0,3,Group A,Male,0
APP105237,629,73300.0,0.177,1.8,21,4,0,14200.0,2,Group A,Female,0
APP105238,614,69300.0,0.323,0.1,61,7,3,16700.0,2,Group A,Female,0
APP105239,729,41700.0,0.329,2.1,57,2,0,6600.0,1,Group A,Male,1
APP105240,635,69900.0,0.465,13.0,56,4,0,27300.0,1,Group A,Female,0
APP105241,662,48500.0,0.476,2.4,42,8,1,28900.0,3,Group A,Male,0
APP105242,631,23100.0,0.356,1.8,33,9,1,19100.0,1,Group A,Male,1
APP105243,755,84400.0,0.567,4.5,42,3,0,16300.0,3,Group A,Female,1
APP105244,624,71400.0,0.361,3.4,48,9,0,15500.0,4,Group A,Female,1
APP105245,589,82200.0,0.454,0.6,34,11,0,26600.0,2,Group A,Male,0
APP105246,586,55200.0,0.329,1.2,31,7,0,8900.0,1,Group A,Male,0
APP105247,725,83000.0,0.215,1.1,47,5,0,22900.0,1,Group A,Male,0
APP105248,730,92500.0,0.293,3.4,43,4,0,14600.0,2,Group A,Male,1
APP105249,761,110100.0,0.502,0.6,52,4,1,13900.0,5,Group B,Female,1
APP105250,598,87500.0,0.311,2.3,59,6,0,16800.0,3,Group A,Male,0
APP105251,665,77200.0,0.289,1.9,51,4,0,19400.0,4,Group A,Female,0
APP105252,838,34900.0,0.34,7.1,27,7,1,5100.0,5,Group A,Male,1
APP105253,660,65400.0,0.297,0.7,41,6,1,9400.0,4,Group B,Male,0
APP105254,643,33900.0,0.471,11.1,46,4,0,12300.0,2,Group B,Male,1
APP105255,679,48300.0,0.547,7.1,51,4,0,20400.0,4,Group B,Male,1
APP105256,714,114900.0,0.341,3.2,51,2,0,1500.0,2,Group A,Male,1
APP105257,713,43400.0,0.399,9.5,40,4,0,26300.0,2,Group A,Male,1
APP105258,640,18000.0,0.447,10.4,35,8,0,31800.0,2,Group A,Male,0
APP105259,642,87500.0,0.352,7.0,53,6,1,10600.0,3,Group A,Male,0
APP105260,661,51800.0,0.243,,46,7,3,18100.0,3,Group A,Female,1
APP105261,633,86400.0,0.295,1.8,44,4,0,26900.0,2,Group A,Female,0
APP105262,600,39900.0,0.385,7.9,33,2,0,17200.0,1,Group A,Female,0
APP105263,798,57800.0,0.383,1.5,66,7,0,15300.0,3,Group B,Male,1
APP105264,654,96700.0,0.143,0.5,44,5,1,26000.0,3,Group A,Male,1
APP105265,657,36300.0,0.292,0.1,40,8,0,29200.0,3,Group A,Male,0
APP105266,659,63900.0,0.259,0.6,44,7,0,12900.0,1,Group A,Female,0
APP105267,675,75000.0,0.437,2.8,39,4,0,12500.0,4,Group B,Female,1
APP105268,708,50700.0,0.263,0.1,26,8,0,22200.0,3,Group B,Male,1
APP105269,650,73800.0,0.289,0.6,45,4,0,12300.0,3,Group A,Male,0
APP105270,754,68400.0,0.285,2.5,24,5,0,8800.0,1,Group B,Male,1
APP105271,719,80800.0,0.427,3.5,42,6,1,12600.0,5,Group B,Male,0
APP105272,668,112200.0,0.447,2.0,22,9,1,8900.0,5,Group B,Female,0
APP105273,637,132200.0,0.394,2.2,21,3,0,6300.0,5,Group B,Male,0
APP105274,751,79100.0,0.462,3.7,48,3,0,32400.0,1,Group A,Male,0
APP105275,669,65400.0,0.476,1.6,28,12,0,6200.0,2,Group B,Male,0
APP105276,599,78600.0,0.141,4.1,46,11,0,18400.0,5,Group A,Male,1
APP105277,746,62400.0,0.405,9.5,43,7,2,1100.0,4,Group B,Male,0
APP105278,633,29900.0,0.299,0.8,43,3,0,32200.0,2,Group A,Male,0
APP105279,736,66900.0,0.202,0.5,33,8,0,18500.0,2,Group B,Male,1
APP105280,517,94000.0,0.305,5.5,39,4,1,31500.0,4,Group B,Male,0
APP105281,656,32800.0,0.42,2.1,33,5,0,10800.0,5,Group A,Female,0
APP105282,755,44400.0,0.5,1.8,52,4,0,39500.0,4,Group B,Male,0
APP105283,680,54000.0,0.192,2.2,35,7,0,7400.0,1,Group A,Male,0
APP105284,719,76900.0,0.408,6.5,38,5,0,23000.0,4,Group A,Female,1
APP105285,621,125000.0,0.556,2.0,50,7,1,1000.0,1,Group A,Male,0
APP105286,703,48600.0,0.541,9.2,34,5,0,13900.0,1,Group B,Female,0
APP105287,680,70200.0,0.02,3.5,21,2,1,17400.0,3,Group A,Female,1
APP105288,696,68100.0,0.58,0.7,28,6,0,18000.0,2,Group A,Male,1
APP105289,813,60800.0,0.446,4.2,54,5,1,13600.0,2,Group A,Male,1
APP105290,765,66900.0,0.086,1.4,42,4,0,21700.0,3,Group A,Female,1
APP105291,731,56800.0,0.256,6.2,45,4,0,13300.0,1,Group A,Male,0
APP105292,732,133800.0,0.478,2.1,45,7,0,31000.0,5,Group B,Male,1
APP105293,621,86000.0,0.38,1.8,62,3,0,22300.0,1,Group A,Female,1
APP105294,649,57100.0,0.277,5.8,21,3,0,6000.0,1,Group B,Male,1
APP105295,580,96400.0,0.347,1.1,39,8,0,21600.0,5,Group A,Female,0
APP105296,597,74200.0,0.4,1.0,41,7,0,17500.0,3,Group B,Female,1
APP105297,622,69400.0,0.276,2.9,41,6,0,1000.0,2,Group A,Female,0
APP105298,678,63600.0,0.326,1.2,51,6,1,31700.0,1,Group A,Female,0
APP105299,600,62000.0,0.439,2.9,51,7,0,8800.0,1,Group A,Female,0
APP105300,677,38700.0,0.263,11.2,38,8,2,19000.0,1,Group A,Male,1
APP105301,670,27800.0,0.191,2.3,21,4,0,21400.0,2,Group A,Female,0
APP105302,606,76900.0,0.27,5.0,71,3,0,18200.0,2,Group B,Female,1
APP105303,779,63400.0,0.242,5.4,41,2,0,25000.0,2,Group A,Female,0
APP105304,594,89100.0,0.273,1.0,42,4,0,25800.0,4,Group A,Female,1
APP105305,753,46600.0,0.15,0.0,56,5,1,19700.0,5,Group A,Female,1
APP105306,533,41600.0,0.366,1.6,36,4,0,9400.0,4,Group B,Male,0
APP105307,671,86600.0,0.435,3.9,57,8,0,18900.0,5,Group A,Female,0
APP105308,602,60900.0,0.251,2.5,37,5,0,28600.0,4,Group A,Male,0
APP105309,637,88500.0,0.268,2.1,63,8,0,16800.0,5,Group A,Male,0
APP105310,798,68800.0,0.319,0.9,46,4,0,4800.0,3,Group A,Male,1
APP105311,657,113100.0,0.24,2.5,33,5,1,28300.0,1,Group A,Female,1
APP105312,608,86100.0,0.448,6.7,67,5,1,13800.0,1,Group A,Female,0
APP105313,712,77800.0,0.242,1.8,48,9,1,25900.0,4,Group A,Male,1
APP105314,657,87200.0,0.282,13.6,34,6,1,13000.0,2,Group A,Male,1
APP105315,690,61500.0,0.256,4.8,24,11,1,22600.0,4,Group A,Male,0
APP105316,621,28600.0,0.451,0.9,49,6,0,15600.0,3,Group A,Male,0
APP105317,624,76700.0,0.315,3.7,58,6,1,12400.0,4,Group B,Male,0
APP105318,629,114600.0,0.559,13.4,46,7,0,22400.0,2,Group A,Female,1
APP105319,732,18000.0,0.379,0.4,45,4,1,10900.0,5,Group A,Male,1
APP105320,665,79300.0,0.467,4.2,60,8,0,2300.0,1,Group A,Male,0
APP105321,612,31200.0,0.304,5.5,48,3,0,24500.0,3,Group A,Male,0
APP105322,691,67400.0,0.236,0.8,33,7,1,12800.0,1,Group B,Male,1
APP105323,685,69900.0,0.336,10.3,34,8,0,20500.0,1,Group A,Female,0
APP105324,717,85900.0,0.265,0.0,48,3,0,20200.0,1,Group A,Male,1
APP105325,649,73000.0,0.12,14.8,47,9,0,24100.0,2,Group A,Male,0
APP105326,675,101000.0,0.451,6.3,54,8,1,26100.0,4,Group A,Female,0
APP105327,707,96000.0,0.344,4.3,45,7,0,22400.0,2,Group B,Male,1
APP105328,614,63300.0,0.263,0.3,49,3,0,23600.0,1,Group A,Female,0
APP105329,738,94300.0,0.381,1.5,45,6,0,26200.0,1,Group A,Female,1
APP105330,681,60500.0,0.345,5.3,53,9,2,13100.0,2,Group B,Female,1
APP105331,608,56400.0,0.495,2.7,50,7,0,12400.0,5,Group B,Female,1
APP105332,608,39100.0,0.388,0.6,38,9,2,23400.0,1,Group A,Male,1
APP105333,674,99500.0,0.323,5.2,39,6,0,2700.0,4,Group A,Male,1
APP105334,644,60800.0,0.416,0.9,45,8,0,6600.0,1,Group A,Male,0
APP105335,729,18000.0,0.336,,42,8,1,3000.0,3,Group B,Male,0
APP105336,661,81000.0,0.36,9.0,57,7,0,28000.0,5,Group B,Male,1
APP105337,700,57600.0,0.475,3.1,44,8,0,27800.0,3,Group A,Male,0
APP105338,625,60800.0,0.211,0.9,24,7,1,25400.0,5,Group B,Male,0
APP105339,679,62400.0,0.245,3.6,27,8,0,18400.0,1,Group A,Male,1
APP105340,766,59900.0,0.294,9.5,38,10,1,13900.0,3,Group A,Female,1
APP105341,670,133500.0,0.31,0.1,50,13,0,15900.0,2,Group A,Male,1
APP105342,644,107900.0,0.467,0.6,32,5,0,21400.0,4,Group B,Male,1
APP105343,624,84800.0,0.184,5.5,49,9,2,24200.0,3,Group A,Male,1
APP105344,679,73800.0,0.337,6.2,32,7,0,8000.0,1,Group A,Female,0
APP105345,772,95100.0,0.279,7.6,43,3,0,24400.0,1,Group A,Male,1
APP105346,591,73800.0,0.527,1.6,46,4,1,27700.0,2,Group B,Female,0
APP105347,677,87600.0,0.437,12.9,27,4,0,25300.0,5,Group B,Male,0
APP105348,569,81400.0,0.366,5.3,46,3,0,4600.0,1,Group A,Male,1
APP105349,653,71100.0,0.447,0.6,60,5,0,24700.0,1,Group A,Female,0
APP105350,697,90600.0,0.195,0.7,39,6,0,17300.0,4,Group B,Male,0
APP105351,577,57900.0,0.563,4.3,42,4,0,32000.0,2,Group B,Male,0
APP105352,651,69400.0,0.247,1.2,44,8,0,16800.0,2,Group A,Male,1
APP105353,699,44500.0,0.478,17.0,42,10,0,27900.0,1,Group A,Male,1
APP105354,689,47300.0,0.401,9.6,41,5,0,31200.0,5,Group B,Male,1
APP105355,702,18000.0,0.369,5.2,40,7,0,25300.0,1,Group B,Male,1
APP105356,617,79000.0,0.474,1.8,22,4,0,13100.0,3,Group A,Male,0
APP105357,699,85600.0,0.45,1.2,46,2,0,22300.0,2,Group A,Female,1
APP105358,641,94100.0,0.352,14.2,28,5,0,10800.0,3,Group A,Male,1
APP105359,726,41500.0,0.294,1.6,46,4,0,13000.0,3,Group B,Male,1
APP105360,530,78600.0,0.354,5.0,49,8,1,28500.0,5,Group A,Female,0
APP105361,661,68000.0,0.329,5.4,46,5,0,18400.0,1,Group A,Male,1
APP105362,686,85700.0,0.379,3.7,30,5,0,16700.0,1,Group A,Female,1
APP105363,768,52400.0,0.452,2.5,45,1,2,32900.0,5,Group B,Male,0
APP105364,686,59900.0,0.392,0.6,38,4,0,30600.0,4,Group B,Female,0
APP105365,692,30700.0,0.36,10.6,34,4,0,8300.0,5,Group B,Female,1
APP105366,704,50800.0,0.268,1.2,66,8,1,19000.0,4,Group A,Male,0
APP105367,761,68100.0,0.376,9.6,30,9,2,14500.0,3,Group B,Female,1
APP105368,655,72200.0,0.153,6.0,47,8,0,15800.0,5,Group B,Female,0
APP105369,589,27500.0,0.252,4.2,59,4,0,27500.0,1,Group A,Female,0
APP105370,576,55700.0,0.407,5.7,46,5,1,24100.0,2,Group A,Male,0
APP105371,723,71800.0,0.437,10.2,34,4,0,3800.0,4,Group B,Male,0
APP105372,695,101800.0,0.338,11.3,34,8,0,28200.0,3,Group A,Male,1
APP105373,663,47700.0,0.362,2.7,24,9,0,13900.0,2,Group A,Female,0
APP105374,642,79800.0,0.381,13.1,42,12,0,22000.0,2,Group A,Male,1
APP105375,692,54500.0,0.415,6.0,43,2,0,24200.0,4,Group B,Male,0
APP105376,694,57300.0,0.318,3.8,38,3,0,24800.0,5,Group A,Female,0
APP105377,711,46900.0,0.232,9.0,58,8,0,12900.0,3,Group B,Male,1
APP105378,608,42900.0,0.383,0.7,41,6,1,22000.0,3,Group A,Female,0
APP105379,565,56600.0,0.555,11.3,22,6,0,25700.0,4,Group B,Male,1
APP105380,621,93200.0,0.239,0.9,59,2,1,16900.0,4,Group A,Female,0
APP105381,592,49900.0,0.326,12.7,27,5,0,13900.0,5,Group B,Male,0
APP105382,589,46100.0,0.298,2.3,48,7,0,9000.0,3,Group B,Male,0
APP105383,782,73000.0,0.605,1.6,49,8,1,34300.0,4,Group A,Female,0
APP105384,533,68100.0,0.234,1.7,41,4,0,7300.0,1,Group A,Male,0
APP105385,711,66400.0,0.322,3.0,53,5,1,9700.0,1,Group B,Male,0
APP105386,739,74100.0,0.3,1.8,42,7,1,20100.0,3,Group A,Male,1
APP105387,744,43800.0,0.202,19.7,37,4,0,9100.0,3,Group A,Female,1
APP105388,698,46400.0,0.196,27.0,21,6,0,34200.0,3,Group A,Male,0
APP105389,766,91700.0,0.403,1.0,21,9,0,7100.0,5,Group B,Male,1
APP105390,796,64500.0,0.418,5.4,75,7,0,19700.0,2,Group A,Male,1
APP105391,660,82300.0,0.278,7.8,50,6,1,26400.0,2,Group A,Male,0
APP105392,709,97400.0,0.495,3.3,57,6,0,7200.0,5,Group B,Female,1
APP105393,763,88300.0,0.092,7.0,72,6,0,10800.0,1,Group A,Male,1
APP105394,624,35100.0,0.202,5.5,37,8,1,19100.0,3,Group A,Female,0
APP105395,664,65200.0,0.249,,40,7,0,12100.0,4,Group A,Female,0
APP105396,639,93000.0,0.339,7.5,22,4,0,21800.0,1,Group A,Female,1
APP105397,710,80500.0,0.29,3.8,38,11,0,16100.0,4,Group A,Female,1
APP105398,557,72400.0,0.318,1.7,38,0,2,19000.0,3,Group B,Male,0
APP105399,773,28700.0,0.393,1.6,37,8,0,24200.0,1,Group A,Female,0
APP105400,715,53200.0,0.5,0.2,54,2,0,10200.0,3,Group B,Female,1
APP105401,718,69700.0,0.428,9.3,50,5,0,18100.0,3,Group A,Female,1
APP105402,526,33800.0,0.346,5.8,53,4,0,16000.0,2,Group A,Male,0
APP105403,612,87000.0,0.331,2.8,27,8,0,9900.0,1,Group A,Male,0
APP105404,777,65200.0,0.461,5.4,42,4,0,25300.0,2,Group A,Female,1
APP105405,668,20500.0,0.547,5.8,46,2,0,3100.0,3,Group B,Male,1
APP105406,568,54400.0,0.41,1.3,64,6,0,5800.0,1,Group A,Female,1
APP105407,694,61100.0,0.286,5.4,43,7,0,24200.0,2,Group A,Male,1
APP105408,724,64900.0,0.369,12.4,40,4,0,5300.0,5,Group A,Male,1
APP105409,715,102100.0,0.404,16.8,55,11,1,33400.0,5,Group B,Male,1
APP105410,670,81900.0,0.279,1.7,38,6,1,4800.0,3,Group A,Male,0
APP105411,754,35200.0,0.435,4.9,47,5,0,31700.0,4,Group B,Male,1
APP105412,634,32300.0,0.369,5.0,47,6,0,26200.0,1,Group A,Female,1
APP105413,715,61600.0,0.468,0.7,35,5,1,3600.0,1,Group A,Female,1
APP105414,689,71000.0,0.233,11.9,33,7,0,18300.0,5,Group B,Female,0
APP105415,671,91800.0,0.148,2.8,41,4,0,5300.0,2,Group A,Female,1
APP105416,655,109500.0,0.297,3.6,36,6,0,10600.0,1,Group A,Female,1
APP105417,658,110800.0,0.343,2.2,23,7,1,13800.0,4,Group B,Male,0
APP105418,682,57400.0,0.142,0.9,50,4,1,1000.0,1,Group A,Female,0
APP105419,661,90400.0,0.273,5.0,48,3,0,11500.0,2,Group A,Female,1
APP105420,728,78200.0,0.481,4.5,32,8,1,15800.0,3,Group A,Female,0
APP105421,645,41800.0,0.399,9.0,31,5,0,15900.0,3,Group A,Male,0
APP105422,782,22700.0,0.355,7.5,47,5,0,5200.0,4,Group B,Female,1
APP105423,642,71500.0,0.224,16.4,62,9,1,13600.0,1,Group A,Male,1
APP105424,740,32100.0,0.478,16.6,53,8,0,19600.0,5,Group B,Male,0
APP105425,743,47600.0,0.294,2.2,55,3,0,24500.0,5,Group A,Female,1
APP105426,691,51600.0,0.35,6.1,37,9,0,40500.0,2,Group B,Female,0
APP105427,685,73300.0,0.385,3.0,46,11,0,28000.0,1,Group B,Male,0
APP105428,633,98700.0,0.359,5.5,39,6,0,9600.0,3,Group B,Male,1
APP105429,646,68300.0,0.504,11.8,32,5,1,13100.0,2,Group A,Female,0
APP105430,694,55100.0,0.403,3.3,43,3,0,21300.0,1,Group A,Male,1
APP105431,677,18400.0,0.377,9.9,31,7,0,29400.0,1,Group A,Male,1
APP105432,757,79000.0,0.33,,32,7,0,33700.0,1,Group A,Female,0
APP105433,650,68700.0,0.388,1.8,36,5,0,2400.0,2,Group A,Female,0
APP105434,654,54800.0,0.317,0.1,37,0,0,26900.0,4,Group B,Male,0
APP105435,572,96000.0,0.361,11.2,41,3,0,6400.0,4,Group A,Female,0
APP105436,722,39400.0,0.302,6.4,21,9,0,15400.0,1,Group B,Male,1
APP105437,716,51600.0,0.285,1.7,30,7,0,26800.0,2,Group A,Male,1
APP105438,744,62100.0,0.239,3.2,60,5,1,10500.0,4,Group B,Female,1
APP105439,747,54500.0,0.31,0.6,41,4,0,13700.0,4,Group A,Female,1
APP105440,731,81200.0,0.303,8.8,48,10,0,35300.0,1,Group A,Male,1
APP105441,734,79100.0,0.541,9.0,46,4,0,32500.0,3,Group B,Male,1
APP105442,720,93200.0,0.449,3.6,40,3,0,22100.0,5,Group B,Male,1
APP105443,730,80100.0,0.325,0.6,30,4,1,1300.0,3,Group B,Male,1
APP105444,560,65200.0,0.293,5.8,34,12,1,3200.0,2,Group B,Male,1
APP105445,609,59800.0,0.408,4.2,65,6,0,19200.0,2,Group A,Male,0
APP105446,598,78900.0,0.554,3.0,35,11,1,22200.0,3,Group B,Female,1
APP105447,763,63400.0,0.428,0.9,62,15,0,20300.0,2,Group A,Male,1
APP105448,629,69100.0,0.151,0.3,36,7,0,8700.0,3,Group A,Female,1
APP105449,640,80200.0,0.435,5.4,37,4,0,17500.0,2,Group A,Female,0
APP105450,680,71300.0,0.454,2.1,42,8,1,27300.0,2,Group A,Female,1
APP105451,599,75400.0,0.582,3.0,39,9,0,16500.0,1,Group A,Female,0
APP105452,705,49000.0,0.313,2.0,30,5,0,9800.0,1,Group B,Male,0
APP105453,542,100400.0,0.355,2.3,41,3,1,18700.0,1,Group A,Male,0
APP105454,603,41400.0,0.39,21.3,23,7,0,22300.0,2,Group B,Female,1
APP105455,693,78500.0,0.256,1.3,45,5,0,14700.0,5,Group A,Male,1
APP105456,599,56300.0,0.246,8.0,44,5,0,20700.0,3,Group A,Male,1
APP105457,764,94000.0,0.384,2.9,50,11,0,16400.0,3,Group A,Male,0
APP105458,683,89200.0,0.17,6.4,35,6,0,5000.0,3,Group A,Female,1
APP105459,754,68000.0,0.195,1.1,50,7,1,15000.0,1,Group A,Male,1
APP105460,703,105300.0,0.43,2.9,46,5,0,27100.0,3,Group B,Male,1
APP105461,679,63500.0,0.395,0.6,43,8,0,14500.0,1,Group A,Male,0
APP105462,615,89200.0,0.477,4.6,65,5,0,36200.0,5,Group A,Female,1
APP105463,740,50600.0,0.391,0.2,47,6,0,1200.0,4,Group B,Male,0
APP105464,709,77700.0,0.341,1.4,35,8,1,21800.0,3,Group A,Female,1
APP105465,816,45600.0,0.482,9.1,59,7,0,23300.0,5,Group B,Female,1
APP105466,734,68500.0,0.293,3.4,47,6,0,8000.0,3,Group B,Male,0
APP105467,654,66800.0,0.303,6.6,62,9,1,17500.0,2,Group A,Male,0
APP105468,699,89100.0,0.333,2.6,21,9,0,1000.0,4,Group A,Female,0
APP105469,707,51900.0,0.39,4.0,37,6,1,18500.0,1,Group A,Female,1
APP105470,756,141800.0,0.333,14.4,37,4,0,14000.0,5,Group A,Male,1
APP105471,766,34800.0,0.177,1.0,21,1,0,21200.0,2,Group A,Male,1
APP105472,669,73600.0,0.311,1.3,43,6,0,23200.0,5,Group B,Male,1
APP105473,601,74900.0,0.337,1.0,37,5,0,16200.0,3,Group A,Male,0
APP105474,560,80900.0,0.353,0.1,21,4,0,7600.0,2,Group B,Male,0
APP105475,606,55600.0,0.291,0.5,32,4,0,5800.0,3,Group A,Male,0
APP105476,642,73800.0,0.396,0.0,58,3,0,7800.0,3,Group A,Male,1
APP105477,778,54500.0,0.163,0.7,52,8,0,20700.0,3,Group A,Female,1
APP105478,779,113000.0,0.386,19.5,32,7,0,20500.0,3,Group A,Female,1
APP105479,742,52800.0,0.537,2.4,32,5,2,1000.0,5,Group B,Female,1
APP105480,760,64400.0,0.273,5.4,51,7,0,34400.0,2,Group A,Female,0
APP105481,634,52100.0,0.346,8.4,21,7,1,20700.0,1,Group A,Female,0
APP105482,582,48800.0,0.313,10.9,48,6,0,13500.0,1,Group A,Male,0
APP105483,615,34400.0,0.315,3.2,21,5,0,11200.0,3,Group A,Female,0
APP105484,548,84100.0,0.227,3.4,61,7,0,14000.0,3,Group B,Male,0
APP105485,608,51900.0,0.559,2.1,49,14,1,28700.0,4,Group B,Male,0
APP105486,647,48900.0,0.382,4.4,21,2,0,25200.0,2,Group B,Female,0
APP105487,691,44900.0,0.266,0.8,36,4,0,17000.0,1,Group A,Female,1
APP105488,689,75300.0,0.254,1.0,45,2,1,27100.0,3,Group A,Male,0
APP105489,635,68500.0,0.347,4.0,21,6,0,25000.0,2,Group B,Female,1
APP105490,717,68600.0,0.102,6.8,40,10,1,16200.0,3,Group A,Male,1
APP105491,636,49700.0,0.456,2.4,47,6,0,27800.0,3,Group A,Male,0
APP105492,681,78400.0,0.283,8.4,21,5,0,29500.0,4,Group A,Male,1
APP105493,608,52100.0,0.383,8.8,50,5,0,28500.0,1,Group A,Male,0
APP105494,751,69700.0,0.388,13.9,40,8,0,23000.0,2,Group B,Female,1
APP105495,681,64600.0,0.446,2.2,52,10,2,22700.0,1,Group A,Male,1
APP105496,724,27500.0,0.394,11.3,38,8,2,10200.0,2,Group B,Male,0
APP105497,601,116700.0,0.422,5.9,28,5,0,1000.0,4,Group A,Female,0
APP105498,691,81800.0,0.452,4.7,27,8,0,20400.0,1,Group A,Female,0
APP105499,717,72300.0,0.304,1.1,37,4,0,15900.0,1,Group A,Male,1
APP105500,547,76100.0,0.577,0.1,39,8,0,14500.0,2,Group A,Male,0
APP105501,756,117300.0,0.379,4.1,54,4,0,5500.0,5,Group A,Male,0
APP105502,599,95300.0,0.337,3.2,38,8,0,24700.0,1,Group A,Male,0
APP105503,694,76400.0,0.247,2.0,22,10,0,16300.0,3,Group A,Female,0
APP105504,796,51000.0,0.317,4.2,36,6,0,8700.0,5,Group B,Female,1
APP105505,742,54800.0,0.384,2.6,23,8,1,11800.0,3,Group A,Male,1
APP105506,583,24700.0,0.35,7.8,45,6,0,8200.0,3,Group A,Male,0
APP105507,668,59200.0,0.541,3.6,48,2,1,15100.0,1,Group A,Male,0
APP105508,760,83900.0,0.297,1.9,50,5,0,17900.0,4,Group B,Female,1
APP105509,627,83200.0,0.415,7.7,37,7,0,22300.0,1,Group A,Male,0
APP105510,657,82800.0,0.216,0.4,33,7,0,1500.0,4,Group A,Male,1
APP105511,655,55600.0,0.58,3.6,35,10,1,19200.0,1,Group A,Female,0
APP105512,717,81200.0,0.209,0.6,40,4,0,4000.0,3,Group A,Female,1
APP105513,580,87800.0,0.568,0.2,35,7,1,14100.0,2,Group A,Male,0
APP105514,721,18000.0,0.325,5.5,60,6,1,21700.0,3,Group A,Male,0
APP105515,640,75300.0,0.094,4.4,37,7,0,15900.0,1,Group B,Male,0
APP105516,679,117900.0,0.489,1.6,40,3,0,1000.0,3,Group A,Female,1
APP105517,665,61000.0,0.349,0.4,32,3,0,13700.0,1,Group A,Male,1
APP105518,719,18000.0,0.29,2.4,32,6,0,32000.0,2,Group A,Male,1
APP105519,679,48500.0,0.411,0.6,26,1,0,27200.0,4,Group A,Female,0
APP105520,774,24500.0,0.413,5.5,29,9,1,40000.0,2,Group A,Male,0
APP105521,744,52800.0,0.386,8.1,63,3,0,18600.0,2,Group A,Male,1
APP105522,628,38600.0,0.465,5.0,48,5,1,11400.0,3,Group A,Female,0
APP105523,769,90300.0,0.368,4.1,37,4,0,14300.0,2,Group A,Male,0
APP105524,701,86700.0,0.411,4.4,33,10,1,19400.0,4,Group A,Female,1
APP105525,691,76200.0,0.283,1.8,56,7,0,15300.0,3,Group B,Female,0
APP105526,735,97400.0,0.424,3.3,31,9,0,24300.0,5,Group A,Male,0
APP105527,612,54400.0,0.283,3.9,21,9,0,22800.0,4,Group A,Female,0
APP105528,590,69800.0,0.216,3.4,47,7,2,5000.0,4,Group B,Female,0
APP105529,682,120700.0,0.317,5.7,30,5,0,25800.0,4,Group B,Female,0
APP105530,641,82000.0,0.31,6.2,26,4,0,19500.0,3,Group A,Female,1
APP105531,815,82000.0,0.442,3.8,28,2,0,32200.0,5,Group B,Male,1
APP105532,630,49600.0,0.18,8.0,46,7,0,27100.0,1,Group A,Male,1
APP105533,683,58000.0,0.46,4.1,40,4,0,28000.0,1,Group A,Female,1
APP105534,692,43900.0,0.271,8.2,29,9,1,17300.0,5,Group B,Male,0
APP105535,760,108300.0,0.069,2.2,47,9,0,6200.0,5,Group B,Male,1
APP105536,615,30600.0,0.207,10.5,31,7,0,29800.0,3,Group A,Male,0
APP105537,575,89900.0,0.306,2.1,21,9,0,24800.0,1,Group A,Male,0
APP105538,771,81900.0,0.389,8.3,25,4,1,33300.0,2,Group A,Female,1
APP105539,685,29500.0,0.325,1.1,41,6,1,13700.0,3,Group A,Female,1
APP105540,733,95400.0,0.207,1.3,32,2,0,21200.0,5,Group B,Female,1
APP105541,736,61800.0,0.254,2.5,42,4,0,18500.0,1,Group A,Male,1
APP105542,747,36300.0,0.209,12.8,54,7,0,12300.0,2,Group A,Male,0
APP105543,655,76700.0,0.368,6.8,33,4,0,3200.0,2,Group A,Female,0
APP105544,638,48300.0,0.33,5.3,73,7,0,15100.0,3,Group A,Male,1
APP105545,550,63100.0,0.408,2.2,44,7,0,10900.0,1,Group A,Female,0
APP105546,615,55900.0,0.145,5.9,39,7,1,29400.0,2,Group B,Female,1
APP105547,684,46900.0,0.281,2.2,25,9,2,21300.0,4,Group A,Male,0
APP105548,634,39500.0,0.563,8.1,37,7,0,13600.0,2,Group A,Male,0
APP105549,606,87100.0,0.411,1.6,38,9,0,28800.0,1,Group A,Female,1
APP105550,683,75800.0,0.307,2.9,50,4,0,26200.0,2,Group A,Male,1
APP105551,767,74300.0,0.231,5.0,34,6,2,19600.0,1,Group A,Female,0
APP105552,676,59300.0,0.462,6.2,46,5,0,18100.0,2,Group A,Female,1
APP105553,606,69200.0,0.509,9.4,42,9,0,9600.0,2,Group A,Male,1
APP105554,763,50300.0,0.214,0.5,53,4,0,20100.0,1,Group A,Female,0
APP105555,630,49900.0,0.224,0.8,54,7,0,16800.0,5,Group B,Male,0
APP105556,776,109000.0,0.371,9.3,45,7,0,28900.0,4,Group A,Male,1
APP105557,663,89200.0,0.381,0.6,50,7,0,22300.0,4,Group A,Female,0
APP105558,687,54500.0,0.393,15.8,54,6,0,15400.0,1,Group A,Female,1
APP105559,781,32100.0,0.543,2.9,47,7,0,30000.0,3,Group A,Female,0
APP105560,592,27200.0,0.233,1.4,44,4,0,13200.0,3,Group B,Female,0
APP105561,612,52800.0,0.344,5.2,46,3,0,14400.0,4,Group A,Female,0
APP105562,659,70600.0,0.419,19.6,60,10,0,19300.0,4,Group A,Male,0
APP105563,671,70800.0,0.418,12.6,42,7,1,24100.0,3,Group A,Male,0
APP105564,850,71600.0,0.269,0.9,50,9,0,22200.0,5,Group B,Male,1
APP105565,622,76000.0,0.273,6.2,33,4,1,34800.0,2,Group A,Male,1
APP105566,595,43100.0,0.289,0.8,59,5,1,23700.0,1,Group A,Male,0
APP105567,619,104200.0,0.527,11.5,46,5,0,2200.0,2,Group A,Female,0
APP105568,695,63300.0,0.232,2.1,37,2,1,20400.0,1,Group A,Male,1
APP105569,712,75100.0,0.304,8.1,40,10,0,19300.0,2,Group B,Female,1
APP105570,634,52300.0,0.425,9.1,38,7,0,10500.0,2,Group A,Female,0
APP105571,681,75500.0,0.22,2.4,41,6,0,16800.0,1,Group A,Female,1
APP105572,806,117800.0,0.368,2.6,44,1,0,6600.0,3,Group A,Male,1
APP105573,682,44300.0,0.131,15.9,39,5,0,20900.0,4,Group B,Female,0
APP105574,701,41200.0,0.361,5.3,22,11,2,17300.0,3,Group A,Female,0
APP105575,803,47300.0,0.346,13.7,62,5,1,9600.0,2,Group A,Male,1
APP105576,635,60000.0,0.358,18.7,44,8,0,14000.0,3,Group B,Male,0
APP105577,630,55500.0,0.244,6.1,44,5,1,29100.0,1,Group A,Male,1
APP105578,649,43000.0,0.365,2.8,40,5,2,19300.0,3,Group B,Female,0
APP105579,646,66800.0,0.336,3.4,52,3,2,15600.0,4,Group B,Female,0
APP105580,562,105500.0,0.483,7.3,42,5,0,11900.0,1,Group B,Male,0
APP105581,689,64400.0,0.41,2.8,37,4,1,23700.0,5,Group A,Female,0
APP105582,694,65700.0,0.181,8.5,38,5,1,25700.0,2,Group A,Male,1
APP105583,668,76200.0,0.248,6.0,56,3,1,24900.0,3,Group B,Male,1
APP105584,696,83500.0,0.272,4.8,43,5,0,24100.0,1,Group B,Female,0
APP105585,697,101000.0,0.36,1.5,41,3,0,27700.0,4,Group B,Female,1
APP105586,594,73800.0,0.321,3.2,36,3,1,15300.0,4,Group A,Female,0
APP105587,699,67900.0,0.321,0.9,37,5,0,11700.0,1,Group A,Male,1
APP105588,716,44200.0,0.65,8.7,54,7,0,21500.0,3,Group A,Male,1
APP105589,576,85800.0,0.284,2.7,30,5,1,19300.0,1,Group A,Male,1
APP105590,775,47700.0,0.493,2.4,49,11,0,16100.0,3,Group A,Male,1
APP105591,600,47000.0,0.324,0.5,49,6,0,18800.0,4,Group B,Male,0
APP105592,606,72600.0,0.1,6.2,44,5,0,36200.0,1,Group A,Female,0
APP105593,693,105000.0,0.361,3.4,39,3,3,21400.0,3,Group A,Female,0
APP105594,715,85400.0,0.463,2.4,23,4,0,25000.0,5,Group A,Male,1
APP105595,731,67100.0,0.41,1.4,49,3,0,5300.0,2,Group A,Male,1
APP105596,716,44400.0,0.368,2.1,22,10,0,28900.0,4,Group B,Male,0
APP105597,646,104500.0,0.343,1.8,43,9,0,18800.0,5,Group A,Male,0
APP105598,687,66600.0,0.286,14.0,42,6,1,19600.0,1,Group A,Female,0
APP105599,659,61000.0,0.439,0.9,50,4,0,16100.0,2,Group A,Male,0
APP105600,691,81300.0,0.292,15.9,30,6,1,7400.0,2,Group A,Female,0
APP105601,684,57200.0,0.27,0.4,30,6,0,4200.0,1,Group A,Male,1
APP105602,647,49900.0,0.385,0.6,47,8,0,11000.0,4,Group B,Male,1
APP105603,657,52200.0,0.307,0.7,39,3,1,49800.0,3,Group B,Female,1
APP105604,560,52200.0,0.481,1.3,21,7,0,31900.0,1,Group A,Male,0
APP105605,734,40900.0,0.391,2.9,41,4,0,19500.0,2,Group A,Male,0
APP105606,699,38300.0,0.254,1.1,63,3,0,21700.0,4,Group A,Female,0
APP105607,530,91300.0,0.214,6.2,48,4,0,31700.0,1,Group A,Male,1
APP105608,732,84100.0,0.277,2.5,27,4,1,20100.0,3,Group A,Male,1
APP105609,677,48300.0,0.597,8.0,47,4,1,1000.0,5,Group B,Male,1
APP105610,619,89300.0,0.314,1.1,53,8,0,29600.0,1,Group A,Male,1
APP105611,613,75400.0,0.423,7.8,21,8,1,18600.0,2,Group B,Female,0
APP105612,635,60200.0,0.196,1.7,38,6,1,20100.0,1,Group A,Male,0
APP105613,619,38600.0,0.221,0.5,57,2,0,17800.0,3,Group A,Female,0
APP105614,628,76200.0,0.319,1.0,23,3,0,16100.0,2,Group A,Female,1
APP105615,791,112800.0,0.527,0.6,38,4,1,25300.0,3,Group A,Male,1
APP105616,704,68300.0,0.198,14.2,38,5,0,19400.0,5,Group A,Male,1
APP105617,812,92000.0,0.271,0.7,36,5,0,20100.0,5,Group B,Male,1
APP105618,695,62900.0,0.439,0.6,58,7,0,10400.0,5,Group A,Male,0
APP105619,718,90100.0,0.515,1.1,56,6,0,39000.0,1,Group A,Male,0
APP105620,623,64400.0,0.388,5.0,37,4,0,30000.0,1,Group A,Female,1
APP105621,669,18000.0,0.414,0.6,29,7,0,27300.0,1,Group A,Male,0
APP105622,675,50700.0,0.241,2.3,56,5,1,32500.0,4,Group A,Male,0
APP105623,720,71200.0,0.194,8.6,50,8,0,19500.0,3,Group A,Female,1
APP105624,677,94000.0,0.214,1.7,41,6,0,27400.0,5,Group A,Female,0
APP105625,703,64300.0,0.244,0.6,49,10,0,25800.0,3,Group A,Male,1
APP105626,701,68700.0,0.365,7.0,49,4,1,19400.0,1,Group B,Male,0
APP105627,660,53900.0,0.206,1.7,31,7,0,17500.0,1,Group B,Female,1
APP105628,654,105500.0,0.368,4.2,34,9,0,18100.0,5,Group A,Male,0
APP105629,637,104000.0,0.305,0.2,41,5,1,19900.0,4,Group A,Female,1
APP105630,750,51800.0,0.278,0.9,21,2,1,6500.0,3,Group A,Female,1
APP105631,660,31600.0,0.437,0.8,37,4,0,24000.0,4,Group A,Male,0
APP105632,701,24600.0,0.235,7.4,31,8,0,28900.0,1,Group A,Male,1
APP105633,670,82500.0,0.498,0.5,43,6,1,13200.0,4,Group A,Male,0
APP105634,749,71200.0,0.431,4.1,27,8,0,13700.0,5,Group A,Male,0
APP105635,551,49200.0,0.231,3.2,46,6,0,12100.0,3,Group A,Male,0
APP105636,700,74500.0,0.472,3.4,44,3,0,15000.0,1,Group A,Female,0
APP105637,598,38500.0,0.218,1.4,40,4,1,7900.0,4,Group B,Female,0
APP105638,705,87100.0,0.482,14.1,47,10,1,14200.0,5,Group A,Female,0
APP105639,670,58800.0,0.377,0.1,48,8,1,27400.0,4,Group A,Female,1
APP105640,584,42000.0,0.166,3.0,38,5,2,8500.0,3,Group A,Female,0
APP105641,702,59200.0,0.198,0.4,41,6,0,16400.0,5,Group B,Male,0
APP105642,695,58400.0,0.295,6.0,33,7,1,24800.0,5,Group B,Male,0
APP105643,665,76800.0,0.435,2.4,33,5,0,21600.0,4,Group A,Female,0
APP105644,673,96000.0,0.321,0.2,60,9,1,23500.0,1,Group A,Female,1
APP105645,690,94700.0,0.318,3.3,39,8,0,23000.0,1,Group A,Male,0
APP105646,757,71800.0,0.344,6.7,41,13,1,20000.0,2,Group A,Female,0
APP105647,660,63500.0,0.121,5.3,40,5,0,8000.0,2,Group A,Male,1
APP105648,746,54400.0,0.431,0.2,45,7,0,18900.0,2,Group A,Male,0
APP105649,678,25600.0,0.487,1.8,34,3,1,12500.0,4,Group A,Female,0
APP105650,764,67500.0,0.427,20.1,36,8,0,25700.0,1,Group B,Male,0
APP105651,665,47600.0,0.293,0.8,52,8,0,12300.0,3,Group A,Female,1
APP105652,637,97200.0,0.243,4.8,23,3,0,27200.0,1,Group A,Female,1
APP105653,609,63200.0,0.221,1.8,43,6,0,19100.0,4,Group A,Female,1
APP105654,678,85900.0,0.215,7.1,31,7,0,22600.0,1,Group A,Male,0
APP105655,628,56400.0,0.589,2.9,21,8,1,24000.0,3,Group A,Female,1
APP105656,771,51800.0,0.331,2.2,40,6,0,30600.0,4,Group B,Male,1
APP105657,623,82500.0,0.44,15.4,27,7,1,26300.0,3,Group B,Female,0
APP105658,635,74700.0,0.433,6.9,25,7,0,15000.0,1,Group A,Male,1
APP105659,718,75700.0,0.356,14.4,72,5,2,24800.0,4,Group B,Female,0
APP105660,757,65700.0,0.238,9.0,48,3,0,22500.0,2,Group A,Female,0
APP105661,728,86900.0,0.397,2.9,48,6,1,26800.0,1,Group A,Male,1
APP105662,749,83500.0,0.221,8.9,40,7,0,19700.0,1,Group A,Male,1
APP105663,675,18000.0,0.406,2.4,27,4,0,32400.0,3,Group A,Male,0
APP105664,676,61800.0,0.226,6.9,39,3,0,20600.0,1,Group A,Female,0
APP105665,811,92400.0,0.292,12.0,37,8,0,5000.0,4,Group B,Female,1
APP105666,790,43500.0,0.292,23.6,21,4,0,19800.0,2,Group A,Female,0
APP105667,726,27400.0,0.494,18.3,62,11,0,11400.0,4,Group B,Female,1
APP105668,752,64700.0,0.072,5.8,40,7,2,15300.0,2,Group A,Male,1
APP105669,736,80500.0,0.596,3.4,31,2,0,18100.0,3,Group B,Female,1
APP105670,602,56900.0,0.251,5.2,42,1,1,23400.0,3,Group A,Male,0
APP105671,677,99000.0,0.326,4.8,24,4,2,15500.0,1,Group B,Female,1
APP105672,777,112200.0,0.385,19.5,30,4,0,32500.0,2,Group A,Male,1
APP105673,727,21800.0,0.376,1.4,59,12,0,19700.0,1,Group A,Female,1
APP105674,676,58800.0,0.433,14.3,35,7,0,16800.0,3,Group A,Male,0
APP105675,778,18000.0,0.407,12.6,41,7,0,27900.0,4,Group B,Male,1
APP105676,704,83900.0,0.564,2.7,42,9,0,21500.0,4,Group A,Male,1
APP105677,729,51700.0,0.42,1.5,39,8,0,6100.0,3,Group A,Female,0
APP105678,704,56600.0,0.327,,35,8,0,9000.0,2,Group B,Male,0
APP105679,715,95600.0,0.279,4.2,68,7,0,34500.0,2,Group A,Male,0
APP105680,720,36100.0,0.276,4.6,32,3,1,18900.0,5,Group B,Male,0
APP105681,764,30100.0,0.482,2.4,30,6,1,18500.0,2,Group A,Male,0
APP105682,773,18000.0,0.533,12.3,47,5,0,30300.0,2,Group A,Female,0
APP105683,651,98500.0,0.45,5.4,26,9,1,18800.0,4,Group A,Female,0
APP105684,703,92900.0,0.02,11.0,53,4,2,15700.0,3,Group A,Female,0
APP105685,763,60900.0,0.093,4.5,39,2,1,19000.0,2,Group A,Female,1
APP105686,671,37400.0,0.339,1.3,43,6,0,15800.0,1,Group A,Male,1
APP105687,595,88000.0,0.322,2.9,45,4,0,18100.0,1,Group A,Male,0
APP105688,621,134100.0,0.342,3.8,37,5,1,19800.0,5,Group B,Female,0
APP105689,625,62300.0,0.478,2.8,52,6,0,22700.0,4,Group B,Female,0
APP105690,650,39100.0,0.472,15.6,49,5,0,16900.0,1,Group A,Male,0
APP105691,631,97800.0,0.359,5.2,47,4,0,18400.0,1,Group A,Female,0
APP105692,747,40800.0,0.172,1.1,23,3,0,19200.0,5,Group A,Male,1
APP105693,662,59200.0,0.205,6.8,37,8,0,40300.0,2,Group B,Male,0
APP105694,762,18000.0,0.347,3.7,40,5,0,22900.0,4,Group B,Male,1
APP105695,607,60700.0,0.386,4.1,62,4,0,1000.0,5,Group A,Female,0
APP105696,657,37300.0,0.206,12.3,24,4,0,17300.0,2,Group A,Female,1
APP105697,687,98200.0,0.413,3.3,33,8,1,7100.0,4,Group B,Female,0
APP105698,733,44600.0,0.147,2.0,54,3,1,15600.0,4,Group B,Female,0
APP105699,754,86700.0,0.047,5.2,30,6,1,15900.0,2,Group A,Female,1
APP105700,645,65500.0,0.244,0.5,33,6,1,4200.0,3,Group B,Male,1
APP105701,745,71000.0,0.491,1.0,61,4,2,34800.0,5,Group A,Female,1
APP105702,571,80500.0,0.507,9.1,45,9,1,19700.0,1,Group A,Male,0
APP105703,737,66700.0,0.165,7.2,51,8,0,27700.0,3,Group B,Male,0
APP105704,593,52500.0,0.173,1.0,50,6,1,12300.0,4,Group A,Male,1
APP105705,709,48500.0,0.424,3.0,42,8,0,18000.0,2,Group A,Male,0
APP105706,753,80200.0,0.292,2.3,42,8,0,24800.0,2,Group B,Female,1
APP105707,738,22400.0,0.49,12.3,52,7,0,7300.0,2,Group B,Male,0
APP105708,573,108300.0,0.422,5.4,31,10,1,41700.0,4,Group A,Male,0
APP105709,651,71200.0,0.441,4.3,62,4,0,29300.0,3,Group A,Female,0
APP105710,727,59900.0,0.25,2.3,35,11,0,20200.0,5,Group B,Female,0
APP105711,725,74400.0,0.389,10.6,53,6,0,13000.0,2,Group A,Male,1
APP105712,698,53700.0,0.562,3.3,47,4,1,20200.0,4,Group B,Male,1
APP105713,537,63700.0,0.356,3.9,34,6,1,1000.0,5,Group B,Male,1
APP105714,758,40800.0,0.335,5.6,47,4,0,21700.0,3,Group A,Female,0
APP105715,769,77000.0,0.292,0.3,43,4,1,31700.0,3,Group A,Female,1
APP105716,691,66100.0,0.164,3.1,21,7,0,5300.0,2,Group B,Male,0
APP105717,695,72500.0,0.219,5.5,40,4,0,13100.0,5,Group B,Female,1
APP105718,713,103600.0,0.242,3.8,26,10,0,10200.0,1,Group A,Female,1
APP105719,775,48700.0,0.159,1.0,47,5,0,28600.0,2,Group A,Female,0
APP105720,696,64900.0,0.17,0.1,39,5,2,22900.0,4,Group B,Male,0
APP105721,668,28400.0,0.071,0.5,52,2,0,13000.0,1,Group A,Female,0
APP105722,705,81200.0,0.254,12.1,33,5,0,18100.0,3,Group A,Female,0
APP105723,679,67600.0,0.414,0.9,25,4,0,19700.0,4,Group B,Male,1
APP105724,680,68400.0,0.305,5.7,28,8,0,7700.0,5,Group B,Male,1
APP105725,565,64200.0,0.306,0.7,65,6,1,8600.0,2,Group B,Male,0
APP105726,714,54100.0,0.424,4.0,75,6,1,13900.0,1,Group A,Male,1
APP105727,756,127900.0,0.526,2.0,65,9,0,10200.0,5,Group A,Female,1
APP105728,746,68900.0,0.59,4.2,23,4,0,17100.0,3,Group B,Female,1
APP105729,742,75100.0,0.356,10.8,24,4,0,11000.0,2,Group A,Male,1
APP105730,677,40700.0,0.309,2.9,28,7,2,19600.0,2,Group A,Female,0
APP105731,689,89200.0,0.295,1.0,50,5,0,17600.0,2,Group B,Male,1
APP105732,757,65000.0,0.405,0.8,66,8,1,23800.0,5,Group B,Female,0
APP105733,736,78700.0,0.323,1.7,52,3,0,20700.0,3,Group B,Male,1
APP105734,777,89700.0,0.323,2.0,43,5,0,1000.0,5,Group A,Female,1
APP105735,636,65500.0,0.33,12.7,30,2,1,14100.0,4,Group B,Female,0
APP105736,636,51800.0,0.236,8.6,38,8,0,22600.0,1,Group A,Female,1
APP105737,658,18000.0,0.083,0.2,42,4,0,29300.0,3,Group A,Female,1
APP105738,619,58700.0,0.266,2.9,52,5,0,28800.0,1,Group B,Male,1
APP105739,594,51600.0,0.5,12.8,35,1,0,29900.0,2,Group A,Female,0
APP105740,710,40600.0,0.495,11.7,46,5,0,19300.0,5,Group B,Female,0
APP105741,706,102900.0,0.443,2.6,44,8,1,28300.0,3,Group A,Male,1
APP105742,696,91600.0,0.286,1.9,42,2,0,35100.0,3,Group B,Female,0
APP105743,703,24100.0,0.253,0.3,36,5,0,25800.0,2,Group B,Male,0
APP105744,585,71700.0,0.519,5.3,42,6,1,21100.0,4,Group B,Male,0
APP105745,649,48400.0,0.221,0.5,40,7,0,23200.0,3,Group A,Female,0
APP105746,661,76800.0,0.344,4.6,32,3,0,1000.0,5,Group A,Male,0
APP105747,683,48800.0,0.526,11.6,52,6,0,14100.0,1,Group B,Male,1
APP105748,585,55100.0,0.354,3.5,60,5,0,1000.0,3,Group B,Male,0
APP105749,620,91100.0,0.308,1.4,43,4,0,17500.0,4,Group B,Female,0
APP105750,652,87700.0,0.468,2.7,40,10,0,10400.0,2,Group A,Female,1
APP105751,749,104200.0,0.348,,50,8,2,3700.0,2,Group A,Male,1
APP105752,697,62800.0,0.362,2.2,43,10,0,22200.0,5,Group B,Female,0
APP105753,746,33100.0,0.507,1.9,55,5,0,11800.0,3,Group B,Female,0
APP105754,672,90100.0,0.06,13.1,42,5,0,16600.0,2,Group A,Female,1
APP105755,680,90300.0,0.379,3.0,48,6,0,21800.0,4,Group A,Female,0
APP105756,712,83100.0,0.256,8.3,62,7,0,4700.0,2,Group A,Female,0
APP105757,668,50100.0,0.317,9.0,56,9,1,24600.0,4,Group A,Male,1
APP105758,639,42300.0,0.352,1.1,39,7,0,18500.0,1,Group A,Male,1
APP105759,583,80900.0,0.266,5.0,54,2,1,22600.0,1,Group A,Female,0
APP105760,641,46700.0,0.365,4.8,28,6,1,11100.0,3,Group A,Male,1
APP105761,734,60600.0,0.382,0.6,39,4,0,27700.0,3,Group B,Male,1
APP105762,762,137800.0,0.362,1.8,51,9,0,18200.0,4,Group B,Male,1
APP105763,630,119100.0,0.352,0.7,59,7,0,19600.0,3,Group B,Male,1
APP105764,567,87000.0,0.327,9.9,32,2,2,14500.0,1,Group A,Female,1
APP105765,740,52100.0,0.329,3.9,41,3,1,5000.0,2,Group A,Male,0
APP105766,685,50700.0,0.349,8.5,41,9,1,18700.0,2,Group A,Female,0
APP105767,592,85200.0,0.236,8.7,40,6,0,23500.0,3,Group A,Female,0
APP105768,478,103900.0,0.48,1.9,26,6,1,16400.0,1,Group A,Male,0
APP105769,617,55700.0,0.33,3.8,47,6,0,9500.0,5,Group B,Male,0
APP105770,650,57000.0,0.296,1.3,26,12,0,14300.0,2,Group B,Male,1
APP105771,605,70100.0,0.384,24.6,55,1,0,23000.0,2,Group B,Male,1
APP105772,725,34700.0,0.327,10.3,57,3,1,25400.0,3,Group A,Male,0
APP105773,627,35400.0,0.477,7.5,33,4,1,26500.0,1,Group A,Female,0
APP105774,681,39800.0,0.438,1.6,26,5,0,27000.0,4,Group A,Male,1
APP105775,834,81100.0,0.35,7.4,41,3,1,8500.0,1,Group A,Male,1
APP105776,688,74500.0,0.443,12.8,35,6,0,21800.0,2,Group B,Male,1
APP105777,672,95300.0,0.366,0.3,38,9,0,19800.0,2,Group A,Male,1
APP105778,674,26300.0,0.213,4.0,42,5,0,15000.0,2,Group B,Male,1
APP105779,723,31600.0,0.438,6.3,30,3,1,1900.0,2,Group A,Female,0
APP105780,715,78900.0,0.131,5.8,61,5,0,14400.0,4,Group B,Male,1
APP105781,615,47100.0,0.02,4.6,33,6,0,33900.0,1,Group B,Female,1
APP105782,653,48800.0,0.417,2.5,52,9,0,21100.0,1,Group A,Female,0
APP105783,637,92300.0,0.389,10.3,30,4,0,16300.0,5,Group B,Female,0
APP105784,662,54700.0,0.381,0.6,42,3,0,10100.0,2,Group A,Female,0
APP105785,799,57500.0,0.493,4.5,46,5,0,23800.0,4,Group B,Male,1
APP105786,720,62000.0,0.337,7.6,43,4,1,32800.0,4,Group B,Female,1
APP105787,675,63500.0,0.298,0.2,38,10,1,23400.0,5,Group B,Male,0
APP105788,761,84400.0,0.428,5.5,35,5,3,7300.0,2,Group B,Female,1
APP105789,692,39000.0,0.261,2.3,36,4,0,9400.0,1,Group A,Male,1
APP105790,574,63500.0,0.314,6.0,33,3,0,7600.0,5,Group B,Female,1
APP105791,788,95900.0,0.368,9.9,45,5,0,37000.0,1,Group B,Female,1
APP105792,670,119200.0,0.377,9.0,63,10,0,20400.0,2,Group A,Female,1
APP105793,533,35400.0,0.303,4.2,45,7,0,24500.0,1,Group A,Male,0
APP105794,576,75900.0,0.286,3.3,48,5,1,21400.0,3,Group B,Female,0
APP105795,753,63400.0,0.217,0.2,54,3,2,21900.0,2,Group A,Female,0
APP105796,577,65600.0,0.253,3.2,36,8,0,11300.0,5,Group A,Male,1
APP105797,768,49100.0,0.54,2.6,21,7,0,9000.0,4,Group B,Male,0
APP105798,685,86100.0,0.311,0.3,41,7,0,7600.0,1,Group A,Male,0
APP105799,726,84900.0,0.361,17.2,51,8,0,17900.0,3,Group A,Male,1
APP105800,663,128500.0,0.176,3.4,65,5,0,13700.0,3,Group A,Female,1
APP105801,714,36300.0,0.622,1.1,29,6,0,13300.0,4,Group A,Male,0
APP105802,701,26100.0,0.245,4.2,54,5,1,18900.0,4,Group B,Female,0
APP105803,677,117300.0,0.211,1.7,44,4,1,3200.0,3,Group A,Female,1
APP105804,611,66800.0,0.333,19.7,36,10,0,7000.0,1,Group A,Female,1
APP105805,703,57000.0,0.242,9.5,28,8,0,28000.0,3,Group B,Female,0
APP105806,562,72500.0,0.38,0.9,34,8,0,30200.0,5,Group B,Female,0
APP105807,741,34500.0,0.174,2.7,48,6,1,32000.0,3,Group B,Male,1
APP105808,693,77000.0,0.465,0.0,56,7,0,15400.0,1,Group A,Male,0
APP105809,710,66100.0,0.443,5.9,21,5,0,17300.0,5,Group B,Female,0
APP105810,510,93800.0,0.327,7.6,47,8,0,28000.0,4,Group A,Female,0
APP105811,607,88600.0,0.158,12.0,34,7,0,3800.0,4,Group A,Male,1
APP105812,647,90600.0,0.251,7.3,35,10,0,16100.0,2,Group A,Female,1
APP105813,724,72600.0,0.347,0.7,46,4,1,21800.0,3,Group B,Female,0
APP105814,619,106500.0,0.207,1.1,64,6,1,15500.0,4,Group A,Male,1
APP105815,846,81800.0,0.225,8.7,32,4,0,27900.0,1,Group B,Female,1
APP105816,663,55200.0,0.455,11.9,40,7,1,18900.0,3,Group A,Female,0
APP105817,614,48600.0,0.357,3.7,22,8,0,7000.0,1,Group A,Male,1
APP105818,668,51300.0,0.354,3.9,46,9,0,14400.0,2,Group A,Male,0
APP105819,618,82100.0,0.398,4.0,33,5,1,9900.0,2,Group A,Male,0
APP105820,603,36000.0,0.322,5.6,60,3,0,27400.0,4,Group B,Female,0
APP105821,746,71700.0,0.333,12.1,45,2,0,25300.0,3,Group B,Male,1
APP105822,713,48000.0,0.39,1.7,38,6,0,24800.0,3,Group B,Female,1
APP105823,714,37900.0,0.429,2.4,38,4,0,24700.0,4,Group A,Female,0
APP105824,763,41800.0,0.395,2.8,45,6,1,26100.0,2,Group A,Female,0
APP105825,712,67400.0,0.501,9.9,49,6,0,38900.0,4,Group A,Male,0
APP105826,611,86300.0,0.343,13.2,27,5,0,15800.0,4,Group B,Male,0
APP105827,726,51800.0,0.192,3.6,39,5,0,18200.0,2,Group A,Male,1
APP105828,607,18200.0,0.46,0.3,41,5,0,18100.0,2,Group A,Male,1
APP105829,649,143700.0,0.313,2.9,44,10,0,20500.0,1,Group B,Male,0
APP105830,677,94800.0,0.255,5.7,57,5,1,21000.0,3,Group A,Male,0
APP105831,670,90400.0,0.418,0.7,24,3,0,32000.0,1,Group A,Male,0
APP105832,564,107100.0,0.381,2.3,52,4,0,31900.0,2,Group A,Female,1
APP105833,617,70200.0,0.199,4.9,45,2,0,20300.0,1,Group A,Male,0
APP105834,679,64800.0,0.414,13.5,35,3,0,26100.0,3,Group A,Male,1
APP105835,640,100500.0,0.546,3.0,51,2,0,4700.0,4,Group A,Female,1
APP105836,753,100400.0,0.376,8.4,36,5,0,23500.0,3,Group B,Female,0
APP105837,764,82800.0,0.312,23.2,21,7,2,35300.0,2,Group A,Female,1
APP105838,607,89200.0,0.156,2.1,21,5,0,1000.0,2,Group A,Female,1
APP105839,684,38300.0,0.566,17.8,26,7,1,25700.0,3,Group A,Male,0
APP105840,783,61800.0,0.283,10.2,34,5,2,26900.0,1,Group A,Female,1
APP105841,671,108900.0,0.185,0.3,43,7,0,17300.0,2,Group A,Female,1
APP105842,654,87300.0,0.352,0.8,48,10,0,25100.0,4,Group A,Female,0
APP105843,736,32900.0,0.451,11.4,38,5,0,14900.0,2,Group A,Female,0
APP105844,662,55300.0,0.476,4.2,24,5,1,34500.0,3,Group A,Male,1
APP105845,763,105000.0,0.266,5.2,36,7,1,27500.0,4,Group B,Male,1
APP105846,641,78900.0,0.329,2.9,38,9,0,21900.0,3,Group B,Female,0
APP105847,649,72400.0,0.34,5.5,62,9,0,6600.0,1,Group A,Male,0
APP105848,731,73100.0,0.447,5.9,48,8,1,12300.0,1,Group A,Male,0
APP105849,687,66000.0,0.405,3.4,21,6,0,1000.0,3,Group B,Male,0
APP105850,687,55400.0,0.37,0.3,37,6,0,18200.0,1,Group B,Male,0
APP105851,556,48000.0,0.441,5.9,49,9,2,21500.0,4,Group B,Male,0
APP105852,657,92200.0,0.19,4.3,41,4,0,16000.0,1,Group A,Male,1
APP105853,736,73700.0,0.386,9.7,22,10,1,15800.0,1,Group A,Female,1
APP105854,629,85000.0,0.364,1.0,51,6,0,14900.0,3,Group A,Male,0
APP105855,726,81100.0,0.334,3.4,45,9,0,10700.0,3,Group B,Male,1
APP105856,697,101800.0,0.313,3.7,39,3,1,16000.0,3,Group A,Male,1
APP105857,667,78900.0,0.355,2.1,31,3,0,20900.0,3,Group A,Female,1
APP105858,768,87800.0,0.277,14.2,53,4,1,3100.0,1,Group A,Female,1
APP105859,658,72000.0,0.64,0.4,21,4,0,32100.0,3,Group A,Female,0
APP105860,662,45300.0,0.489,7.3,22,6,1,14900.0,4,Group A,Female,0
APP105861,666,62600.0,0.46,4.3,32,3,0,12400.0,4,Group A,Female,0
APP105862,685,82200.0,0.282,5.8,45,6,1,26400.0,1,Group A,Female,1
APP105863,730,84300.0,0.235,0.3,25,7,0,28800.0,4,Group B,Female,1
APP105864,584,102800.0,0.317,2.4,34,10,1,34500.0,5,Group A,Male,0
APP105865,736,57000.0,0.353,0.0,37,5,2,30900.0,3,Group A,Female,1
APP105866,684,73400.0,0.181,3.1,45,7,0,6500.0,4,Group B,Male,1
APP105867,716,64900.0,0.393,3.2,38,8,0,22100.0,1,Group B,Female,1
APP105868,835,107000.0,0.459,7.8,38,7,0,27000.0,3,Group A,Male,1
APP105869,647,77000.0,0.094,1.9,33,4,0,26000.0,4,Group A,Male,1
APP105870,600,77500.0,0.241,8.1,54,9,0,5100.0,5,Group A,Male,0
APP105871,693,67100.0,0.475,0.6,49,4,0,11600.0,4,Group A,Female,0
APP105872,703,62600.0,0.381,0.3,48,4,0,12300.0,2,Group A,Female,1
APP105873,737,33200.0,0.245,2.6,32,8,1,25500.0,3,Group A,Male,0
APP105874,645,37700.0,0.421,11.1,35,2,0,14100.0,1,Group A,Male,0
APP105875,626,72300.0,0.275,8.1,47,10,0,23700.0,1,Group A,Male,1
APP105876,580,69300.0,0.314,9.4,34,7,0,16900.0,1,Group A,Female,1
APP105877,591,72400.0,0.215,1.9,30,4,0,25700.0,5,Group A,Male,0
APP105878,653,90600.0,0.342,2.9,44,3,0,20900.0,4,Group B,Male,1
APP105879,672,70200.0,0.452,4.3,25,9,0,22000.0,2,Group A,Female,0
APP105880,814,59600.0,0.287,1.5,38,11,1,1900.0,2,Group A,Female,1
APP105881,570,63000.0,0.411,1.1,52,6,1,10900.0,2,Group A,Female,0
APP105882,702,73900.0,0.335,4.3,43,9,1,25200.0,2,Group B,Female,0
APP105883,633,58900.0,0.459,2.6,28,7,0,16200.0,3,Group B,Female,0
APP105884,694,93500.0,0.289,0.4,47,5,0,9300.0,2,Group A,Male,1
APP105885,644,67700.0,0.511,3.8,34,3,1,5700.0,2,Group A,Male,1
APP105886,747,74000.0,0.415,0.8,51,4,2,3000.0,4,Group A,Female,1
APP105887,747,48400.0,0.367,4.2,47,11,0,22700.0,3,Group A,Male,0
APP105888,673,93600.0,0.371,20.0,37,2,0,36700.0,4,Group B,Female,1
APP105889,774,102500.0,0.289,22.2,32,4,0,3100.0,2,Group A,Male,1
APP105890,729,35300.0,0.282,2.1,31,7,0,22300.0,4,Group B,Male,0
APP105891,771,77600.0,0.369,3.9,72,7,1,15900.0,2,Group A,Male,1
APP105892,677,65400.0,0.208,9.1,21,10,0,17300.0,5,Group A,Female,0
APP105893,742,74800.0,0.274,2.9,21,6,0,20600.0,3,Group B,Female,1
APP105894,630,78900.0,0.237,9.9,54,1,0,4900.0,1,Group A,Male,1
APP105895,623,18000.0,0.403,3.8,52,6,1,19300.0,4,Group B,Male,0
APP105896,822,86200.0,0.405,6.8,45,3,0,34500.0,5,Group A,Male,1
APP105897,609,94700.0,0.479,13.3,21,2,1,21200.0,5,Group B,Male,0
APP105898,652,97400.0,0.303,5.9,47,10,1,19800.0,3,Group A,Male,1
APP105899,557,45300.0,0.251,3.6,29,9,1,19900.0,2,Group A,Female,0
APP105900,625,67300.0,0.178,5.4,40,4,1,17200.0,1,Group B,Male,0
APP105901,615,55100.0,0.37,3.6,46,8,0,25900.0,2,Group A,Male,0
APP105902,636,22000.0,0.494,0.9,47,3,1,29400.0,5,Group A,Male,0
APP105903,699,53100.0,0.332,7.0,33,5,0,16200.0,5,Group B,Male,0
APP105904,715,42000.0,0.343,11.5,56,5,0,5700.0,4,Group A,Male,1
APP105905,615,76000.0,0.339,3.4,51,4,1,27500.0,2,Group B,Female,0
APP105906,629,28800.0,0.368,3.5,29,6,1,17700.0,3,Group A,Female,0
APP105907,750,44500.0,0.45,3.0,35,2,1,16700.0,3,Group A,Female,1
APP105908,791,55500.0,0.551,2.5,32,4,0,27300.0,3,Group A,Male,0
APP105909,762,86500.0,0.395,1.0,40,3,0,16900.0,5,Group A,Female,1
APP105910,573,134700.0,0.402,2.8,49,6,0,28800.0,5,Group B,Female,0
APP105911,757,75300.0,0.314,4.3,21,11,1,30300.0,3,Group A,Female,0
APP105912,800,43200.0,0.328,0.4,21,7,0,28700.0,1,Group A,Female,0
APP105913,570,51700.0,0.327,13.7,31,4,0,22700.0,5,Group A,Male,0
APP105914,750,83800.0,0.3,0.3,57,7,0,18900.0,2,Group A,Female,1
APP105915,695,35700.0,0.354,20.9,44,5,0,15100.0,2,Group A,Female,1
APP105916,659,94300.0,0.409,19.6,60,14,0,9500.0,3,Group B,Female,0
APP105917,687,74600.0,0.347,7.3,39,4,0,30500.0,3,Group B,Female,0
APP105918,709,65000.0,0.309,2.9,31,3,0,19300.0,3,Group B,Female,1
APP105919,755,27600.0,0.354,2.5,21,2,0,13800.0,2,Group A,Male,0
APP105920,752,90100.0,0.234,0.9,31,5,0,23900.0,1,Group A,Female,1
APP105921,582,49700.0,0.428,0.5,34,8,0,31700.0,5,Group A,Female,1
APP105922,638,71700.0,0.295,5.9,21,6,0,20100.0,4,Group B,Female,1
APP105923,686,64200.0,0.213,1.9,31,10,1,27800.0,2,Group A,Female,0
APP105924,782,30000.0,0.391,2.5,31,9,0,28900.0,5,Group A,Male,0
APP105925,503,62500.0,0.396,3.7,41,7,0,19600.0,2,Group A,Male,0
APP105926,640,39000.0,0.245,2.8,40,4,0,16100.0,5,Group B,Male,0
APP105927,581,52400.0,0.409,1.4,45,2,0,27100.0,5,Group B,Female,0
APP105928,591,78400.0,0.41,5.9,22,5,0,21200.0,5,Group B,Female,0
APP105929,744,84900.0,0.557,4.4,27,7,0,20900.0,3,Group A,Female,1
APP105930,645,67600.0,0.314,0.5,52,5,0,17900.0,5,Group B,Female,0
APP105931,528,46800.0,0.334,2.7,38,4,0,20800.0,2,Group A,Female,0
APP105932,670,52500.0,0.273,9.1,51,9,1,14300.0,1,Group A,Male,0
APP105933,812,52000.0,0.394,2.5,39,3,0,14200.0,5,Group A,Female,0
APP105934,563,18000.0,0.339,28.3,43,7,1,38100.0,1,Group A,Female,1
APP105935,715,69800.0,0.449,3.8,47,5,0,17800.0,2,Group A,Female,1
APP105936,782,28000.0,0.292,5.6,34,6,0,25200.0,1,Group A,Female,1
APP105937,677,69800.0,0.392,3.0,33,7,0,15600.0,3,Group A,Female,1
APP105938,805,33000.0,0.314,5.3,33,6,0,30700.0,2,Group A,Male,0
APP105939,637,39000.0,0.137,11.3,40,11,2,21700.0,3,Group B,Female,0
APP105940,774,84000.0,0.409,2.4,48,4,2,17100.0,4,Group B,Female,0
APP105941,759,68600.0,0.148,2.6,36,6,0,1500.0,1,Group A,Male,1
APP105942,678,22800.0,0.322,1.4,55,3,0,13000.0,1,Group A,Male,1
APP105943,583,54600.0,0.324,17.8,62,2,1,25500.0,2,Group B,Male,0
APP105944,615,74300.0,0.339,0.7,30,10,0,1000.0,3,Group A,Male,1
APP105945,528,53100.0,0.345,0.3,55,8,1,10500.0,4,Group A,Female,0
APP105946,719,59800.0,0.344,0.5,41,5,0,1000.0,2,Group A,Male,0
APP105947,711,73900.0,0.38,8.7,46,5,0,1000.0,2,Group A,Male,0
APP105948,685,69100.0,0.328,8.2,39,7,1,20600.0,1,Group A,Female,0
APP105949,672,44200.0,0.628,3.1,56,4,0,6700.0,4,Group A,Male,0
APP105950,768,68500.0,0.302,1.8,45,1,1,21000.0,5,Group A,Female,1
APP105951,699,61100.0,0.206,4.0,37,4,1,28100.0,3,Group A,Male,1
APP105952,644,109400.0,0.185,1.5,36,4,0,15600.0,1,Group A,Male,0
APP105953,690,65500.0,0.412,0.8,27,9,1,17900.0,2,Group A,Female,0
APP105954,813,71200.0,0.165,3.0,34,6,0,12400.0,5,Group A,Female,1
APP105955,720,74200.0,0.207,2.4,56,4,0,20600.0,1,Group A,Female,0
APP105956,655,60300.0,0.191,1.6,54,6,0,18100.0,3,Group A,Female,0
APP105957,677,50700.0,0.39,2.1,33,6,0,6800.0,5,Group A,Male,1
APP105958,710,79000.0,0.486,2.4,28,5,0,13900.0,4,Group A,Female,0
APP105959,653,79200.0,0.236,1.8,52,7,0,30000.0,3,Group A,Male,0
APP105960,647,118000.0,0.386,3.4,46,5,0,30100.0,2,Group A,Male,0
APP105961,679,85800.0,0.05,0.3,21,5,3,19200.0,5,Group A,Male,1
APP105962,779,86200.0,0.258,0.0,75,8,1,1000.0,2,Group A,Female,1
APP105963,731,85200.0,0.406,2.5,41,2,2,26100.0,4,Group A,Male,0
APP105964,653,51400.0,0.306,9.3,61,5,1,6200.0,4,Group B,Male,0
APP105965,736,37800.0,0.449,5.2,43,7,0,12900.0,3,Group A,Male,1
APP105966,681,43900.0,0.094,2.4,29,6,1,18500.0,4,Group B,Female,1
APP105967,702,84500.0,0.259,2.9,43,5,0,31700.0,3,Group A,Male,0
APP105968,696,102100.0,0.39,0.5,23,4,1,15800.0,2,Group A,Male,0
APP105969,543,85600.0,0.388,2.0,39,1,1,23700.0,2,Group B,Male,0
APP105970,482,64000.0,0.397,4.7,28,5,0,2600.0,4,Group A,Female,0
APP105971,695,108200.0,0.363,6.5,39,7,0,20200.0,3,Group A,Male,1
APP105972,625,57400.0,0.214,15.9,44,8,0,27200.0,1,Group A,Female,0
APP105973,573,40400.0,0.254,1.7,45,4,0,14500.0,4,Group B,Male,0
APP105974,627,74100.0,0.595,1.3,23,6,1,16700.0,5,Group B,Male,1
APP105975,740,99000.0,0.201,10.6,33,6,0,31200.0,4,Group A,Male,1
APP105976,703,47700.0,0.184,14.9,21,5,1,14800.0,5,Group B,Male,1
APP105977,730,27100.0,0.415,5.5,48,6,0,22000.0,5,Group A,Male,1
APP105978,709,68900.0,0.223,2.7,43,7,1,10800.0,4,Group A,Male,1
APP105979,620,86500.0,0.537,2.2,27,9,0,17400.0,1,Group A,Female,0
APP105980,730,18000.0,0.641,1.9,58,8,1,8500.0,5,Group A,Male,1
APP105981,718,91500.0,0.313,4.6,47,11,0,4000.0,2,Group A,Male,1
APP105982,672,35200.0,0.374,0.9,40,3,0,13700.0,3,Group B,Male,0
APP105983,684,85400.0,0.139,3.0,35,7,0,28700.0,3,Group A,Male,0
APP105984,732,20100.0,0.453,6.0,33,8,1,20400.0,3,Group A,Male,1
APP105985,631,32600.0,0.094,2.3,32,6,0,24900.0,2,Group A,Male,0
APP105986,751,82800.0,0.193,4.4,55,5,0,7900.0,1,Group A,Male,0
APP105987,717,97200.0,0.353,1.7,44,3,0,37100.0,1,Group A,Male,1
APP105988,680,67800.0,0.4,5.2,28,5,0,26700.0,4,Group B,Female,0
APP105989,780,125500.0,0.177,23.0,57,9,0,9200.0,4,Group A,Female,1
APP105990,596,43500.0,0.28,4.4,40,6,1,13800.0,1,Group A,Female,0
APP105991,650,43200.0,0.157,0.1,30,7,0,4200.0,4,Group B,Male,1
APP105992,636,60700.0,0.305,9.5,65,10,0,3200.0,5,Group B,Female,0
APP105993,703,59600.0,0.252,5.0,28,4,0,21600.0,4,Group B,Male,0
APP105994,757,74800.0,0.27,2.1,31,4,1,1000.0,1,Group A,Male,1
APP105995,616,50200.0,0.412,4.3,41,7,0,19100.0,1,Group A,Female,0
APP105996,850,81600.0,0.371,11.3,45,6,0,11400.0,3,Group A,Male,1
APP105997,637,81000.0,0.402,3.7,32,7,0,22900.0,5,Group B,Male,0
APP105998,703,106700.0,0.326,7.4,21,10,1,19000.0,3,Group B,Female,0
APP105999,680,56200.0,0.419,2.7,41,8,1,5200.0,3,Group B,Female,0
